# Blender 5.0.1
# www.blender.org
o 1_cactus
v 0.065933 -0.892217 0.065933
v -0.065933 -0.892217 0.065933
v -0.065933 -0.892217 -0.065933
v 0.065933 -0.892217 -0.065933
v 0.138312 -0.068082 0.138312
v -0.138312 -0.068082 0.138312
v -0.138312 -0.068082 -0.138312
v 0.138312 -0.068082 -0.138312
v 0.171448 2.756097 0.171448
v -0.171448 2.756097 0.171448
v -0.171448 2.756097 -0.171448
v 0.171448 2.756097 -0.171448
v 0.089857 1.060783 0.735977
v -0.118098 1.050301 0.720428
v -0.111489 1.188872 0.574631
v 0.096465 1.199354 0.590180
v 0.019095 1.633567 0.957227
v -0.219726 1.601828 0.927417
v -0.196702 1.651168 0.691067
v 0.042119 1.682907 0.720877
v -0.139083 2.313703 0.977681
v -0.267726 2.294760 0.961294
v -0.253661 2.311081 0.832018
v -0.125018 2.330024 0.848406
v -0.205610 1.830681 -0.704641
v 0.097107 1.838378 -0.744072
v 0.112865 2.094725 -0.588966
v -0.188966 2.087029 -0.550156
v -0.282420 2.264193 -1.052759
v -0.004810 2.294285 -1.109557
v 0.038023 2.397683 -0.851124
v -0.239587 2.367591 -0.794326
v -0.281850 2.779646 -1.043759
v -0.148591 2.800853 -1.072879
v -0.120779 2.811199 -0.938064
v -0.254038 2.789992 -0.908945
v 0.068937 3.637206 0.068937
v -0.068937 3.637206 0.068937
v -0.068937 3.637206 -0.068937
v 0.068937 3.637206 -0.068937
v 0.099307 -0.726233 0.099307
v -0.099307 -0.726233 0.099307
v -0.099307 -0.726233 -0.099307
v 0.099307 -0.726233 -0.099307
v 0.119902 -0.426543 0.119902
v -0.119902 -0.426543 0.119902
v -0.119902 -0.426543 -0.119902
v 0.119902 -0.426543 -0.119902
v 0.130088 0.285189 0.130088
v -0.130088 0.285189 0.130088
v -0.130088 0.285189 -0.130088
v 0.130088 0.285189 -0.130088
v 0.135331 0.630817 0.144671
v -0.125566 0.633481 0.158369
v -0.116660 0.634175 -0.116116
v 0.116627 0.634176 -0.116089
v 0.125956 1.093015 0.165319
v -0.127579 1.093015 0.164438
v -0.102172 1.105336 -0.099781
v 0.102027 1.105336 -0.099659
v 0.094735 1.400499 0.097006
v -0.094913 1.400498 0.096912
v -0.094626 1.404044 -0.094083
v 0.094593 1.404044 -0.094055
v 0.105426 1.665537 0.069193
v -0.108472 1.665537 0.071056
v -0.086529 1.632730 -0.129573
v 0.096438 1.616928 -0.113176
v 0.106041 2.016157 0.096616
v -0.108554 2.016157 0.098274
v -0.141360 2.045861 -0.202323
v 0.121082 2.046576 -0.213420
v 0.139680 2.351251 0.138466
v -0.140056 2.351251 0.138725
v -0.141328 2.353207 -0.145119
v 0.139296 2.353207 -0.145999
v 0.095093 0.805868 0.274114
v -0.113344 0.833234 0.283998
v 0.099609 0.929713 0.496014
v -0.107562 0.928275 0.492225
v -0.106047 1.120502 0.411812
v 0.100695 1.121940 0.415534
v 0.058819 1.331465 0.869996
v -0.165584 1.306600 0.843966
v -0.148115 1.380547 0.633376
v 0.076288 1.405412 0.659406
v -0.036901 1.921450 0.984251
v -0.252864 1.890202 0.956832
v -0.229753 1.920678 0.740358
v -0.013789 1.951926 0.767777
v -0.086274 2.155280 0.994951
v -0.275963 2.127347 0.970787
v -0.255223 2.151412 0.780165
v -0.065535 2.179346 0.804329
v -0.148453 1.752550 -0.260715
v 0.105500 1.742098 -0.268228
v -0.250455 2.025446 -0.927373
v 0.052574 2.045190 -0.981276
v 0.083990 2.233960 -0.746917
v -0.219039 2.214215 -0.693014
v -0.300343 2.579037 -1.068161
v -0.082934 2.611433 -1.115173
v -0.039890 2.641117 -0.898086
v -0.257299 2.608721 -0.851075
v 0.142928 3.156185 0.142928
v -0.142928 3.156185 0.142928
v -0.142928 3.156185 -0.142928
v 0.142928 3.156185 -0.142928
v 0.111143 3.450281 0.111143
v -0.111143 3.450281 0.111143
v -0.111143 3.450281 -0.111143
v 0.111143 3.450281 -0.111143
v -0.052546 0.589455 0.175781
v 0.014296 0.579348 0.179167
v 0.078398 0.590871 0.171167
v 0.126967 0.688764 0.183284
v 0.122052 0.730523 0.212127
v 0.111719 0.769927 0.239009
v 0.044400 0.745723 0.247466
v -0.007675 0.701767 0.223972
v -0.062375 0.665099 0.198659
v 0.151894 0.745883 0.134536
v 0.153960 0.856714 0.133272
v 0.147426 0.968946 0.141963
v 0.142022 1.003099 0.215782
v 0.143903 0.935421 0.247235
v 0.131138 0.869256 0.266701
v -0.226259 2.805372 -0.904659
v -0.186706 2.817072 -0.908293
v -0.147590 2.817892 -0.921849
v 0.141725 1.965892 -0.235147
v 0.145494 1.889240 -0.254325
v 0.135526 1.815286 -0.268316
v -0.144446 1.003099 0.214500
v -0.147817 0.937818 0.246683
v -0.138201 0.878843 0.268984
v -0.070994 0.808054 0.294318
v -0.018475 0.797755 0.297680
v 0.036886 0.796788 0.291821
v -0.120275 0.795404 0.251286
v -0.125958 0.752560 0.223310
v -0.126245 0.707740 0.195108
v -0.148691 0.968946 0.141152
v -0.154317 0.857053 0.133791
v -0.150199 0.747238 0.138731
v -0.151588 2.336806 0.835230
v -0.189816 2.336450 0.825573
v -0.227723 2.325595 0.825531
v -0.148553 0.633370 -0.062699
v -0.160782 0.632369 0.004641
v -0.154830 0.631299 0.078461
v -0.063617 0.634659 -0.148166
v -0.000003 0.634820 -0.158847
v 0.063604 0.634659 -0.148155
v 0.148487 0.633370 -0.062644
v 0.161282 0.632303 0.003713
v 0.157108 0.631037 0.074520
v -0.288430 2.790302 -1.014269
v -0.286182 2.797585 -0.973569
v -0.272010 2.796410 -0.934681
v -0.126921 2.327902 0.953681
v -0.118217 2.338089 0.916597
v -0.118597 2.337561 0.877172
v 0.055605 1.107463 -0.128626
v -0.000015 1.108172 -0.138294
v -0.055663 1.107463 -0.128675
v -0.244146 2.306537 0.976487
v -0.207394 2.316052 0.987140
v -0.168012 2.317748 0.986186
v 0.140651 1.094574 0.080857
v 0.142166 1.097859 0.010645
v 0.130086 1.101791 -0.051381
v -0.130376 1.101791 -0.051624
v -0.142697 1.097859 0.010237
v -0.141555 1.094574 0.080245
v 0.112798 0.749607 -0.111722
v 0.108920 0.872530 -0.107251
v 0.105245 0.994065 -0.103092
v -0.105377 0.994065 -0.103203
v -0.109022 0.872530 -0.107337
v -0.112864 0.749607 -0.111777
v -0.039010 -0.901060 -0.076917
v -0.000000 -0.905425 -0.082286
v 0.039010 -0.901060 -0.076917
v 0.135234 2.020325 0.039535
v 0.147068 2.026338 -0.034207
v 0.143246 2.034374 -0.118438
v -0.076917 -0.901060 0.039010
v -0.082286 -0.905425 0.000000
v -0.076917 -0.901060 -0.039010
v -0.171567 1.817293 -0.251395
v -0.176828 1.888689 -0.235753
v -0.167993 1.964694 -0.218680
v 0.033184 1.730972 -0.318363
v -0.033270 1.728262 -0.327572
v -0.095696 1.733734 -0.310435
v 0.101121 1.929667 0.088098
v 0.098556 1.841761 0.080802
v 0.099106 1.754876 0.075015
v 0.126231 1.707233 -0.001142
v 0.133403 1.731140 -0.078206
v 0.129656 1.743515 -0.164904
v 0.123329 1.633334 0.018275
v 0.126885 1.619998 -0.028939
v 0.118401 1.616338 -0.075413
v 0.102175 1.650229 -0.135651
v 0.106962 1.677934 -0.165462
v 0.107051 1.704696 -0.200450
v 0.059556 1.616338 -0.134258
v 0.013826 1.617109 -0.142401
v -0.034682 1.621778 -0.141346
v -0.042933 1.664115 -0.170517
v 0.002086 1.687167 -0.203028
v 0.049282 1.708871 -0.234549
v -0.105250 1.664115 -0.148046
v -0.119823 1.688645 -0.173873
v -0.130938 1.714784 -0.206987
v 0.039010 -0.901060 0.076917
v -0.000000 -0.905425 0.082286
v -0.039010 -0.901060 0.076917
v -0.140260 2.020325 0.042851
v -0.155711 2.026264 -0.028656
v -0.156707 2.034081 -0.110162
v -0.058791 2.013657 0.131527
v -0.000251 2.012823 0.142446
v 0.057786 2.013657 0.130864
v -0.104341 1.929667 0.090171
v -0.102283 1.841761 0.083152
v -0.102901 1.754876 0.077369
v -0.055888 1.665364 0.111013
v -0.000272 1.665263 0.122397
v 0.054799 1.665364 0.110345
v 0.076917 -0.901060 -0.039010
v 0.082286 -0.905425 -0.000000
v 0.076917 -0.901060 0.039010
v -0.118744 1.621778 -0.079599
v -0.129712 1.621358 -0.028326
v -0.126979 1.633334 0.020491
v -0.134599 1.707233 0.003976
v -0.148797 1.731986 -0.070194
v -0.154480 1.746899 -0.155331
v -0.268813 2.315441 0.858036
v -0.278993 2.314414 0.896116
v -0.277137 2.305781 0.934545
v -0.117639 2.820977 -0.968413
v -0.121584 2.823780 -1.009537
v -0.134058 2.814869 -1.048001
v -0.179809 2.805907 -1.078023
v -0.221060 2.804293 -1.074813
v -0.258479 2.793387 -1.060833
v 0.079874 3.647970 0.040699
v 0.085172 3.653284 0.000000
v 0.079874 3.647970 -0.040699
v 0.040699 3.647970 -0.079874
v 0.000000 3.653283 -0.085172
v -0.040699 3.647970 -0.079874
v -0.079874 3.647970 -0.040699
v -0.085172 3.653283 0.000000
v -0.079874 3.647970 0.040699
v -0.040699 3.647970 0.079874
v 0.000000 3.653284 0.085172
v 0.040699 3.647970 0.079874
v 0.078457 -0.871791 0.078457
v 0.089092 -0.835412 0.089092
v 0.095211 -0.785840 0.095211
v 0.054167 -0.726233 0.126390
v 0.000000 -0.726233 0.135418
v -0.054167 -0.726233 0.126390
v -0.095211 -0.785840 0.095211
v -0.089092 -0.835412 0.089092
v -0.078457 -0.871791 0.078457
v -0.126390 -0.726233 0.054167
v -0.135418 -0.726233 0.000000
v -0.126390 -0.726233 -0.054167
v -0.095211 -0.785840 -0.095211
v -0.089092 -0.835412 -0.089092
v -0.078457 -0.871791 -0.078457
v -0.054167 -0.726233 -0.126390
v -0.000000 -0.726233 -0.135418
v 0.054167 -0.726233 -0.126390
v 0.095211 -0.785840 -0.095211
v 0.089092 -0.835412 -0.089092
v 0.078457 -0.871791 -0.078457
v 0.126390 -0.726233 -0.054167
v 0.135418 -0.726233 -0.000000
v 0.126390 -0.726233 0.054167
v 0.103875 -0.659752 0.103875
v 0.108865 -0.587144 0.108865
v 0.114224 -0.509158 0.114224
v 0.065401 -0.426543 0.152602
v 0.000000 -0.426543 0.163502
v -0.065401 -0.426543 0.152602
v -0.114224 -0.509158 0.114224
v -0.108865 -0.587144 0.108865
v -0.103875 -0.659752 0.103875
v -0.152602 -0.426543 0.065401
v -0.163502 -0.426543 0.000000
v -0.152602 -0.426543 -0.065401
v -0.114224 -0.509158 -0.114224
v -0.108865 -0.587144 -0.108865
v -0.103875 -0.659752 -0.103875
v -0.065401 -0.426543 -0.152602
v -0.000000 -0.426543 -0.163502
v 0.065401 -0.426543 -0.152602
v 0.114224 -0.509158 -0.114224
v 0.108865 -0.587144 -0.108865
v 0.103875 -0.659752 -0.103875
v 0.152602 -0.426543 -0.065401
v 0.163502 -0.426543 -0.000000
v 0.152602 -0.426543 0.065401
v 0.125846 -0.340047 0.125846
v 0.131360 -0.250751 0.131360
v 0.135748 -0.159735 0.135748
v 0.075443 -0.068082 0.176034
v -0.000000 -0.068082 0.188608
v -0.075443 -0.068082 0.176034
v -0.135748 -0.159735 0.135748
v -0.131360 -0.250751 0.131360
v -0.125846 -0.340047 0.125846
v -0.176034 -0.068082 0.075443
v -0.188608 -0.068082 -0.000000
v -0.176034 -0.068082 -0.075443
v -0.135748 -0.159735 -0.135748
v -0.131360 -0.250751 -0.131360
v -0.125846 -0.340047 -0.125846
v -0.075443 -0.068082 -0.176034
v 0.000000 -0.068082 -0.188608
v 0.075443 -0.068082 -0.176034
v 0.135748 -0.159735 -0.135748
v 0.131360 -0.250751 -0.131360
v 0.125846 -0.340047 -0.125846
v 0.176034 -0.068082 -0.075443
v 0.188608 -0.068082 0.000000
v 0.176034 -0.068082 0.075443
v 0.138358 0.023129 0.138358
v 0.136554 0.113005 0.136554
v 0.133574 0.200656 0.133574
v 0.070957 0.285189 0.165566
v 0.000000 0.285189 0.177392
v -0.070957 0.285189 0.165566
v -0.133574 0.200656 0.133574
v -0.136554 0.113005 0.136554
v -0.138358 0.023129 0.138358
v -0.165566 0.285189 0.070957
v -0.177392 0.285189 0.000000
v -0.165566 0.285189 -0.070957
v -0.133574 0.200656 -0.133574
v -0.136554 0.113005 -0.136554
v -0.138358 0.023129 -0.138358
v -0.070957 0.285189 -0.165566
v -0.000000 0.285189 -0.177392
v 0.070957 0.285189 -0.165566
v 0.133574 0.200656 -0.133574
v 0.136554 0.113005 -0.136554
v 0.138358 0.023129 -0.138358
v 0.165566 0.285189 -0.070957
v 0.177392 0.285189 -0.000000
v 0.165566 0.285189 0.070957
v 0.126767 0.365713 0.126767
v 0.125223 0.446175 0.125971
v 0.127067 0.530523 0.130061
v -0.123120 0.530786 0.134081
v -0.124236 0.446241 0.126976
v -0.126767 0.365713 0.126767
v -0.120167 0.535112 -0.119949
v -0.123498 0.447323 -0.123443
v -0.126767 0.365713 -0.126767
v 0.120153 0.535112 -0.119938
v 0.123494 0.447323 -0.123441
v 0.126767 0.365713 -0.126767
v 0.107724 1.189342 0.126855
v 0.099903 1.265479 0.109455
v 0.096251 1.335222 0.100793
v 0.051636 1.400015 0.123036
v -0.000102 1.399854 0.131691
v -0.051834 1.400015 0.122980
v -0.096608 1.335222 0.100605
v -0.100529 1.265479 0.109124
v -0.108731 1.189342 0.126322
v -0.064512 1.149312 0.186200
v -0.000919 1.162482 0.192078
v 0.062710 1.149312 0.186662
v -0.120693 1.401304 0.053494
v -0.129212 1.402271 0.001403
v -0.120510 1.403238 -0.050681
v -0.096034 1.342313 -0.094947
v -0.097657 1.274954 -0.095972
v -0.099651 1.197464 -0.097477
v -0.051599 1.404527 -0.120124
v -0.000003 1.404688 -0.128801
v 0.051586 1.404527 -0.120113
v 0.095968 1.342313 -0.094891
v 0.097554 1.274954 -0.095886
v 0.099519 1.197464 -0.097366
v 0.120444 1.403238 -0.050626
v 0.129107 1.402271 0.001486
v 0.120548 1.401304 0.053593
v 0.093322 1.463235 0.094230
v 0.093358 1.525646 0.090568
v 0.096189 1.589948 0.084121
v -0.097264 1.589948 0.084775
v -0.093644 1.525646 0.090722
v -0.093393 1.463235 0.094192
v -0.089843 1.578345 -0.105140
v -0.091760 1.523100 -0.095530
v -0.093278 1.464653 -0.093061
v 0.093499 1.573377 -0.100194
v 0.092671 1.521858 -0.094291
v 0.093265 1.464653 -0.093050
v 0.112554 2.098793 0.106063
v 0.120462 2.180341 0.116290
v 0.129570 2.263571 0.127141
v 0.076190 2.350984 0.177292
v -0.000038 2.350895 0.190260
v -0.076340 2.350984 0.177396
v -0.130322 2.263571 0.127659
v -0.121714 2.180341 0.117145
v -0.114402 2.098793 0.107307
v -0.178525 2.351696 0.074274
v -0.191634 2.352229 -0.003093
v -0.179272 2.352762 -0.080512
v -0.132865 2.267483 -0.140446
v -0.127947 2.189028 -0.143657
v -0.128654 2.117108 -0.159652
v -0.077689 2.353474 -0.184048
v -0.001166 2.353563 -0.197224
v 0.075432 2.353474 -0.184566
v 0.128801 2.267483 -0.142208
v 0.120645 2.189083 -0.146991
v 0.116515 2.117326 -0.165588
v 0.058706 2.083556 -0.241979
v -0.010631 2.093317 -0.247016
v -0.079837 2.083113 -0.235861
v 0.177617 2.352762 -0.081445
v 0.190430 2.352229 -0.003870
v 0.177772 2.351696 0.073756
v 0.150597 2.446148 0.150111
v 0.160646 2.546459 0.160524
v 0.168154 2.650377 0.168154
v 0.093517 2.756097 0.218207
v 0.000000 2.756097 0.233793
v -0.093517 2.756097 0.218207
v -0.168154 2.650377 0.168154
v -0.160684 2.546459 0.160550
v -0.150747 2.446148 0.150215
v -0.218207 2.756097 0.093517
v -0.233793 2.756097 0.000000
v -0.218207 2.756097 -0.093517
v -0.168154 2.650377 -0.168154
v -0.160811 2.546654 -0.161190
v -0.151256 2.446931 -0.152772
v -0.093517 2.756097 -0.218207
v -0.000000 2.756097 -0.233793
v 0.093517 2.756097 -0.218207
v 0.168154 2.650377 -0.168154
v 0.160607 2.546654 -0.161278
v 0.150443 2.446931 -0.153124
v 0.218207 2.756097 -0.093517
v 0.233793 2.756097 -0.000000
v 0.218207 2.756097 0.093517
v 0.099392 0.854520 0.324556
v 0.100597 0.885188 0.377425
v 0.100483 0.908689 0.434884
v 0.052360 0.903174 0.506125
v -0.004213 0.894044 0.508746
v -0.060668 0.902389 0.504054
v -0.107126 0.908114 0.432485
v -0.107474 0.887168 0.376559
v -0.109312 0.863015 0.326410
v -0.135453 0.971767 0.473435
v -0.144433 1.024127 0.451336
v -0.134600 1.076618 0.429577
v -0.105768 1.109318 0.357737
v -0.107228 1.099752 0.300146
v -0.112500 1.093649 0.239643
v -0.058870 1.147042 0.401690
v -0.002440 1.156172 0.399046
v 0.053873 1.147826 0.403716
v 0.100984 1.109893 0.360003
v 0.103293 1.099896 0.301606
v 0.109606 1.093649 0.240725
v 0.128657 1.078449 0.434335
v 0.137780 1.026088 0.456456
v 0.128090 0.973597 0.478237
v 0.098532 0.952949 0.559897
v 0.096830 0.980883 0.623324
v 0.094080 1.015999 0.683087
v 0.041693 1.039505 0.752325
v -0.015322 1.030347 0.754712
v -0.071736 1.033787 0.743844
v -0.112547 1.008585 0.670850
v -0.109474 0.976010 0.614337
v -0.108079 0.950074 0.553819
v -0.144953 1.080365 0.685172
v -0.152603 1.117681 0.644703
v -0.141349 1.155950 0.605646
v -0.107952 1.163060 0.544402
v -0.106375 1.144786 0.506371
v -0.105995 1.131463 0.461765
v -0.063326 1.210151 0.558283
v -0.006310 1.219308 0.555897
v 0.050104 1.215868 0.566764
v 0.098675 1.170474 0.556638
v 0.099887 1.149659 0.515351
v 0.100445 1.134339 0.467816
v 0.123321 1.169290 0.625436
v 0.130971 1.131974 0.665905
v 0.119716 1.093706 0.704962
v 0.083739 1.117720 0.778786
v 0.076206 1.183811 0.813841
v 0.067740 1.256059 0.843468
v 0.005436 1.315730 0.892797
v -0.056558 1.305588 0.895270
v -0.116965 1.302168 0.878598
v -0.151415 1.234506 0.819525
v -0.138279 1.165959 0.792379
v -0.126924 1.103659 0.760143
v -0.192214 1.320015 0.792555
v -0.197650 1.339053 0.733938
v -0.182685 1.360350 0.677688
v -0.136542 1.321930 0.622394
v -0.126262 1.269590 0.610816
v -0.117752 1.224810 0.595832
v -0.094732 1.396281 0.610575
v -0.032738 1.406424 0.608102
v 0.027669 1.409844 0.624773
v 0.082612 1.343483 0.646337
v 0.088223 1.287442 0.632278
v 0.092911 1.238871 0.614476
v 0.102918 1.391996 0.710817
v 0.108354 1.372959 0.769434
v 0.093389 1.351662 0.825684
v 0.049925 1.407030 0.895751
v 0.040627 1.482644 0.919618
v 0.030494 1.558193 0.940481
v -0.038322 1.619626 0.982681
v -0.104502 1.608727 0.985295
v -0.168588 1.602314 0.966421
v -0.207648 1.527323 0.910927
v -0.194239 1.453173 0.890780
v -0.180038 1.379544 0.868088
v -0.247060 1.608713 0.869636
v -0.251636 1.620727 0.803822
v -0.234501 1.635626 0.740718
v -0.185381 1.580848 0.676258
v -0.173120 1.511385 0.661147
v -0.160503 1.444158 0.646573
v -0.139285 1.665110 0.665613
v -0.073105 1.676008 0.662999
v -0.009019 1.682422 0.681873
v 0.052760 1.611718 0.705812
v 0.061746 1.540855 0.689984
v 0.069460 1.471644 0.674235
v 0.069453 1.676022 0.778658
v 0.074029 1.664008 0.844472
v 0.056894 1.649109 0.907576
v 0.005999 1.708655 0.968739
v -0.008138 1.782380 0.976255
v -0.022656 1.853670 0.981013
v -0.089135 1.910192 1.007539
v -0.149085 1.900285 1.009901
v -0.206933 1.893148 0.992583
v -0.246152 1.821867 0.952727
v -0.238626 1.750256 0.947201
v -0.229935 1.676524 0.939136
v -0.277061 1.892868 0.903894
v -0.280575 1.899759 0.843610
v -0.264455 1.909491 0.785818
v -0.222718 1.856376 0.729236
v -0.215067 1.789587 0.717410
v -0.206496 1.720966 0.704736
v -0.177519 1.931936 0.717070
v -0.117569 1.941843 0.714708
v -0.059720 1.948980 0.732026
v 0.000778 1.888179 0.757521
v 0.015422 1.821711 0.746465
v 0.029438 1.753096 0.734339
v 0.010408 1.949261 0.820714
v 0.013921 1.942369 0.880999
v -0.002198 1.932638 0.938791
v -0.050213 1.984646 0.987206
v -0.062765 2.044112 0.989936
v -0.074729 2.100705 0.992499
v -0.132213 2.145650 1.015453
v -0.184889 2.136938 1.017527
v -0.235680 2.130414 1.002273
v -0.270577 2.071865 0.967550
v -0.264990 2.014389 0.964184
v -0.259115 1.954105 0.960631
v -0.297116 2.129007 0.924169
v -0.300082 2.134301 0.871082
v -0.285804 2.142134 0.820193
v -0.249164 2.096713 0.770738
v -0.242930 2.040353 0.761020
v -0.236475 1.981840 0.750923
v -0.209284 2.161042 0.759663
v -0.156608 2.169755 0.757589
v -0.105818 2.176279 0.772844
v -0.053316 2.125553 0.795686
v -0.040706 2.070076 0.786772
v -0.027574 2.012380 0.777498
v -0.044382 2.177685 0.850948
v -0.041416 2.172391 0.904034
v -0.055694 2.164558 0.954923
v -0.097574 2.208690 0.997351
v -0.109979 2.256062 0.996467
v -0.124842 2.292518 0.989066
v -0.277710 2.270007 0.969592
v -0.282959 2.230590 0.974431
v -0.281233 2.181646 0.973955
v -0.260996 2.289401 0.815973
v -0.264047 2.252536 0.800600
v -0.261153 2.204946 0.789392
v -0.108129 2.311912 0.835447
v -0.091067 2.278008 0.822636
v -0.077494 2.231992 0.812788
v -0.157014 1.775402 -0.384408
v -0.171516 1.790060 -0.500409
v -0.188651 1.806549 -0.609386
v -0.139047 1.797474 -0.734692
v -0.057197 1.787921 -0.752501
v 0.026125 1.801672 -0.756238
v 0.100409 1.811950 -0.643031
v 0.101342 1.792756 -0.527300
v 0.101832 1.774148 -0.403567
v 0.141934 1.897688 -0.714174
v 0.159945 1.967951 -0.673632
v 0.150476 2.037514 -0.629533
v 0.112847 2.066236 -0.511938
v 0.111783 2.045187 -0.420855
v 0.112502 2.035512 -0.322000
v 0.046449 2.127932 -0.559018
v -0.035105 2.137485 -0.541416
v -0.118132 2.123734 -0.537887
v -0.174439 2.060835 -0.479537
v -0.159216 2.041689 -0.395532
v -0.146355 2.033560 -0.303890
v -0.233941 2.027719 -0.579950
v -0.252247 1.957456 -0.620285
v -0.243074 1.887893 -0.664177
v -0.219585 1.868273 -0.779474
v -0.231261 1.915688 -0.838478
v -0.241322 1.969291 -0.886247
v -0.185869 2.004191 -0.971581
v -0.104652 2.000996 -0.996935
v -0.020580 2.014961 -1.000983
v 0.066082 1.985868 -0.937655
v 0.078782 1.929110 -0.886702
v 0.089511 1.878689 -0.823735
v 0.101036 2.090785 -0.935363
v 0.123378 2.143165 -0.873897
v 0.118172 2.193750 -0.807531
v 0.093584 2.197309 -0.719307
v 0.102250 2.161236 -0.687327
v 0.109005 2.126717 -0.645654
v 0.019404 2.255214 -0.702709
v -0.061812 2.258410 -0.677355
v -0.145885 2.244444 -0.673307
v -0.213821 2.180732 -0.667899
v -0.207704 2.147814 -0.639166
v -0.199737 2.116301 -0.601642
v -0.267501 2.168621 -0.738927
v -0.289843 2.116241 -0.800393
v -0.284637 2.065655 -0.866759
v -0.259344 2.080516 -0.966448
v -0.267776 2.137000 -1.001611
v -0.275539 2.197393 -1.031002
v -0.225168 2.256932 -1.100909
v -0.151403 2.260439 -1.128146
v -0.073744 2.273346 -1.131889
v 0.011414 2.225459 -1.088359
v 0.025927 2.162595 -1.058599
v 0.039418 2.103302 -1.022248
v 0.042781 2.321888 -1.058567
v 0.067082 2.351455 -0.990667
v 0.066145 2.378287 -0.917604
v 0.052282 2.349966 -0.829162
v 0.064153 2.308180 -0.803422
v 0.074451 2.270214 -0.775482
v -0.019229 2.404944 -0.802974
v -0.092994 2.401437 -0.775737
v -0.170653 2.388530 -0.771994
v -0.234672 2.321900 -0.771805
v -0.229551 2.282584 -0.746435
v -0.224311 2.247428 -0.719682
v -0.287178 2.339988 -0.845316
v -0.311478 2.310421 -0.913216
v -0.310541 2.283589 -0.986279
v -0.288206 2.339895 -1.065021
v -0.293033 2.420362 -1.070120
v -0.297033 2.501456 -1.070389
v -0.256801 2.582352 -1.108449
v -0.199465 2.589837 -1.131137
v -0.138215 2.600023 -1.134091
v -0.063569 2.534203 -1.120412
v -0.043377 2.452824 -1.122967
v -0.023432 2.371462 -1.120221
v -0.043504 2.622597 -1.072245
v -0.021883 2.632165 -1.015177
v -0.020026 2.638789 -0.953834
v -0.019506 2.577939 -0.889944
v 0.001016 2.514452 -0.880247
v 0.020564 2.453439 -0.867730
v -0.083431 2.637803 -0.857799
v -0.140768 2.630316 -0.835110
v -0.202018 2.620132 -0.832156
v -0.252970 2.545191 -0.839921
v -0.248639 2.481990 -0.827400
v -0.244211 2.421872 -0.812530
v -0.296728 2.597557 -0.894002
v -0.318350 2.587988 -0.951071
v -0.320207 2.581366 -1.012413
v -0.303096 2.648969 -1.065769
v -0.302090 2.707996 -1.061447
v -0.294123 2.752864 -1.053428
v -0.133984 2.778348 -1.088421
v -0.117048 2.737224 -1.101832
v -0.100396 2.680346 -1.109864
v -0.100561 2.790782 -0.926412
v -0.078660 2.752871 -0.914915
v -0.059022 2.701206 -0.905941
v -0.260700 2.765297 -0.891419
v -0.263703 2.723643 -0.874530
v -0.261723 2.669829 -0.861846
v 0.168855 2.861814 0.168855
v 0.162092 2.965252 0.162092
v 0.152877 3.064135 0.152877
v 0.077961 3.156185 0.181908
v -0.000000 3.156186 0.194902
v -0.077961 3.156185 0.181908
v -0.152877 3.064135 0.152877
v -0.162092 2.965252 0.162092
v -0.168855 2.861814 0.168855
v -0.181908 3.156185 0.077961
v -0.194902 3.156186 -0.000000
v -0.181908 3.156185 -0.077961
v -0.152877 3.064135 -0.152877
v -0.162092 2.965252 -0.162092
v -0.168855 2.861814 -0.168855
v -0.077961 3.156185 -0.181908
v 0.000000 3.156186 -0.194902
v 0.077961 3.156185 -0.181908
v 0.152877 3.064135 -0.152877
v 0.162092 2.965252 -0.162092
v 0.168855 2.861814 -0.168855
v 0.181908 3.156185 -0.077961
v 0.194902 3.156186 0.000000
v 0.181908 3.156185 0.077961
v 0.133964 3.239128 0.133964
v 0.125800 3.314660 0.125800
v 0.118255 3.384478 0.118255
v 0.060623 3.450280 0.141455
v -0.000000 3.450281 0.151559
v -0.060623 3.450280 0.141455
v -0.118255 3.384478 0.118255
v -0.125800 3.314660 0.125800
v -0.133964 3.239128 0.133964
v -0.141455 3.450280 0.060623
v -0.151559 3.450281 -0.000000
v -0.141455 3.450280 -0.060623
v -0.118255 3.384478 -0.118255
v -0.125800 3.314660 -0.125800
v -0.133964 3.239128 -0.133964
v -0.060623 3.450280 -0.141455
v 0.000000 3.450281 -0.151559
v 0.060623 3.450280 -0.141455
v 0.118255 3.384478 -0.118255
v 0.125800 3.314660 -0.125800
v 0.133964 3.239128 -0.133964
v 0.141455 3.450280 -0.060623
v 0.151559 3.450281 0.000000
v 0.141455 3.450280 0.060623
v 0.104282 3.513764 0.104282
v 0.095549 3.569571 0.095549
v 0.082821 3.612342 0.082821
v -0.082821 3.612342 0.082821
v -0.095549 3.569571 0.095549
v -0.104282 3.513764 0.104282
v -0.082821 3.612342 -0.082821
v -0.095549 3.569571 -0.095549
v -0.104282 3.513764 -0.104282
v 0.082821 3.612342 -0.082821
v 0.095549 3.569571 -0.095549
v 0.104282 3.513764 -0.104282
v 0.046943 0.666045 0.206339
v -0.020456 0.639552 0.194069
v 0.031697 0.630572 0.193032
v 0.084578 0.646093 0.189031
v 0.084318 0.689230 0.210508
v 0.070637 0.722674 0.230499
v 0.023297 0.680879 0.214122
v 0.149372 0.840828 0.201530
v 0.147641 0.761232 0.177010
v 0.153013 0.848303 0.176555
v 0.149496 0.934778 0.188264
v 0.148363 0.885875 0.218873
v 0.136699 0.827626 0.235460
v 0.143171 0.788594 0.208199
v 0.129961 1.674464 -0.092323
v 0.129575 1.670131 -0.026919
v 0.129675 1.653141 -0.061378
v 0.121365 1.649050 -0.101353
v 0.124549 1.676707 -0.129781
v 0.126348 1.704739 -0.152535
v 0.132511 1.693677 -0.086771
v 0.145376 -0.509158 -0.062304
v 0.155760 -0.509158 -0.000000
v 0.145376 -0.509158 0.062304
v 0.138556 -0.587144 -0.059381
v 0.148452 -0.587144 0.000000
v 0.138556 -0.587144 0.059381
v 0.132205 -0.659752 -0.056659
v 0.141648 -0.659752 -0.000000
v 0.132205 -0.659752 0.056659
v -0.054955 0.740696 0.245327
v -0.082725 0.774421 0.261314
v -0.090256 0.737310 0.235165
v -0.084557 0.699277 0.213318
v -0.035876 0.722038 0.235152
v 0.006468 0.757673 0.259872
v -0.037719 0.765060 0.265296
v -0.151604 0.844389 0.202490
v -0.142095 0.837658 0.238568
v -0.151377 0.888383 0.218690
v -0.151313 0.934778 0.187178
v -0.154136 0.849439 0.176903
v -0.147609 0.765777 0.181258
v -0.145851 0.796607 0.211761
v -0.062304 -0.509158 -0.145376
v -0.000000 -0.509158 -0.155760
v 0.062304 -0.509158 -0.145376
v -0.059381 -0.587144 -0.138556
v 0.000000 -0.587144 -0.148452
v 0.059381 -0.587144 -0.138556
v -0.056659 -0.659752 -0.132205
v -0.000000 -0.659752 -0.141648
v 0.056659 -0.659752 -0.132205
v -0.133069 1.771659 0.017908
v -0.133315 1.851756 0.025959
v -0.135697 1.935869 0.034371
v -0.151084 1.790948 -0.059848
v -0.152790 1.864162 -0.049290
v -0.153704 1.944257 -0.038802
v -0.161815 1.805093 -0.150201
v -0.165239 1.876530 -0.137723
v -0.161667 1.954543 -0.124401
v -0.145376 -0.509158 0.062304
v -0.155760 -0.509158 0.000000
v -0.145376 -0.509158 -0.062304
v -0.138556 -0.587144 0.059381
v -0.148452 -0.587144 -0.000000
v -0.138556 -0.587144 -0.059381
v -0.132205 -0.659752 0.056659
v -0.141648 -0.659752 0.000000
v -0.132205 -0.659752 -0.056659
v 0.062304 -0.509158 0.145376
v 0.000000 -0.509158 0.155760
v -0.062304 -0.509158 0.145376
v 0.059381 -0.587144 0.138556
v 0.000000 -0.587144 0.148452
v -0.059381 -0.587144 0.138556
v 0.056659 -0.659752 0.132205
v 0.000000 -0.659752 0.141648
v -0.056659 -0.659752 0.132205
v 0.129257 1.935868 0.030226
v 0.125692 1.851756 0.021157
v 0.124810 1.771659 0.012792
v 0.142575 1.944369 -0.045904
v 0.139418 1.864160 -0.057529
v 0.136033 1.790526 -0.068377
v 0.144197 1.954990 -0.135399
v 0.144036 1.876520 -0.150342
v 0.137371 1.803402 -0.162175
v -0.134424 0.990842 -0.053746
v -0.138994 0.870032 -0.056574
v -0.143799 0.747996 -0.059696
v -0.148188 0.986946 0.008797
v -0.153395 0.866667 0.006375
v -0.157330 0.745795 0.005440
v -0.150296 0.982991 0.077727
v -0.156287 0.862568 0.073389
v -0.156452 0.743060 0.075854
v 0.121177 -0.785840 -0.051933
v 0.129833 -0.785840 0.000000
v 0.121177 -0.785840 0.051933
v 0.113357 -0.836011 -0.048602
v 0.121433 -0.836611 -0.000000
v 0.113357 -0.836011 0.048602
v 0.099721 -0.874188 -0.042821
v 0.106761 -0.876584 0.000000
v 0.099721 -0.874188 0.042821
v -0.051933 -0.785840 -0.121177
v 0.000000 -0.785840 -0.129833
v 0.051933 -0.785840 -0.121177
v -0.048602 -0.836011 -0.113357
v -0.000000 -0.836611 -0.121433
v 0.048602 -0.836011 -0.113357
v -0.042821 -0.874188 -0.099721
v 0.000000 -0.876584 -0.106761
v 0.042821 -0.874188 -0.099721
v -0.121177 -0.785840 0.051933
v -0.129833 -0.785840 -0.000000
v -0.121177 -0.785840 -0.051933
v -0.113357 -0.836011 0.048602
v -0.121433 -0.836611 0.000000
v -0.113357 -0.836011 -0.048602
v -0.099721 -0.874188 0.042821
v -0.106761 -0.876584 -0.000000
v -0.099721 -0.874188 -0.042821
v 0.051933 -0.785840 0.121177
v -0.000000 -0.785840 0.129833
v -0.051933 -0.785840 0.121177
v 0.048602 -0.836011 0.113357
v 0.000000 -0.836611 0.121433
v -0.048602 -0.836011 0.113357
v 0.042821 -0.874188 0.099721
v -0.000000 -0.876584 0.106761
v -0.042821 -0.874188 0.099721
v 0.045291 1.667248 -0.176111
v 0.069639 1.649050 -0.153078
v 0.030549 1.649171 -0.160450
v -0.008300 1.654249 -0.164579
v 0.028342 1.677440 -0.188954
v 0.070587 1.694926 -0.206750
v 0.075994 1.674253 -0.177949
v -0.053024 1.702091 -0.229295
v -0.069375 1.678598 -0.183314
v -0.086417 1.696314 -0.207196
v -0.092849 1.715883 -0.246392
v -0.042929 1.714668 -0.263356
v 0.007946 1.713891 -0.256413
v -0.028527 1.695816 -0.216891
v 0.042903 3.667764 -0.042903
v 0.000000 3.674432 -0.045697
v -0.042903 3.667764 -0.042903
v 0.045697 3.674431 0.000000
v -0.000000 3.681515 -0.000000
v -0.045697 3.674431 0.000000
v 0.042903 3.667764 0.042903
v -0.000000 3.674431 0.045697
v -0.042903 3.667764 0.042903
v 0.143667 0.747996 -0.059585
v 0.138789 0.870032 -0.056402
v 0.134160 0.990842 -0.053525
v 0.157508 0.745751 0.004947
v 0.153132 0.866657 0.006496
v 0.147706 0.986946 0.009172
v 0.157717 0.742885 0.073418
v 0.156094 0.862524 0.073154
v 0.149479 0.982991 0.078300
v -0.238997 2.821048 -0.941136
v -0.198048 2.834183 -0.947735
v -0.156093 2.834242 -0.959252
v -0.251408 2.823730 -0.982750
v -0.208394 2.837479 -0.992679
v -0.163116 2.837781 -1.002043
v -0.256300 2.814612 -1.025008
v -0.216476 2.827327 -1.037058
v -0.173396 2.827805 -1.043124
v -0.155523 2.349876 0.872043
v -0.196786 2.349999 0.864629
v -0.236821 2.337905 0.861686
v -0.158046 2.350886 0.913879
v -0.202526 2.350587 0.909002
v -0.245037 2.338076 0.902798
v -0.164411 2.339562 0.953741
v -0.206297 2.338963 0.952048
v -0.245709 2.327591 0.943384
v -0.141028 1.676311 -0.088216
v -0.126804 1.654249 -0.103453
v -0.136686 1.654441 -0.058482
v -0.137545 1.670131 -0.022080
v -0.146140 1.694647 -0.080044
v -0.146320 1.708618 -0.146609
v -0.137155 1.680863 -0.127996
v 0.041589 -0.917321 0.041589
v 0.000000 -0.922798 0.044477
v -0.041589 -0.917321 0.041589
v 0.044477 -0.922798 -0.000000
v -0.000000 -0.928617 0.000000
v -0.044477 -0.922798 -0.000000
v 0.041589 -0.917321 -0.041589
v -0.000000 -0.922798 -0.044477
v -0.041589 -0.917321 -0.041589
v -0.056334 1.925947 0.123651
v -0.055164 1.836624 0.117415
v -0.055707 1.748247 0.112834
v -0.000322 1.924707 0.134604
v -0.000364 1.835270 0.128584
v -0.000346 1.747471 0.124352
v 0.055046 1.925947 0.122822
v 0.053706 1.836624 0.116495
v 0.054322 1.748247 0.111973
v -0.057417 0.995999 -0.132877
v -0.000013 0.996644 -0.142758
v 0.057364 0.995999 -0.132833
v -0.059419 0.874029 -0.137795
v -0.000010 0.874528 -0.147939
v 0.059378 0.874029 -0.137761
v -0.061531 0.750574 -0.143026
v -0.000007 0.750897 -0.153436
v 0.061505 0.750574 -0.143003
v 0.074044 -0.159735 0.172770
v -0.000000 -0.159735 0.185110
v -0.074044 -0.159735 0.172770
v 0.071651 -0.250751 0.167185
v 0.000000 -0.250751 0.179127
v -0.071651 -0.250751 0.167185
v 0.068643 -0.340047 0.160167
v -0.000000 -0.340047 0.171608
v -0.068643 -0.340047 0.160167
v -0.172770 -0.159735 0.074044
v -0.185110 -0.159735 -0.000000
v -0.172770 -0.159735 -0.074044
v -0.167185 -0.250751 0.071651
v -0.179127 -0.250751 0.000000
v -0.167185 -0.250751 -0.071651
v -0.160167 -0.340047 0.068643
v -0.171608 -0.340047 -0.000000
v -0.160167 -0.340047 -0.068643
v -0.074044 -0.159735 -0.172770
v 0.000000 -0.159735 -0.185110
v 0.074044 -0.159735 -0.172770
v -0.071651 -0.250751 -0.167185
v -0.000000 -0.250751 -0.179127
v 0.071651 -0.250751 -0.167185
v -0.068643 -0.340047 -0.160167
v 0.000000 -0.340047 -0.171608
v 0.068643 -0.340047 -0.160167
v 0.172770 -0.159735 -0.074044
v 0.185110 -0.159735 0.000000
v 0.172770 -0.159735 0.074044
v 0.167185 -0.250751 -0.071651
v 0.179127 -0.250751 -0.000000
v 0.167185 -0.250751 0.071651
v 0.160167 -0.340047 -0.068643
v 0.171608 -0.340047 0.000000
v 0.160167 -0.340047 0.068643
v 0.072859 0.200656 0.170003
v -0.000000 0.200656 0.182146
v -0.072859 0.200656 0.170003
v 0.074484 0.113005 0.173796
v -0.000000 0.113005 0.186210
v -0.074484 0.113005 0.173796
v 0.075468 0.023129 0.176091
v 0.000000 0.023129 0.188669
v -0.075468 0.023129 0.176091
v -0.170003 0.200656 0.072859
v -0.182146 0.200656 -0.000000
v -0.170003 0.200656 -0.072859
v -0.173796 0.113005 0.074484
v -0.186210 0.113005 0.000000
v -0.173796 0.113005 -0.074484
v -0.176091 0.023129 0.075468
v -0.188669 0.023129 0.000000
v -0.176091 0.023129 -0.075468
v -0.072859 0.200656 -0.170003
v 0.000000 0.200656 -0.182146
v 0.072859 0.200656 -0.170003
v -0.074484 0.113005 -0.173796
v -0.000000 0.113005 -0.186210
v 0.074484 0.113005 -0.173796
v -0.075468 0.023129 -0.176091
v -0.000000 0.023129 -0.188669
v 0.075468 0.023129 -0.176091
v 0.170003 0.200656 -0.072859
v 0.182146 0.200656 0.000000
v 0.170003 0.200656 0.072859
v 0.173796 0.113005 -0.074484
v 0.186210 0.113005 -0.000000
v 0.173796 0.113005 0.074484
v 0.176091 0.023129 -0.075468
v 0.188669 0.023129 -0.000000
v 0.176091 0.023129 0.075468
v 0.072754 0.521172 0.162015
v 0.005098 0.515057 0.172107
v -0.064897 0.521346 0.164698
v 0.069165 0.443837 0.159448
v 0.001274 0.442309 0.170467
v -0.067200 0.443881 0.160118
v 0.069146 0.365713 0.161340
v 0.000000 0.365713 0.172864
v -0.069146 0.365713 0.161340
v -0.155461 0.534120 0.074549
v -0.164539 0.534429 0.002624
v -0.152970 0.534790 -0.065172
v -0.157809 0.447075 0.069613
v -0.168575 0.447152 0.000656
v -0.157187 0.447242 -0.067269
v -0.161340 0.365713 0.069146
v -0.172864 0.365713 0.000000
v -0.161340 0.365713 -0.069146
v -0.065539 0.535306 -0.152815
v -0.000001 0.535370 -0.163770
v 0.065534 0.535305 -0.152811
v -0.067361 0.447371 -0.157148
v -0.000000 0.447387 -0.168382
v 0.067359 0.447371 -0.157147
v -0.069146 0.365713 -0.161340
v -0.000000 0.365713 -0.172864
v 0.069146 0.365713 -0.161340
v 0.152944 0.534790 -0.065150
v 0.164903 0.534385 0.001981
v 0.157031 0.533946 0.071884
v 0.157180 0.447242 -0.067264
v 0.168666 0.447141 0.000495
v 0.158202 0.447031 0.068947
v 0.161340 0.365713 -0.069146
v 0.172864 0.365713 -0.000000
v 0.161340 0.365713 0.069146
v 0.052426 1.334255 0.127429
v -0.000205 1.333933 0.136266
v -0.052822 1.334255 0.127319
v 0.054589 1.267203 0.136849
v -0.000363 1.268807 0.145493
v -0.055291 1.267203 0.136652
v 0.059456 1.200298 0.155207
v -0.000592 1.208071 0.162882
v -0.060602 1.200298 0.154881
v -0.122744 1.336834 0.056141
v -0.131308 1.338767 0.002807
v -0.122379 1.340701 -0.050516
v -0.126413 1.266726 0.061706
v -0.134045 1.269525 0.005004
v -0.124529 1.272457 -0.050374
v -0.133139 1.187563 0.072323
v -0.137912 1.190638 0.008227
v -0.127136 1.194241 -0.050622
v -0.052351 1.343280 -0.121605
v -0.000007 1.343602 -0.130486
v 0.052325 1.343280 -0.121583
v -0.053220 1.276453 -0.123330
v -0.000010 1.276953 -0.132441
v 0.053179 1.276453 -0.123296
v -0.054293 1.199398 -0.125589
v -0.000013 1.200042 -0.134949
v 0.054241 1.199398 -0.125545
v 0.122247 1.340701 -0.050405
v 0.131097 1.338768 0.002973
v 0.122453 1.336834 0.056340
v 0.124324 1.272457 -0.050203
v 0.133707 1.269525 0.005267
v 0.125922 1.266726 0.062040
v 0.126872 1.194241 -0.050401
v 0.137448 1.190638 0.008584
v 0.132393 1.187563 0.072825
v 0.053038 1.592522 0.112697
v -0.000149 1.592596 0.123207
v -0.053633 1.592522 0.113060
v 0.051061 1.526241 0.116634
v -0.000047 1.526244 0.125566
v -0.051230 1.526241 0.116719
v 0.050888 1.463041 0.119759
v -0.000041 1.462977 0.128260
v -0.050967 1.463041 0.119736
v -0.120890 1.582522 0.040872
v -0.126592 1.576078 -0.010965
v -0.116450 1.576453 -0.063052
v -0.118448 1.523870 0.048206
v -0.126165 1.522356 -0.002601
v -0.117319 1.522546 -0.053469
v -0.118821 1.463557 0.051631
v -0.127268 1.463944 0.000561
v -0.118748 1.464331 -0.050506
v -0.046150 1.576453 -0.126977
v 0.004951 1.573733 -0.131991
v 0.053781 1.573141 -0.123606
v -0.049336 1.522675 -0.119913
v 0.001237 1.522012 -0.127473
v 0.051242 1.521847 -0.119069
v -0.050873 1.464846 -0.118594
v -0.000001 1.464911 -0.127104
v 0.050868 1.464846 -0.118589
v 0.117264 1.573141 -0.060124
v 0.125733 1.575251 -0.010876
v 0.119564 1.582522 0.040068
v 0.117516 1.521718 -0.052732
v 0.125939 1.522149 -0.002570
v 0.118102 1.523870 0.048014
v 0.118722 1.464331 -0.050484
v 0.127226 1.463944 0.000595
v 0.118763 1.463557 0.051670
v 0.070675 2.263038 0.163941
v -0.000075 2.262860 0.176260
v -0.070976 2.263038 0.164149
v 0.065702 2.179381 0.151621
v -0.000125 2.179062 0.163484
v -0.066203 2.179381 0.151963
v 0.061372 2.097195 0.140530
v -0.000185 2.096663 0.152143
v -0.062111 2.097195 0.141027
v -0.166407 2.264460 0.066844
v -0.179008 2.265527 -0.006186
v -0.167902 2.266594 -0.079320
v -0.155841 2.181940 0.059113
v -0.168507 2.184000 -0.011276
v -0.159640 2.186340 -0.083170
v -0.147050 2.101455 0.051107
v -0.160693 2.105212 -0.019123
v -0.155970 2.110091 -0.094934
v -0.073675 2.268017 -0.177454
v -0.002333 2.268195 -0.190187
v 0.069160 2.268017 -0.178490
v -0.072139 2.192131 -0.179828
v -0.004160 2.193795 -0.192333
v 0.064044 2.192167 -0.181822
v -0.074519 2.127279 -0.196603
v -0.006841 2.133189 -0.209044
v 0.061106 2.127424 -0.200229
v 0.164590 2.266594 -0.081186
v 0.176600 2.265527 -0.007741
v 0.164902 2.264461 0.065808
v 0.153814 2.186376 -0.086532
v 0.164421 2.184009 -0.013913
v 0.153336 2.181940 0.057403
v 0.146576 2.110236 -0.100549
v 0.154464 2.105248 -0.023139
v 0.143354 2.101456 0.048620
v 0.091721 2.650377 0.214015
v 0.000000 2.650377 0.229301
v -0.091721 2.650377 0.214015
v 0.087625 2.546432 0.204410
v -0.000004 2.546423 0.219041
v -0.087640 2.546432 0.204421
v 0.082144 2.446042 0.191475
v -0.000015 2.446007 0.205274
v -0.082204 2.446042 0.191517
v -0.214015 2.650377 0.091720
v -0.229301 2.650377 0.000000
v -0.214015 2.650377 -0.091721
v -0.204533 2.546503 0.087434
v -0.219179 2.546557 -0.000309
v -0.204608 2.546610 -0.088057
v -0.191969 2.446326 0.081378
v -0.205824 2.446540 -0.001237
v -0.192267 2.446753 -0.083873
v -0.091720 2.650377 -0.214015
v -0.000000 2.650377 -0.229301
v 0.091721 2.650377 -0.214015
v -0.087775 2.546681 -0.205086
v -0.000117 2.546690 -0.219738
v 0.087549 2.546681 -0.205138
v -0.082744 2.447038 -0.194178
v -0.000467 2.447073 -0.208059
v 0.081841 2.447038 -0.194385
v 0.214015 2.650377 -0.091720
v 0.229301 2.650377 -0.000000
v 0.214015 2.650377 0.091721
v 0.204443 2.546610 -0.088151
v 0.219058 2.546557 -0.000387
v 0.204458 2.546503 0.087382
v 0.191605 2.446753 -0.084246
v 0.205342 2.446540 -0.001548
v 0.191668 2.446326 0.081170
v 0.053198 0.881122 0.444544
v -0.003490 0.871819 0.447287
v -0.060095 0.880808 0.443228
v 0.052711 0.857897 0.387295
v -0.004402 0.849688 0.390607
v -0.060846 0.859234 0.386908
v 0.049787 0.829991 0.335341
v -0.008383 0.825482 0.340094
v -0.064090 0.835654 0.336727
v -0.135095 0.953764 0.415174
v -0.144116 1.008611 0.394687
v -0.134302 1.063511 0.374411
v -0.135141 0.934123 0.359922
v -0.144253 0.991335 0.339508
v -0.135220 1.050037 0.317825
v -0.136029 0.910074 0.310314
v -0.145465 0.969936 0.288564
v -0.138842 1.035710 0.261286
v -0.058626 1.136885 0.348054
v -0.002223 1.146188 0.345268
v 0.054095 1.137199 0.349282
v -0.059464 1.130002 0.291739
v -0.001841 1.140279 0.290050
v 0.055727 1.130080 0.292523
v -0.062779 1.130011 0.234803
v -0.001371 1.142798 0.236727
v 0.060033 1.130011 0.235375
v 0.129096 1.064243 0.377336
v 0.138402 1.009395 0.397868
v 0.128875 0.954496 0.418187
v 0.130909 1.050220 0.319750
v 0.139342 0.991177 0.341512
v 0.129355 0.932890 0.361450
v 0.135522 1.035710 0.262755
v 0.141036 0.968520 0.289708
v 0.129400 0.904411 0.309826
v 0.046492 0.993249 0.697549
v -0.010069 0.984206 0.699959
v -0.066213 0.989205 0.690874
v 0.049525 0.956761 0.636005
v -0.006881 0.947760 0.638461
v -0.063008 0.954102 0.631103
v 0.051308 0.927561 0.571071
v -0.005137 0.918532 0.573597
v -0.061399 0.925992 0.567754
v -0.139679 1.042682 0.640443
v -0.147818 1.084475 0.605401
v -0.137173 1.126942 0.571471
v -0.136901 1.013704 0.588574
v -0.145431 1.059512 0.558721
v -0.135208 1.105764 0.529684
v -0.135773 0.990906 0.532070
v -0.144587 1.040246 0.506690
v -0.134626 1.089846 0.481860
v -0.060364 1.185810 0.529940
v -0.003803 1.194854 0.527529
v 0.052341 1.189854 0.536614
v -0.059076 1.168909 0.493689
v -0.002685 1.177910 0.491230
v 0.053427 1.171567 0.498586
v -0.058799 1.156851 0.450587
v -0.002412 1.165881 0.448051
v 0.053794 1.158420 0.453885
v 0.125807 1.136377 0.587045
v 0.133946 1.094585 0.622087
v 0.123301 1.052118 0.656017
v 0.127320 1.111966 0.541115
v 0.135864 1.066157 0.570971
v 0.125656 1.019906 0.600010
v 0.128167 1.093506 0.489570
v 0.137039 1.044167 0.514959
v 0.127135 0.994567 0.539797
v 0.015904 1.239239 0.864908
v -0.044542 1.229387 0.867339
v -0.103635 1.227483 0.851848
v 0.025821 1.165623 0.833722
v -0.033221 1.156044 0.836121
v -0.091171 1.155885 0.822015
v 0.034610 1.098003 0.796955
v -0.023260 1.088661 0.799339
v -0.080297 1.090334 0.786786
v -0.177919 1.251436 0.771457
v -0.183825 1.274299 0.716606
v -0.169807 1.299121 0.663931
v -0.164796 1.187078 0.748188
v -0.171268 1.214529 0.697696
v -0.158241 1.243603 0.649154
v -0.153566 1.129275 0.720257
v -0.160640 1.161677 0.674598
v -0.148563 1.195358 0.630633
v -0.084706 1.338750 0.600954
v -0.024261 1.348602 0.598524
v 0.034832 1.350506 0.614014
v -0.075877 1.287778 0.590935
v -0.016834 1.297358 0.588536
v 0.041115 1.297516 0.602642
v -0.068623 1.244526 0.577663
v -0.010753 1.253868 0.575279
v 0.046284 1.252196 0.587833
v 0.109117 1.326553 0.694405
v 0.115022 1.303690 0.749256
v 0.101004 1.278867 0.801931
v 0.114740 1.266324 0.676469
v 0.121212 1.238872 0.726961
v 0.108186 1.209798 0.775503
v 0.119554 1.213254 0.654361
v 0.126628 1.180852 0.700021
v 0.114550 1.147171 0.743985
v -0.026665 1.543878 0.965765
v -0.092625 1.533026 0.968371
v -0.156561 1.527040 0.949644
v -0.015631 1.468008 0.944377
v -0.080646 1.457325 0.946950
v -0.143740 1.451933 0.928648
v -0.005003 1.391973 0.919671
v -0.068608 1.381539 0.922195
v -0.130437 1.376980 0.904582
v -0.235061 1.535278 0.853563
v -0.239813 1.548473 0.788219
v -0.222916 1.564473 0.725562
v -0.221466 1.462385 0.834658
v -0.226382 1.476921 0.770720
v -0.209947 1.494136 0.709404
v -0.206957 1.390481 0.813972
v -0.212082 1.406854 0.752301
v -0.196301 1.425725 0.693146
v -0.128222 1.595163 0.650974
v -0.062262 1.606015 0.648368
v 0.001674 1.612001 0.667095
v -0.116861 1.526021 0.636387
v -0.051847 1.536704 0.633814
v 0.011247 1.542096 0.652117
v -0.105574 1.459216 0.622653
v -0.041969 1.469649 0.620129
v 0.019860 1.474208 0.637742
v 0.080174 1.603763 0.763176
v 0.084926 1.590569 0.828520
v 0.068029 1.574568 0.891177
v 0.088973 1.531644 0.746106
v 0.093890 1.517108 0.810044
v 0.077454 1.499892 0.871361
v 0.096379 1.460707 0.728352
v 0.101504 1.444335 0.790023
v 0.085724 1.425464 0.849178
v -0.076646 1.841736 1.005061
v -0.138665 1.831494 1.007505
v -0.198553 1.824389 0.989632
v -0.063734 1.769716 1.000987
v -0.127665 1.759167 1.003508
v -0.189455 1.752194 0.985139
v -0.050819 1.695292 0.993974
v -0.116230 1.684509 0.996556
v -0.179510 1.677766 0.977828
v -0.271303 1.825373 0.898077
v -0.275071 1.833339 0.835839
v -0.258521 1.844196 0.776172
v -0.264702 1.754814 0.891014
v -0.268753 1.764080 0.827023
v -0.251851 1.776267 0.765674
v -0.256780 1.682243 0.881827
v -0.261112 1.692903 0.816554
v -0.243995 1.706484 0.753972
v -0.168728 1.868309 0.705188
v -0.106709 1.878552 0.702744
v -0.046821 1.885656 0.720617
v -0.159470 1.802251 0.692679
v -0.095539 1.812800 0.690157
v -0.033749 1.819773 0.708526
v -0.149678 1.734328 0.679500
v -0.084267 1.745111 0.676919
v -0.020987 1.751854 0.695647
v 0.025928 1.884673 0.812172
v 0.029696 1.876707 0.874410
v 0.013146 1.865850 0.934077
v 0.041498 1.817153 0.802652
v 0.045549 1.807886 0.866642
v 0.028647 1.795700 0.927992
v 0.056283 1.747377 0.791648
v 0.060615 1.736717 0.856921
v 0.043498 1.723136 0.919503
v -0.122160 2.090763 1.013666
v -0.176546 2.081768 1.015808
v -0.228986 2.075032 1.000058
v -0.111734 2.033817 1.011788
v -0.167889 2.024530 1.013999
v -0.222038 2.017604 0.997741
v -0.100778 1.973923 1.009763
v -0.158780 1.964333 1.012047
v -0.214724 1.957265 0.995268
v -0.292417 2.073580 0.919417
v -0.295480 2.079045 0.864607
v -0.280738 2.087133 0.812065
v -0.287553 2.016237 0.914499
v -0.290728 2.021967 0.857920
v -0.275520 2.030399 0.803682
v -0.282456 1.956244 0.909347
v -0.285777 1.962420 0.850945
v -0.270107 1.971372 0.794960
v -0.201733 2.106655 0.749570
v -0.147347 2.115650 0.747428
v -0.094907 2.122386 0.763178
v -0.193962 2.050649 0.739168
v -0.137807 2.059935 0.736957
v -0.083658 2.066862 0.753215
v -0.185910 1.992562 0.728366
v -0.127908 2.002152 0.726081
v -0.071964 2.009220 0.742861
v -0.031476 2.123838 0.843819
v -0.028413 2.118372 0.898629
v -0.043155 2.110286 0.951171
v -0.018143 2.068229 0.836457
v -0.014967 2.062499 0.893036
v -0.030176 2.054067 0.947274
v -0.004232 2.010241 0.828782
v -0.000911 2.004066 0.887184
v -0.016581 1.995114 0.943169
v -0.162241 2.287286 1.005773
v -0.205108 2.282785 1.007652
v -0.245659 2.275002 0.995146
v -0.151966 2.247913 1.015209
v -0.200106 2.240598 1.017153
v -0.246328 2.234017 1.003189
v -0.142053 2.199367 1.017202
v -0.193055 2.190932 1.019210
v -0.242231 2.184615 1.004440
v -0.295073 2.273870 0.932327
v -0.297803 2.280663 0.889808
v -0.285953 2.284454 0.848498
v -0.302328 2.232735 0.931995
v -0.305118 2.238194 0.883651
v -0.292011 2.244707 0.837169
v -0.301714 2.183253 0.928819
v -0.304586 2.188379 0.877420
v -0.290762 2.195963 0.828148
v -0.224408 2.299662 0.799813
v -0.182351 2.309192 0.798480
v -0.140989 2.311946 0.810439
v -0.222262 2.261942 0.781995
v -0.174325 2.270514 0.780188
v -0.127901 2.275838 0.794015
v -0.216674 2.214271 0.769542
v -0.165673 2.222706 0.767533
v -0.116496 2.229022 0.782303
v -0.091575 2.313077 0.873259
v -0.089656 2.311314 0.916324
v -0.100696 2.302494 0.957088
v -0.071900 2.277120 0.865209
v -0.069313 2.272918 0.913690
v -0.082217 2.265148 0.960035
v -0.057013 2.230384 0.857925
v -0.054141 2.225259 0.909324
v -0.067966 2.217674 0.958596
v -0.124826 1.773101 -0.634787
v -0.046544 1.763015 -0.649931
v 0.032950 1.776047 -0.653214
v -0.111695 1.757956 -0.523152
v -0.037906 1.748206 -0.536912
v 0.037529 1.759325 -0.537876
v -0.101982 1.746296 -0.408862
v -0.032539 1.738032 -0.424109
v 0.040326 1.745209 -0.419221
v 0.142586 1.870479 -0.617778
v 0.159023 1.940075 -0.583489
v 0.149263 2.009180 -0.546197
v 0.140264 1.849943 -0.506443
v 0.154881 1.918991 -0.478911
v 0.145781 1.988008 -0.448307
v 0.137200 1.831172 -0.386514
v 0.149740 1.902722 -0.366519
v 0.142760 1.975238 -0.342036
v 0.049318 2.099684 -0.486745
v -0.028373 2.109769 -0.472015
v -0.107276 2.096738 -0.469147
v 0.051706 2.078720 -0.402779
v -0.021848 2.089099 -0.392666
v -0.096279 2.076816 -0.389101
v 0.055204 2.070333 -0.315343
v -0.015784 2.081117 -0.312945
v -0.087111 2.069283 -0.305683
v -0.216912 2.002306 -0.504583
v -0.233940 1.932710 -0.538457
v -0.224771 1.863605 -0.575334
v -0.198290 1.983539 -0.415410
v -0.213551 1.914325 -0.442982
v -0.205047 1.846008 -0.472501
v -0.181092 1.972680 -0.317896
v -0.193723 1.900469 -0.339794
v -0.186645 1.830751 -0.361675
v -0.175208 1.944225 -0.927705
v -0.092620 1.939136 -0.951650
v -0.007533 1.953268 -0.955746
v -0.164005 1.887085 -0.876619
v -0.080514 1.880194 -0.898834
v 0.005114 1.894406 -0.902927
v -0.152029 1.836819 -0.813792
v -0.068614 1.828385 -0.833960
v 0.016590 1.842500 -0.837950
v 0.114252 2.036184 -0.895040
v 0.135725 2.094603 -0.837828
v 0.129252 2.151515 -0.775941
v 0.126391 1.983697 -0.847963
v 0.146879 2.047614 -0.795776
v 0.139186 2.110311 -0.739209
v 0.136077 1.936479 -0.789288
v 0.155425 2.004597 -0.742720
v 0.146689 2.071767 -0.692138
v 0.027470 2.222374 -0.677849
v -0.055118 2.227464 -0.653904
v -0.140206 2.213332 -0.649808
v 0.035009 2.189840 -0.649196
v -0.048452 2.196731 -0.627002
v -0.134051 2.182519 -0.622930
v 0.041508 2.158172 -0.611377
v -0.041789 2.166605 -0.591292
v -0.126875 2.152490 -0.587385
v -0.261990 2.130416 -0.710514
v -0.283463 2.071997 -0.767726
v -0.276991 2.015085 -0.829612
v -0.255328 2.093228 -0.677894
v -0.275846 2.029311 -0.730060
v -0.268182 1.966614 -0.786606
v -0.246362 2.058511 -0.636047
v -0.265828 1.990393 -0.682533
v -0.257210 1.923223 -0.733031
v -0.215895 2.186794 -1.079383
v -0.139493 2.188789 -1.106808
v -0.059375 2.202103 -1.110669
v -0.206238 2.122965 -1.049360
v -0.127874 2.123327 -1.076501
v -0.046036 2.136926 -1.080444
v -0.196220 2.062934 -1.012780
v -0.116332 2.061562 -1.039214
v -0.033259 2.075363 -1.043216
v 0.059832 2.257584 -1.037272
v 0.084021 2.292816 -0.969189
v 0.082124 2.325496 -0.895892
v 0.074666 2.199172 -1.008376
v 0.098441 2.240041 -0.941372
v 0.095516 2.278582 -0.869188
v 0.088120 2.144344 -0.973774
v 0.111255 2.190901 -0.909010
v 0.107229 2.235387 -0.839174
v -0.007362 2.360566 -0.780781
v -0.083765 2.358571 -0.753357
v -0.163882 2.345258 -0.749496
v 0.002615 2.322215 -0.755674
v -0.075749 2.321852 -0.728532
v -0.157587 2.308254 -0.724589
v 0.011328 2.287796 -0.729150
v -0.068560 2.289168 -0.702715
v -0.151633 2.275367 -0.698714
v -0.283090 2.289776 -0.822892
v -0.307279 2.254544 -0.890975
v -0.305381 2.221863 -0.964272
v -0.278289 2.246007 -0.796658
v -0.302064 2.205138 -0.863662
v -0.299139 2.166597 -0.935846
v -0.273013 2.206386 -0.768156
v -0.296148 2.159829 -0.832919
v -0.292122 2.115344 -0.902756
v -0.249982 2.502934 -1.113186
v -0.188313 2.509877 -1.137304
v -0.122638 2.520797 -1.140471
v -0.242346 2.419336 -1.115229
v -0.176276 2.425389 -1.140674
v -0.106170 2.437042 -1.144054
v -0.234030 2.335891 -1.111997
v -0.163818 2.340774 -1.138528
v -0.089607 2.353109 -1.142106
v -0.021719 2.548609 -1.074854
v 0.000910 2.562025 -1.014273
v 0.002316 2.572464 -0.949144
v 0.000757 2.471257 -1.075010
v 0.024212 2.489540 -1.011216
v 0.024971 2.504872 -0.942617
v 0.022673 2.394398 -1.070364
v 0.046707 2.418190 -1.004011
v 0.046671 2.439112 -0.932641
v -0.066557 2.576460 -0.847147
v -0.128226 2.569516 -0.823029
v -0.193901 2.558597 -0.819862
v -0.049670 2.515478 -0.835138
v -0.115740 2.509426 -0.809693
v -0.185846 2.497771 -0.806313
v -0.033613 2.457443 -0.820754
v -0.103824 2.452560 -0.794222
v -0.178035 2.440225 -0.790645
v -0.294820 2.530785 -0.885478
v -0.317449 2.517369 -0.946060
v -0.318855 2.506930 -1.011189
v -0.292773 2.463557 -0.875357
v -0.316228 2.445274 -0.939151
v -0.316987 2.429942 -1.007750
v -0.290315 2.398937 -0.862387
v -0.314349 2.375144 -0.928739
v -0.314313 2.354222 -1.000109
v -0.262748 2.759748 -1.083141
v -0.220912 2.768939 -1.099883
v -0.175230 2.773676 -1.102265
v -0.265385 2.713202 -1.096031
v -0.216744 2.721163 -1.115500
v -0.164411 2.729151 -1.118069
v -0.262670 2.653256 -1.103599
v -0.209268 2.660865 -1.124894
v -0.152106 2.670370 -1.127650
v -0.105459 2.787344 -1.056482
v -0.089810 2.794621 -1.013854
v -0.087193 2.794139 -0.967942
v -0.083317 2.745440 -1.064885
v -0.064623 2.751717 -1.015735
v -0.062370 2.753978 -0.962888
v -0.063351 2.689366 -1.069531
v -0.042854 2.696481 -1.015920
v -0.040784 2.700744 -0.958300
v -0.132869 2.789434 -0.896931
v -0.175636 2.785781 -0.880422
v -0.220387 2.775507 -0.877807
v -0.115598 2.749050 -0.880389
v -0.164473 2.742473 -0.860978
v -0.216573 2.733101 -0.858351
v -0.099449 2.696919 -0.868112
v -0.152850 2.689310 -0.846817
v -0.210013 2.679804 -0.844060
v -0.290157 2.761838 -0.923591
v -0.306738 2.760099 -0.966451
v -0.308423 2.755044 -1.012131
v -0.297666 2.716812 -0.911535
v -0.316594 2.711919 -0.960743
v -0.318614 2.708274 -1.013532
v -0.298767 2.660809 -0.902180
v -0.319264 2.653693 -0.955791
v -0.321334 2.649431 -1.013410
v 0.083387 3.064135 0.194570
v -0.000000 3.064135 0.208468
v -0.083387 3.064135 0.194570
v 0.088414 2.965252 0.206298
v -0.000000 2.965252 0.221034
v -0.088414 2.965252 0.206298
v 0.092103 2.861814 0.214906
v -0.000000 2.861814 0.230257
v -0.092103 2.861814 0.214906
v -0.194570 3.064135 0.083387
v -0.208468 3.064135 -0.000000
v -0.194570 3.064135 -0.083387
v -0.206298 2.965252 0.088414
v -0.221034 2.965252 0.000000
v -0.206298 2.965252 -0.088414
v -0.214906 2.861814 0.092103
v -0.230257 2.861814 -0.000000
v -0.214906 2.861814 -0.092103
v -0.083387 3.064135 -0.194570
v 0.000000 3.064135 -0.208468
v 0.083387 3.064135 -0.194570
v -0.088414 2.965252 -0.206298
v -0.000000 2.965252 -0.221034
v 0.088414 2.965252 -0.206298
v -0.092103 2.861814 -0.214906
v 0.000000 2.861814 -0.230257
v 0.092103 2.861814 -0.214906
v 0.194570 3.064135 -0.083387
v 0.208468 3.064135 0.000000
v 0.194570 3.064135 0.083387
v 0.206298 2.965252 -0.088414
v 0.221034 2.965252 -0.000000
v 0.206298 2.965252 0.088414
v 0.214906 2.861814 -0.092103
v 0.230257 2.861814 0.000000
v 0.214906 2.861814 0.092103
v 0.064503 3.384479 0.150506
v -0.000000 3.384479 0.161256
v -0.064503 3.384479 0.150506
v 0.068618 3.314660 0.160110
v -0.000000 3.314660 0.171546
v -0.068618 3.314660 0.160110
v 0.073071 3.239128 0.170499
v -0.000000 3.239128 0.182678
v -0.073071 3.239128 0.170499
v -0.150506 3.384479 0.064503
v -0.161256 3.384479 -0.000000
v -0.150506 3.384479 -0.064503
v -0.160110 3.314660 0.068618
v -0.171546 3.314660 -0.000000
v -0.160110 3.314660 -0.068618
v -0.170499 3.239128 0.073071
v -0.182678 3.239128 -0.000000
v -0.170499 3.239128 -0.073071
v -0.064503 3.384479 -0.150506
v 0.000000 3.384479 -0.161256
v 0.064503 3.384479 -0.150506
v -0.068618 3.314660 -0.160110
v 0.000000 3.314660 -0.171546
v 0.068618 3.314660 -0.160110
v -0.073071 3.239128 -0.170499
v 0.000000 3.239128 -0.182678
v 0.073071 3.239128 -0.170499
v 0.150506 3.384479 -0.064503
v 0.161256 3.384479 0.000000
v 0.150506 3.384479 0.064503
v 0.160110 3.314660 -0.068618
v 0.171546 3.314660 0.000000
v 0.160110 3.314660 0.068618
v 0.170499 3.239128 -0.073071
v 0.182678 3.239128 0.000000
v 0.170499 3.239128 0.073071
v 0.045262 3.615259 0.104978
v 0.000000 3.618176 0.112205
v -0.045262 3.615259 0.104978
v 0.052139 3.570300 0.121500
v -0.000000 3.571029 0.130111
v -0.052139 3.570300 0.121500
v 0.056881 3.513765 0.132722
v 0.000000 3.513764 0.142202
v -0.056881 3.513765 0.132722
v -0.104978 3.615259 0.045262
v -0.112205 3.618176 0.000000
v -0.104978 3.615259 -0.045262
v -0.121500 3.570300 0.052139
v -0.130111 3.571029 -0.000000
v -0.121500 3.570300 -0.052139
v -0.132722 3.513765 0.056881
v -0.142202 3.513764 0.000000
v -0.132722 3.513765 -0.056881
v -0.045262 3.615259 -0.104978
v -0.000000 3.618176 -0.112205
v 0.045262 3.615259 -0.104978
v -0.052139 3.570300 -0.121500
v 0.000000 3.571029 -0.130111
v 0.052139 3.570300 -0.121500
v -0.056881 3.513765 -0.132722
v -0.000000 3.513764 -0.142202
v 0.056881 3.513765 -0.132722
v 0.104978 3.615259 -0.045262
v 0.112205 3.618176 -0.000000
v 0.104978 3.615259 0.045262
v 0.121500 3.570300 -0.052139
v 0.130111 3.571029 0.000000
v 0.121500 3.570300 0.052139
v 0.132722 3.513765 -0.056881
v 0.142202 3.513764 -0.000000
v 0.132722 3.513765 0.056881
vn 0.5037 -0.7018 0.5037
vn -0.5037 -0.7018 0.5037
vn -0.5037 -0.7018 -0.5037
vn 0.5037 -0.7018 -0.5037
vn 0.7070 -0.0201 0.7070
vn -0.7070 -0.0201 0.7070
vn -0.7070 -0.0201 -0.7070
vn 0.7070 -0.0201 -0.7070
vn 0.7071 -0.0046 0.7071
vn -0.7071 -0.0046 0.7071
vn -0.7071 -0.0046 -0.7071
vn 0.7071 -0.0046 -0.7071
vn 0.6677 -0.4737 0.5742
vn -0.6999 -0.5426 0.4645
vn -0.6786 0.4072 -0.6113
vn 0.7291 0.4792 -0.4887
vn 0.6258 -0.0442 0.7788
vn -0.7621 -0.2283 0.6059
vn -0.6314 0.0619 -0.7730
vn 0.7623 0.2465 -0.5984
vn 0.3509 0.6710 0.6532
vn -0.6760 0.5198 0.5224
vn -0.5637 0.6500 -0.5096
vn 0.4632 0.8013 -0.3788
vn -0.6942 -0.7065 -0.1377
vn 0.6666 -0.6817 -0.3016
vn 0.7378 0.6210 0.2646
vn -0.6712 0.6087 0.4230
vn -0.8028 -0.2081 -0.5588
vn 0.5441 -0.0570 -0.8371
vn 0.7782 0.4161 0.4703
vn -0.5954 0.2570 0.7612
vn -0.7199 0.5474 -0.4268
vn 0.2857 0.7074 -0.6465
vn 0.4955 0.7855 0.3708
vn -0.5100 0.6254 0.5905
vn 0.5303 0.6615 0.5303
vn -0.5303 0.6615 0.5303
vn -0.5303 0.6615 -0.5303
vn 0.5303 0.6615 -0.5303
vn 0.7038 -0.0967 0.7038
vn -0.7038 -0.0967 0.7038
vn -0.7038 -0.0967 -0.7038
vn 0.7038 -0.0967 -0.7038
vn 0.7059 0.0582 0.7059
vn -0.7059 0.0582 0.7059
vn -0.7059 0.0582 -0.7059
vn 0.7059 0.0582 -0.7059
vn 0.8147 -0.2020 0.5435
vn -0.7233 -0.2386 0.6479
vn -0.7084 0.0511 -0.7040
vn 0.7088 0.0514 -0.7036
vn 0.9125 0.3374 0.2314
vn -0.9147 0.3386 0.2208
vn -0.7171 0.0393 -0.6959
vn 0.7189 0.0392 -0.6940
vn 0.7088 0.0520 0.7035
vn -0.7092 0.0527 0.7030
vn -0.7094 0.0271 -0.7043
vn 0.7099 0.0265 -0.7038
vn 0.8356 0.0221 0.5489
vn -0.8115 -0.0033 0.5844
vn -0.5032 -0.4879 -0.7133
vn 0.6617 -0.3877 -0.6418
vn 0.7529 -0.1222 0.6467
vn -0.7299 -0.1112 0.6744
vn -0.8834 0.4364 -0.1708
vn 0.8741 0.4149 -0.2526
vn 0.7023 -0.1680 0.6918
vn -0.7000 -0.1640 0.6951
vn -0.7088 -0.1206 -0.6950
vn 0.7049 -0.1276 -0.6977
vn 0.5578 -0.5399 0.6304
vn -0.7042 -0.4681 0.5339
vn 0.7062 -0.6640 0.2457
vn -0.7100 -0.6671 0.2253
vn -0.7036 0.6946 -0.1498
vn 0.7057 0.6918 -0.1530
vn 0.6424 -0.1817 0.7445
vn -0.7420 -0.3400 0.5778
vn -0.6156 0.0347 -0.7873
vn 0.7569 0.2113 -0.6184
vn 0.6034 0.0896 0.7924
vn -0.7792 -0.1131 0.6165
vn -0.6292 0.0649 -0.7745
vn 0.7551 0.2685 -0.5980
vn 0.6037 0.0921 0.7919
vn -0.7801 -0.1116 0.6156
vn -0.6288 0.0639 -0.7749
vn 0.7550 0.2677 -0.5987
vn -0.7691 -0.6259 -0.1291
vn 0.6823 -0.6791 -0.2707
vn -0.7661 -0.4520 -0.4570
vn 0.6083 -0.3671 -0.7037
vn 0.7535 0.5136 0.4105
vn -0.6184 0.4185 0.6651
vn -0.8343 -0.0164 -0.5510
vn 0.5047 0.1889 -0.8424
vn 0.7887 0.3207 0.5246
vn -0.5609 0.1049 0.8212
vn 0.6990 0.1511 0.6990
vn -0.6990 0.1511 0.6990
vn -0.6990 0.1511 -0.6990
vn 0.6990 0.1511 -0.6990
vn -0.2344 -0.2164 0.9478
vn 0.0432 -0.1978 0.9793
vn 0.3570 -0.2311 0.9051
vn 0.7504 -0.3088 0.5844
vn 0.6549 -0.3490 0.6703
vn 0.5606 -0.3911 0.7299
vn 0.1617 -0.5364 0.8284
vn -0.0303 -0.4842 0.8744
vn -0.2349 -0.4172 0.8779
vn 0.9839 -0.0783 0.1609
vn 0.9991 0.0160 0.0383
vn 0.9939 0.1055 0.0314
vn 0.9861 0.1614 0.0388
vn 0.9910 -0.0251 0.1312
vn 0.9046 -0.2516 0.3440
vn -0.3006 0.7265 0.6180
vn -0.0001 0.8086 0.5883
vn 0.2958 0.8214 0.4877
vn 0.9857 0.1680 -0.0096
vn 0.9993 -0.0366 0.0120
vn 0.9652 -0.2529 -0.0672
vn -0.9862 0.1649 0.0176
vn -0.9953 -0.0078 0.0967
vn -0.9332 -0.2076 0.2933
vn -0.3534 -0.6738 0.6489
vn -0.0688 -0.7525 0.6549
vn 0.1765 -0.7341 0.6556
vn -0.6695 -0.3798 0.6384
vn -0.6967 -0.3707 0.6142
vn -0.7291 -0.3687 0.5766
vn -0.9946 0.1021 0.0205
vn -0.9996 0.0059 0.0277
vn -0.9817 -0.1010 0.1617
vn 0.2519 0.8451 -0.4715
vn -0.0542 0.8379 -0.5431
vn -0.3575 0.7554 -0.5491
vn -0.9350 0.0457 -0.3516
vn -0.9985 0.0231 -0.0501
vn -0.9763 -0.0466 0.2115
vn -0.3475 0.0494 -0.9364
vn 0.0001 0.0483 -0.9988
vn 0.3478 0.0496 -0.9363
vn 0.9335 0.0463 -0.3556
vn 0.9976 0.0240 -0.0651
vn 0.9828 -0.0428 0.1799
vn -0.7617 0.6142 -0.2063
vn -0.7413 0.6634 0.1020
vn -0.6372 0.6605 0.3971
vn 0.4361 0.7736 0.4598
vn 0.5003 0.8506 0.1618
vn 0.5027 0.8509 -0.1526
vn 0.3575 0.0385 -0.9331
vn 0.0005 0.0381 -0.9993
vn -0.3561 0.0385 -0.9336
vn -0.4857 0.6066 0.6293
vn -0.1903 0.6799 0.7081
vn 0.1236 0.6964 0.7070
vn 0.9868 0.1098 0.1194
vn 0.9955 0.0544 -0.0772
vn 0.9368 0.0402 -0.3476
vn -0.9355 0.0403 -0.3511
vn -0.9951 0.0546 -0.0819
vn -0.9874 0.1104 0.1133
vn 0.7115 0.0490 -0.7009
vn 0.7147 0.0466 -0.6979
vn 0.7175 0.0436 -0.6952
vn -0.7158 0.0434 -0.6969
vn -0.7135 0.0462 -0.6992
vn -0.7108 0.0486 -0.7018
vn -0.2978 -0.7627 -0.5741
vn -0.0000 -0.7934 -0.6087
vn 0.2978 -0.7627 -0.5741
vn 0.9468 -0.1141 0.3008
vn 0.9962 -0.0748 0.0448
vn 0.9881 0.0373 -0.1493
vn -0.5741 -0.7627 0.2978
vn -0.6087 -0.7934 -0.0000
vn -0.5741 -0.7627 -0.2978
vn -0.9756 -0.2073 0.0724
vn -0.9914 0.0003 0.1306
vn -0.9730 0.2081 0.0997
vn 0.1936 -0.9584 -0.2099
vn -0.0319 -0.9858 -0.1651
vn -0.3053 -0.9369 -0.1700
vn 0.7732 -0.0902 0.6277
vn 0.7916 -0.0558 0.6084
vn 0.8109 -0.0165 0.5850
vn 0.9796 0.0097 0.2007
vn 0.9995 -0.0303 0.0127
vn 0.9745 -0.1812 -0.1320
vn 0.9743 0.0026 0.2254
vn 0.9964 -0.0783 -0.0335
vn 0.9194 -0.2302 -0.3190
vn 0.5961 -0.5776 -0.5578
vn 0.6084 -0.6131 -0.5040
vn 0.6584 -0.6045 -0.4484
vn 0.3076 -0.4180 -0.8548
vn 0.0545 -0.3933 -0.9178
vn -0.1631 -0.4126 -0.8962
vn -0.1445 -0.7171 -0.6818
vn 0.0114 -0.8321 -0.5545
vn 0.1729 -0.8828 -0.4368
vn -0.4583 -0.7100 -0.5347
vn -0.5249 -0.7359 -0.4277
vn -0.6511 -0.6906 -0.3150
vn 0.2978 -0.7627 0.5741
vn -0.0000 -0.7934 0.6087
vn -0.2978 -0.7627 0.5741
vn -0.9321 -0.0962 0.3493
vn -0.9935 -0.0501 0.1021
vn -0.9937 0.0722 -0.0853
vn -0.3788 -0.1079 0.9192
vn 0.0066 -0.1042 0.9945
vn 0.3978 -0.1113 0.9107
vn -0.7419 -0.0841 0.6652
vn -0.7556 -0.0550 0.6527
vn -0.7742 -0.0259 0.6324
vn -0.4100 0.0050 0.9121
vn 0.0068 -0.0016 1.0000
vn 0.4287 0.0128 0.9034
vn 0.5741 -0.7627 -0.2978
vn 0.6087 -0.7934 -0.0000
vn 0.5741 -0.7627 0.2978
vn -0.8725 -0.3140 -0.3743
vn -0.9859 -0.1599 -0.0488
vn -0.9677 -0.0553 0.2461
vn -0.9618 -0.0273 0.2725
vn -0.9924 -0.0708 0.1008
vn -0.9745 -0.2230 -0.0249
vn -0.6700 0.6782 -0.3020
vn -0.7448 0.6672 0.0032
vn -0.7366 0.6009 0.3104
vn 0.5162 0.8441 0.1450
vn 0.4851 0.8586 -0.1660
vn 0.3918 0.7978 -0.4584
vn 0.0551 0.7318 -0.6793
vn -0.2561 0.7134 -0.6523
vn -0.5413 0.6369 -0.5489
vn 0.6091 0.7278 0.3153
vn 0.6481 0.7615 -0.0000
vn 0.6091 0.7278 -0.3153
vn 0.3153 0.7278 -0.6091
vn -0.0000 0.7615 -0.6481
vn -0.3153 0.7278 -0.6091
vn -0.6091 0.7278 -0.3153
vn -0.6481 0.7615 -0.0000
vn -0.6091 0.7278 0.3153
vn -0.3153 0.7278 0.6091
vn -0.0000 0.7615 0.6481
vn 0.3153 0.7278 0.6091
vn 0.6097 -0.5065 0.6097
vn 0.6802 -0.2731 0.6802
vn 0.7008 -0.1337 0.7008
vn 0.3439 -0.0946 0.9342
vn -0.0000 -0.0933 0.9956
vn -0.3439 -0.0946 0.9342
vn -0.7008 -0.1337 0.7008
vn -0.6802 -0.2731 0.6802
vn -0.6097 -0.5065 0.6097
vn -0.9342 -0.0946 0.3439
vn -0.9956 -0.0933 -0.0000
vn -0.9342 -0.0946 -0.3439
vn -0.7008 -0.1337 -0.7008
vn -0.6802 -0.2731 -0.6802
vn -0.6097 -0.5065 -0.6097
vn -0.3439 -0.0946 -0.9342
vn -0.0000 -0.0933 -0.9956
vn 0.3439 -0.0946 -0.9342
vn 0.7008 -0.1337 -0.7008
vn 0.6802 -0.2731 -0.6802
vn 0.6097 -0.5065 -0.6097
vn 0.9342 -0.0946 -0.3439
vn 0.9956 -0.0933 -0.0000
vn 0.9342 -0.0946 0.3439
vn 0.7041 -0.0918 0.7041
vn 0.7050 -0.0774 0.7050
vn 0.7061 -0.0537 0.7061
vn 0.3456 -0.0196 0.9382
vn -0.0000 -0.0194 0.9998
vn -0.3456 -0.0196 0.9382
vn -0.7061 -0.0537 0.7061
vn -0.7050 -0.0774 0.7050
vn -0.7041 -0.0918 0.7041
vn -0.9382 -0.0196 0.3456
vn -0.9998 -0.0194 -0.0000
vn -0.9382 -0.0196 -0.3456
vn -0.7061 -0.0537 -0.7061
vn -0.7050 -0.0774 -0.7050
vn -0.7041 -0.0918 -0.7041
vn -0.3456 -0.0196 -0.9382
vn -0.0000 -0.0194 -0.9998
vn 0.3456 -0.0196 -0.9382
vn 0.7061 -0.0537 -0.7061
vn 0.7050 -0.0774 -0.7050
vn 0.7041 -0.0918 -0.7041
vn 0.9382 -0.0196 -0.3456
vn 0.9998 -0.0194 -0.0000
vn 0.9382 -0.0196 0.3456
vn 0.7070 0.0138 0.7070
vn 0.7066 0.0381 0.7066
vn 0.7061 0.0531 0.7061
vn 0.3449 0.0569 0.9369
vn -0.0000 0.0561 0.9984
vn -0.3449 0.0569 0.9369
vn -0.7061 0.0531 0.7061
vn -0.7066 0.0381 0.7066
vn -0.7070 0.0138 0.7070
vn -0.9369 0.0569 0.3449
vn -0.9984 0.0561 -0.0000
vn -0.9369 0.0569 -0.3449
vn -0.7061 0.0531 -0.7061
vn -0.7066 0.0381 -0.7066
vn -0.7070 0.0138 -0.7070
vn -0.3449 0.0569 -0.9369
vn -0.0000 0.0561 -0.9984
vn 0.3449 0.0569 -0.9369
vn 0.7061 0.0531 -0.7061
vn 0.7066 0.0381 -0.7066
vn 0.7070 0.0138 -0.7070
vn 0.9369 0.0569 -0.3449
vn 0.9984 0.0561 -0.0000
vn 0.9369 0.0569 0.3449
vn 0.7078 0.0417 0.7051
vn 0.7166 -0.0088 0.6974
vn 0.7435 -0.0833 0.6635
vn -0.7098 -0.0788 0.6999
vn -0.7097 -0.0049 0.7045
vn -0.7086 0.0408 0.7044
vn -0.7069 0.0538 -0.7053
vn -0.7061 0.0560 -0.7059
vn -0.7059 0.0576 -0.7060
vn 0.7070 0.0540 -0.7051
vn 0.7061 0.0561 -0.7058
vn 0.7059 0.0577 -0.7060
vn 0.7718 0.2729 0.5744
vn 0.7235 0.1687 0.6693
vn 0.7116 0.0871 0.6972
vn 0.3467 0.0596 0.9361
vn -0.0006 0.0616 0.9981
vn -0.3475 0.0598 0.9358
vn -0.7125 0.0881 0.6961
vn -0.7251 0.1703 0.6672
vn -0.7743 0.2746 0.5702
vn -0.4489 0.6823 0.5770
vn -0.0020 0.7499 0.6615
vn 0.4449 0.6808 0.5819
vn -0.9389 0.0412 0.3417
vn -0.9995 0.0324 -0.0014
vn -0.9386 0.0279 -0.3439
vn -0.7119 0.0271 -0.7018
vn -0.7144 0.0299 -0.6991
vn -0.7164 0.0344 -0.6968
vn -0.3479 0.0273 -0.9371
vn 0.0001 0.0276 -0.9996
vn 0.3482 0.0271 -0.9370
vn 0.7128 0.0264 -0.7009
vn 0.7158 0.0293 -0.6977
vn 0.7181 0.0340 -0.6951
vn 0.9389 0.0269 -0.3431
vn 0.9995 0.0311 -0.0007
vn 0.9387 0.0399 0.3423
vn 0.7069 0.0426 0.7060
vn 0.7146 0.0370 0.6986
vn 0.7519 0.0427 0.6579
vn -0.7427 0.0230 0.6692
vn -0.7127 0.0285 0.7009
vn -0.7069 0.0409 0.7061
vn -0.6716 -0.1917 -0.7157
vn -0.7029 -0.0556 -0.7091
vn -0.7101 0.0077 -0.7040
vn 0.7026 -0.1706 -0.6908
vn 0.7095 -0.0492 -0.7030
vn 0.7095 0.0100 -0.7046
vn 0.7340 -0.1440 0.6637
vn 0.7193 -0.1608 0.6758
vn 0.7087 -0.1686 0.6851
vn 0.3474 -0.1617 0.9237
vn 0.0009 -0.1572 0.9876
vn -0.3450 -0.1601 0.9249
vn -0.7033 -0.1625 0.6921
vn -0.7093 -0.1530 0.6881
vn -0.7185 -0.1365 0.6820
vn -0.9271 -0.1570 0.3405
vn -0.9892 -0.1464 0.0042
vn -0.9327 -0.1346 -0.3346
vn -0.7228 -0.0671 -0.6878
vn -0.7508 0.0559 -0.6582
vn -0.8094 0.2639 -0.5246
vn -0.3506 -0.1049 -0.9306
vn -0.0039 -0.0993 -0.9951
vn 0.3451 -0.1072 -0.9324
vn 0.7150 -0.0792 -0.6946
vn 0.7378 0.0369 -0.6740
vn 0.7861 0.2280 -0.5744
vn 0.3967 0.8095 -0.4329
vn -0.0221 0.8816 -0.4715
vn -0.4185 0.8069 -0.4169
vn 0.9296 -0.1449 -0.3388
vn 0.9877 -0.1562 -0.0018
vn 0.9281 -0.1640 0.3341
vn 0.7005 -0.1540 0.6968
vn 0.7021 -0.1223 0.7015
vn 0.7052 -0.0729 0.7053
vn 0.3457 -0.0046 0.9383
vn -0.0000 -0.0045 1.0000
vn -0.3457 -0.0046 0.9383
vn -0.7052 -0.0727 0.7053
vn -0.7020 -0.1214 0.7018
vn -0.6997 -0.1519 0.6981
vn -0.9383 -0.0046 0.3457
vn -1.0000 -0.0045 -0.0000
vn -0.9383 -0.0046 -0.3457
vn -0.7055 -0.0703 -0.7052
vn -0.7035 -0.1118 -0.7018
vn -0.7040 -0.1293 -0.6984
vn -0.3457 -0.0046 -0.9383
vn -0.0000 -0.0045 -1.0000
vn 0.3457 -0.0046 -0.9383
vn 0.7056 -0.0707 -0.7051
vn 0.7033 -0.1132 -0.7019
vn 0.7025 -0.1329 -0.6992
vn 0.9383 -0.0046 -0.3457
vn 1.0000 -0.0045 -0.0000
vn 0.9383 -0.0046 0.3457
vn 0.6980 -0.5872 0.4099
vn 0.7204 -0.6251 0.3003
vn 0.7183 -0.6502 0.2474
vn 0.3453 -0.8797 0.3269
vn 0.0007 -0.9383 0.3457
vn -0.3463 -0.8834 0.3159
vn -0.7207 -0.6533 0.2318
vn -0.7304 -0.6238 0.2784
vn -0.7309 -0.5667 0.3803
vn -0.9408 -0.3241 0.0989
vn -1.0000 0.0070 -0.0045
vn -0.9356 0.3425 -0.0854
vn -0.7150 0.6879 -0.1246
vn -0.7376 0.6731 -0.0546
vn -0.7984 0.5959 0.0867
vn -0.3459 0.9205 -0.1817
vn -0.0027 0.9818 -0.1899
vn 0.3416 0.9211 -0.1870
vn 0.7170 0.6866 -0.1204
vn 0.7387 0.6725 -0.0451
vn 0.7975 0.5951 0.0997
vn 0.9390 0.3349 -0.0782
vn 0.9999 0.0002 0.0128
vn 0.9374 -0.3262 0.1217
vn 0.6964 -0.6606 0.2804
vn 0.6881 -0.6354 0.3503
vn 0.6799 -0.5773 0.4522
vn 0.3119 -0.6362 0.7056
vn -0.0176 -0.6914 0.7223
vn -0.3475 -0.6711 0.6549
vn -0.6932 -0.6154 0.3752
vn -0.6938 -0.6542 0.3011
vn -0.7001 -0.6686 0.2507
vn -0.9342 -0.3106 0.1756
vn -0.9925 -0.0760 -0.0961
vn -0.9206 0.1595 -0.3565
vn -0.6949 0.5769 -0.4293
vn -0.6955 0.6641 -0.2743
vn -0.6969 0.6936 -0.1824
vn -0.3109 0.5766 -0.7556
vn 0.0303 0.6347 -0.7722
vn 0.3693 0.6146 -0.6971
vn 0.7130 0.5972 -0.3676
vn 0.7015 0.6640 -0.2588
vn 0.7000 0.6894 -0.1866
vn 0.9493 0.2485 -0.1924
vn 0.9969 0.0154 0.0777
vn 0.9161 -0.2239 0.3327
vn 0.6542 -0.3529 0.6689
vn 0.6448 -0.2620 0.7181
vn 0.6413 -0.2055 0.7392
vn 0.2702 -0.2915 0.9176
vn -0.0696 -0.3477 0.9350
vn -0.4022 -0.3675 0.8386
vn -0.7360 -0.3547 0.5765
vn -0.7263 -0.3928 0.5641
vn -0.7139 -0.4564 0.5311
vn -0.9442 -0.2597 0.2025
vn -0.9751 -0.1707 -0.1416
vn -0.8792 -0.0766 -0.4702
vn -0.6103 0.0415 -0.7911
vn -0.6161 0.0976 -0.7816
vn -0.6403 0.2190 -0.7362
vn -0.2446 0.1310 -0.9607
vn 0.0931 0.1883 -0.9777
vn 0.4207 0.2194 -0.8802
vn 0.7509 0.2190 -0.6230
vn 0.7427 0.2625 -0.6160
vn 0.7356 0.3504 -0.5797
vn 0.9589 0.1508 -0.2402
vn 0.9924 0.0645 0.1045
vn 0.9016 -0.0448 0.4302
vn 0.6423 -0.1677 0.7479
vn 0.6397 -0.1412 0.7555
vn 0.6344 -0.1002 0.7665
vn 0.2494 -0.1386 0.9584
vn -0.0954 -0.1962 0.9759
vn -0.4287 -0.2285 0.8741
vn -0.7546 -0.2760 0.5953
vn -0.7485 -0.3098 0.5863
vn -0.7444 -0.3307 0.5801
vn -0.9566 -0.1847 0.2254
vn -0.9853 -0.1219 -0.1193
vn -0.8926 -0.0427 -0.4487
vn -0.6304 0.0595 -0.7740
vn -0.6283 0.0540 -0.7761
vn -0.6239 0.0458 -0.7802
vn -0.2531 0.1566 -0.9547
vn 0.0933 0.2143 -0.9723
vn 0.4280 0.2468 -0.8694
vn 0.7633 0.2363 -0.6012
vn 0.7632 0.2275 -0.6047
vn 0.7615 0.2181 -0.6103
vn 0.9549 0.2020 -0.2175
vn 0.9822 0.1388 0.1267
vn 0.8881 0.0598 0.4558
vn 0.6164 0.0122 0.7873
vn 0.6091 0.0535 0.7913
vn 0.6046 0.0797 0.7926
vn 0.2256 0.0067 0.9742
vn -0.1184 -0.0518 0.9916
vn -0.4497 -0.0923 0.8884
vn -0.7774 -0.1214 0.6172
vn -0.7742 -0.1439 0.6164
vn -0.7693 -0.1796 0.6131
vn -0.9673 -0.1024 0.2322
vn -0.9909 -0.0687 -0.1155
vn -0.8940 -0.0153 -0.4477
vn -0.6299 0.0649 -0.7740
vn -0.6305 0.0644 -0.7735
vn -0.6310 0.0634 -0.7732
vn -0.2502 0.1440 -0.9574
vn 0.0948 0.2004 -0.9751
vn 0.4263 0.2436 -0.8712
vn 0.7562 0.2674 -0.5972
vn 0.7579 0.2632 -0.5969
vn 0.7600 0.2563 -0.5973
vn 0.9431 0.2548 -0.2135
vn 0.9665 0.2189 0.1340
vn 0.8688 0.1671 0.4661
vn 0.6036 0.0906 0.7921
vn 0.6037 0.0914 0.7920
vn 0.6037 0.0919 0.7919
vn 0.2254 0.0096 0.9742
vn -0.1191 -0.0489 0.9917
vn -0.4508 -0.0900 0.8881
vn -0.7801 -0.1118 0.6156
vn -0.7799 -0.1121 0.6158
vn -0.7797 -0.1125 0.6160
vn -0.9676 -0.1018 0.2311
vn -0.9908 -0.0689 -0.1165
vn -0.8937 -0.0160 -0.4485
vn -0.6288 0.0640 -0.7749
vn -0.6289 0.0642 -0.7749
vn -0.6290 0.0645 -0.7747
vn -0.2500 0.1430 -0.9576
vn 0.0949 0.1994 -0.9753
vn 0.4262 0.2426 -0.8715
vn 0.7549 0.2677 -0.5986
vn 0.7550 0.2679 -0.5985
vn 0.7550 0.2682 -0.5984
vn 0.9430 0.2544 -0.2145
vn 0.9666 0.2194 0.1329
vn 0.8691 0.1686 0.4650
vn 0.5953 0.1296 0.7930
vn 0.5573 0.2645 0.7871
vn 0.4662 0.4840 0.7405
vn -0.7513 0.3047 0.5854
vn -0.7848 0.0669 0.6161
vn -0.7832 -0.0734 0.6174
vn -0.6181 0.4592 -0.6380
vn -0.6381 0.2372 -0.7325
vn -0.6325 0.1015 -0.7679
vn 0.5993 0.6385 -0.4829
vn 0.7040 0.4348 -0.5616
vn 0.7460 0.3044 -0.5923
vn -0.7042 -0.7094 -0.0278
vn -0.6838 -0.7297 -0.0006
vn -0.6788 -0.7335 -0.0333
vn -0.3471 -0.8962 -0.2762
vn -0.0192 -0.9396 -0.3418
vn 0.3098 -0.8819 -0.3552
vn 0.6721 -0.7215 -0.1665
vn 0.6743 -0.7296 -0.1137
vn 0.6756 -0.7287 -0.1121
vn 0.9152 -0.3606 -0.1799
vn 0.9981 -0.0440 -0.0440
vn 0.9549 0.2787 0.1027
vn 0.7285 0.6542 0.2033
vn 0.7280 0.6750 0.1198
vn 0.7608 0.6488 -0.0154
vn 0.3780 0.8438 0.3809
vn 0.0349 0.8997 0.4350
vn -0.3073 0.8358 0.4550
vn -0.6813 0.6541 0.3285
vn -0.6974 0.6803 0.2256
vn -0.7458 0.6615 0.0791
vn -0.9098 0.2643 0.3199
vn -0.9796 -0.0619 0.1914
vn -0.9225 -0.3838 0.0409
vn -0.7203 -0.6376 -0.2734
vn -0.7405 -0.5564 -0.3769
vn -0.7558 -0.4868 -0.4380
vn -0.4322 -0.5736 -0.6958
vn -0.1035 -0.5912 -0.7999
vn 0.2345 -0.5323 -0.8134
vn 0.6131 -0.4108 -0.6748
vn 0.6304 -0.4956 -0.5975
vn 0.6519 -0.5954 -0.4696
vn 0.8748 -0.1273 -0.4675
vn 0.9736 0.0954 -0.2075
vn 0.9478 0.3090 0.0790
vn 0.7565 0.5173 0.4002
vn 0.7536 0.5456 0.3667
vn 0.7466 0.5840 0.3185
vn 0.4224 0.6212 0.6601
vn 0.0958 0.6301 0.7706
vn -0.2428 0.5724 0.7832
vn -0.6240 0.4249 0.6559
vn -0.6390 0.4770 0.6034
vn -0.6569 0.5467 0.5192
vn -0.8875 0.1898 0.4200
vn -0.9876 -0.0271 0.1548
vn -0.9617 -0.2402 -0.1320
vn -0.7703 -0.4318 -0.4692
vn -0.7790 -0.3827 -0.4968
vn -0.7906 -0.3070 -0.5298
vn -0.4891 -0.2466 -0.8367
vn -0.1696 -0.2312 -0.9580
vn 0.1656 -0.1732 -0.9709
vn 0.5711 -0.1793 -0.8011
vn 0.5909 -0.2751 -0.7584
vn 0.6035 -0.3383 -0.7221
vn 0.8271 0.0874 -0.5552
vn 0.9455 0.2107 -0.2484
vn 0.9430 0.3217 0.0852
vn 0.7682 0.4605 0.4448
vn 0.7595 0.4953 0.4217
vn 0.7548 0.5131 0.4087
vn 0.4637 0.4456 0.7658
vn 0.1387 0.4234 0.8952
vn -0.2058 0.3670 0.9072
vn -0.6080 0.3347 0.7199
vn -0.6169 0.3926 0.6821
vn -0.6209 0.4213 0.6610
vn -0.8754 0.1136 0.4698
vn -0.9873 -0.0083 0.1590
vn -0.9773 -0.1157 -0.1777
vn -0.8135 -0.1198 -0.5691
vn -0.8214 -0.0639 -0.5667
vn -0.8284 -0.0308 -0.5593
vn -0.5332 0.0097 -0.8459
vn -0.2178 0.0506 -0.9747
vn 0.1186 0.1088 -0.9870
vn 0.5036 0.1679 -0.8474
vn 0.5084 0.1242 -0.8521
vn 0.5211 0.0530 -0.8518
vn 0.7978 0.2572 -0.5453
vn 0.9273 0.2993 -0.2249
vn 0.9379 0.3240 0.1237
vn 0.7895 0.3278 0.5189
vn 0.7882 0.3448 0.5097
vn 0.7847 0.3731 0.4950
vn 0.4904 0.2776 0.8261
vn 0.1735 0.2260 0.9585
vn -0.1687 0.1713 0.9707
vn -0.5642 0.1141 0.8177
vn -0.5703 0.1396 0.8094
vn -0.5802 0.1848 0.7932
vn -0.8543 0.0405 0.5182
vn -0.9809 0.0009 0.1945
vn -0.9878 -0.0193 -0.1544
vn -0.8382 0.0197 -0.5450
vn -0.8351 0.1414 -0.5317
vn -0.7964 0.3546 -0.4899
vn 0.3840 0.5412 -0.7481
vn 0.4646 0.3449 -0.8156
vn 0.4986 0.2268 -0.8366
vn 0.6280 0.6379 0.4457
vn 0.7338 0.4593 0.5006
vn 0.7783 0.3499 0.5213
vn -0.5500 0.4509 0.7030
vn -0.5656 0.2532 0.7848
vn -0.5628 0.1362 0.8153
vn 0.7057 0.0631 0.7057
vn 0.7027 0.1111 0.7027
vn 0.7001 0.1407 0.7001
vn 0.3417 0.1478 0.9281
vn -0.0000 0.1458 0.9893
vn -0.3417 0.1478 0.9281
vn -0.7001 0.1407 0.7001
vn -0.7027 0.1111 0.7027
vn -0.7057 0.0631 0.7057
vn -0.9281 0.1478 0.3417
vn -0.9893 0.1458 -0.0000
vn -0.9281 0.1478 -0.3417
vn -0.7001 0.1407 -0.7001
vn -0.7027 0.1111 -0.7027
vn -0.7057 0.0631 -0.7057
vn -0.3417 0.1478 -0.9281
vn -0.0000 0.1458 -0.9893
vn 0.3417 0.1478 -0.9281
vn 0.7001 0.1407 -0.7001
vn 0.7027 0.1111 -0.7027
vn 0.7057 0.0631 -0.7057
vn 0.9281 0.1478 -0.3417
vn 0.9893 0.1458 -0.0000
vn 0.9281 0.1478 0.3417
vn 0.6952 0.1828 0.6952
vn 0.6750 0.2981 0.6750
vn 0.6158 0.4915 0.6158
vn -0.6158 0.4915 0.6158
vn -0.6750 0.2981 0.6749
vn -0.6952 0.1828 0.6952
vn -0.6158 0.4915 -0.6158
vn -0.6749 0.2981 -0.6750
vn -0.6952 0.1828 -0.6952
vn 0.6158 0.4915 -0.6158
vn 0.6750 0.2981 -0.6750
vn 0.6952 0.1828 -0.6952
vn 0.1207 -0.4111 0.9036
vn -0.0751 -0.3388 0.9379
vn 0.0769 -0.3396 0.9374
vn 0.3698 -0.3840 0.8461
vn 0.3291 -0.4252 0.8432
vn 0.2351 -0.4262 0.8736
vn 0.0173 -0.4233 0.9058
vn 0.9754 -0.0779 0.2061
vn 0.9579 -0.1642 0.2354
vn 0.9971 -0.0276 0.0703
vn 0.9969 0.0604 0.0496
vn 0.9796 -0.0343 0.1979
vn 0.8596 -0.2038 0.4685
vn 0.8985 -0.1829 0.3991
vn 0.9771 -0.1682 -0.1302
vn 0.9964 -0.0239 0.0809
vn 0.9870 -0.1449 -0.0699
vn 0.8800 -0.3614 -0.3082
vn 0.8933 -0.3489 -0.2834
vn 0.9393 -0.2345 -0.2506
vn 0.9970 -0.0563 -0.0523
vn -0.1535 -0.5506 0.8206
vn -0.3388 -0.5430 0.7684
vn -0.3328 -0.4982 0.8007
vn -0.3147 -0.5301 0.7874
vn -0.0737 -0.5418 0.8373
vn 0.0334 -0.6179 0.7855
vn -0.1068 -0.6189 0.7782
vn -0.9861 -0.0726 0.1494
vn -0.9098 -0.1784 0.3746
vn -0.9896 -0.0237 0.1420
vn -0.9980 0.0593 0.0224
vn -0.9986 -0.0351 0.0387
vn -0.9615 -0.1847 0.2035
vn -0.9282 -0.1803 0.3254
vn -0.9419 -0.0434 0.3332
vn -0.9326 -0.0519 0.3571
vn -0.9304 -0.0689 0.3600
vn -0.9853 -0.0618 0.1594
vn -0.9825 -0.0374 0.1825
vn -0.9878 -0.0272 0.1534
vn -0.9902 -0.1016 0.0955
vn -0.9932 -0.0107 0.1163
vn -0.9958 0.0684 0.0616
vn 0.9505 -0.0828 0.2995
vn 0.9569 -0.0573 0.2848
vn 0.9662 -0.0357 0.2554
vn 0.9954 -0.0505 0.0816
vn 0.9937 -0.0524 0.0994
vn 0.9958 -0.0627 0.0666
vn 0.9991 0.0350 -0.0250
vn 0.9991 -0.0387 0.0156
vn 0.9936 -0.1126 -0.0113
vn -0.9316 0.0440 -0.3609
vn -0.9290 0.0454 -0.3673
vn -0.9311 0.0449 -0.3620
vn -0.9918 0.0520 -0.1164
vn -0.9908 0.0425 -0.1288
vn -0.9948 0.0292 -0.0973
vn -0.9968 0.0773 0.0211
vn -0.9995 0.0314 0.0011
vn -0.9983 -0.0041 0.0577
vn 0.9303 -0.1304 -0.3429
vn 0.9917 -0.1282 -0.0000
vn 0.9303 -0.1304 0.3429
vn 0.9035 -0.2641 -0.3375
vn 0.9666 -0.2565 -0.0000
vn 0.9035 -0.2641 0.3375
vn 0.8043 -0.5019 -0.3182
vn 0.8639 -0.5037 -0.0000
vn 0.8043 -0.5019 0.3182
vn -0.3429 -0.1304 -0.9303
vn -0.0000 -0.1282 -0.9917
vn 0.3429 -0.1304 -0.9303
vn -0.3375 -0.2641 -0.9035
vn -0.0000 -0.2565 -0.9666
vn 0.3375 -0.2641 -0.9035
vn -0.3182 -0.5019 -0.8043
vn -0.0000 -0.5037 -0.8639
vn 0.3182 -0.5019 -0.8043
vn -0.9303 -0.1304 0.3429
vn -0.9917 -0.1282 -0.0000
vn -0.9303 -0.1304 -0.3429
vn -0.9035 -0.2641 0.3375
vn -0.9666 -0.2565 -0.0000
vn -0.9035 -0.2641 -0.3375
vn -0.8043 -0.5019 0.3182
vn -0.8639 -0.5037 -0.0000
vn -0.8043 -0.5019 -0.3182
vn 0.3429 -0.1304 0.9303
vn -0.0000 -0.1282 0.9917
vn -0.3429 -0.1304 0.9303
vn 0.3375 -0.2641 0.9035
vn -0.0000 -0.2565 0.9666
vn -0.3375 -0.2641 0.9035
vn 0.3182 -0.5019 0.8043
vn -0.0000 -0.5037 0.8639
vn -0.3182 -0.5019 0.8043
vn 0.1057 -0.7296 -0.6756
vn 0.2671 -0.6372 -0.7230
vn 0.0806 -0.6186 -0.7816
vn -0.0323 -0.6417 -0.7663
vn 0.0454 -0.7726 -0.6332
vn 0.2246 -0.7773 -0.5877
vn 0.2410 -0.7460 -0.6208
vn -0.0905 -0.9062 -0.4130
vn -0.1861 -0.8284 -0.5283
vn -0.2469 -0.8559 -0.4544
vn -0.2906 -0.8927 -0.3444
vn -0.0605 -0.9536 -0.2948
vn 0.0421 -0.9460 -0.3214
vn -0.0206 -0.8831 -0.4688
vn 0.3141 0.8959 -0.3141
vn -0.0000 0.9473 -0.3205
vn -0.3141 0.8959 -0.3141
vn 0.3205 0.9473 -0.0000
vn -0.0000 1.0000 -0.0000
vn -0.3204 0.9473 -0.0000
vn 0.3141 0.8959 0.3141
vn -0.0000 0.9473 0.3205
vn -0.3141 0.8959 0.3141
vn 0.9303 0.0463 -0.3638
vn 0.9296 0.0463 -0.3657
vn 0.9328 0.0444 -0.3577
vn 0.9937 0.0339 -0.1073
vn 0.9906 0.0455 -0.1289
vn 0.9923 0.0529 -0.1121
vn 0.9989 0.0054 0.0475
vn 0.9992 0.0388 0.0017
vn 0.9965 0.0795 0.0270
vn -0.3827 0.8648 0.3251
vn -0.0951 0.9599 0.2639
vn 0.2065 0.9586 0.1963
vn -0.4574 0.8889 0.0261
vn -0.1659 0.9853 -0.0414
vn 0.1421 0.9843 -0.1048
vn -0.5057 0.8190 -0.2710
vn -0.2202 0.9133 -0.3426
vn 0.0835 0.9128 -0.3998
vn 0.1815 0.9703 -0.1602
vn -0.1187 0.9738 -0.1939
vn -0.4042 0.8840 -0.2348
vn 0.1434 0.9798 0.1393
vn -0.1581 0.9816 0.1067
vn -0.4451 0.8931 0.0643
vn 0.1174 0.8960 0.4283
vn -0.1830 0.8991 0.3975
vn -0.4682 0.8097 0.3537
vn -0.9384 -0.3246 -0.1188
vn -0.7805 -0.5277 -0.3352
vn -0.9554 -0.2869 -0.0702
vn -0.9857 -0.1117 0.1263
vn -0.9869 -0.1611 0.0043
vn -0.9181 -0.3542 -0.1779
vn -0.8140 -0.5186 -0.2617
vn 0.2819 -0.9171 0.2819
vn -0.0000 -0.9594 0.2819
vn -0.2819 -0.9171 0.2819
vn 0.2819 -0.9594 -0.0000
vn -0.0000 -1.0000 -0.0000
vn -0.2819 -0.9594 -0.0000
vn 0.2819 -0.9171 -0.2819
vn -0.0000 -0.9594 -0.2819
vn -0.2819 -0.9171 -0.2819
vn -0.3929 -0.0824 0.9159
vn -0.4054 -0.0577 0.9123
vn -0.4146 -0.0316 0.9094
vn 0.0085 -0.0798 0.9968
vn 0.0093 -0.0582 0.9983
vn 0.0091 -0.0355 0.9993
vn 0.4174 -0.0847 0.9048
vn 0.4336 -0.0573 0.8993
vn 0.4411 -0.0281 0.8970
vn -0.3550 0.0422 -0.9339
vn 0.0004 0.0413 -0.9991
vn 0.3562 0.0423 -0.9334
vn -0.3527 0.0447 -0.9347
vn 0.0003 0.0437 -0.9990
vn 0.3536 0.0449 -0.9343
vn -0.3499 0.0469 -0.9356
vn 0.0002 0.0458 -0.9990
vn 0.3505 0.0471 -0.9354
vn 0.3451 -0.0525 0.9371
vn -0.0000 -0.0518 0.9987
vn -0.3451 -0.0525 0.9371
vn 0.3446 -0.0757 0.9357
vn -0.0000 -0.0747 0.9972
vn -0.3446 -0.0757 0.9357
vn 0.3441 -0.0898 0.9346
vn -0.0000 -0.0886 0.9961
vn -0.3441 -0.0898 0.9346
vn -0.9371 -0.0525 0.3451
vn -0.9987 -0.0518 -0.0000
vn -0.9371 -0.0525 -0.3451
vn -0.9357 -0.0757 0.3446
vn -0.9972 -0.0747 -0.0000
vn -0.9357 -0.0757 -0.3446
vn -0.9346 -0.0898 0.3441
vn -0.9961 -0.0886 -0.0000
vn -0.9346 -0.0898 -0.3441
vn -0.3451 -0.0525 -0.9371
vn -0.0000 -0.0518 -0.9987
vn 0.3451 -0.0525 -0.9371
vn -0.3446 -0.0757 -0.9357
vn -0.0000 -0.0747 -0.9972
vn 0.3446 -0.0757 -0.9357
vn -0.3441 -0.0898 -0.9346
vn -0.0000 -0.0886 -0.9961
vn 0.3441 -0.0898 -0.9346
vn 0.9371 -0.0525 -0.3451
vn 0.9987 -0.0518 -0.0000
vn 0.9371 -0.0525 0.3451
vn 0.9357 -0.0757 -0.3446
vn 0.9972 -0.0747 -0.0000
vn 0.9357 -0.0757 0.3446
vn 0.9346 -0.0898 -0.3441
vn 0.9961 -0.0886 -0.0000
vn 0.9346 -0.0898 0.3441
vn 0.3451 0.0519 0.9371
vn -0.0000 0.0512 0.9987
vn -0.3451 0.0519 0.9371
vn 0.3453 0.0373 0.9377
vn -0.0000 0.0368 0.9993
vn -0.3453 0.0373 0.9377
vn 0.3456 0.0135 0.9383
vn -0.0000 0.0133 0.9999
vn -0.3456 0.0135 0.9383
vn -0.9371 0.0519 0.3451
vn -0.9987 0.0512 -0.0000
vn -0.9371 0.0519 -0.3451
vn -0.9377 0.0373 0.3453
vn -0.9993 0.0368 -0.0000
vn -0.9377 0.0373 -0.3453
vn -0.9383 0.0135 0.3456
vn -0.9999 0.0133 -0.0000
vn -0.9383 0.0135 -0.3456
vn -0.3451 0.0519 -0.9371
vn -0.0000 0.0512 -0.9987
vn 0.3451 0.0519 -0.9371
vn -0.3453 0.0373 -0.9377
vn -0.0000 0.0368 -0.9993
vn 0.3453 0.0373 -0.9377
vn -0.3456 0.0135 -0.9383
vn -0.0000 0.0133 -0.9999
vn 0.3456 0.0135 -0.9383
vn 0.9371 0.0519 -0.3451
vn 0.9987 0.0512 -0.0000
vn 0.9371 0.0519 0.3451
vn 0.9377 0.0373 -0.3453
vn 0.9993 0.0368 -0.0000
vn 0.9377 0.0373 0.3453
vn 0.9383 0.0135 -0.3456
vn 0.9999 0.0133 -0.0000
vn 0.9383 0.0135 0.3456
vn 0.3412 -0.0966 0.9350
vn 0.0199 -0.0787 0.9967
vn -0.3117 -0.0766 0.9471
vn 0.3406 -0.0110 0.9401
vn 0.0044 0.0041 1.0000
vn -0.3306 -0.0044 0.9438
vn 0.3441 0.0405 0.9381
vn 0.0010 0.0418 0.9991
vn -0.3445 0.0384 0.9380
vn -0.9520 0.0024 0.3062
vn -0.9990 0.0404 -0.0192
vn -0.9368 0.0517 -0.3461
vn -0.9432 0.0254 0.3312
vn -0.9988 0.0486 -0.0054
vn -0.9370 0.0543 -0.3452
vn -0.9382 0.0492 0.3427
vn -0.9985 0.0545 -0.0005
vn -0.9369 0.0563 -0.3450
vn -0.3460 0.0521 -0.9368
vn -0.0000 0.0511 -0.9987
vn 0.3461 0.0522 -0.9367
vn -0.3453 0.0546 -0.9369
vn -0.0000 0.0537 -0.9986
vn 0.3453 0.0546 -0.9369
vn -0.3450 0.0563 -0.9369
vn -0.0000 0.0555 -0.9985
vn 0.3450 0.0563 -0.9369
vn 0.9358 0.0515 -0.3488
vn 0.9989 0.0374 -0.0289
vn 0.9572 -0.0025 0.2895
vn 0.9367 0.0543 -0.3458
vn 0.9989 0.0467 -0.0079
vn 0.9445 0.0224 0.3278
vn 0.9369 0.0563 -0.3450
vn 0.9985 0.0542 -0.0006
vn 0.9381 0.0487 0.3429
vn 0.3460 0.1036 0.9325
vn -0.0010 0.1054 0.9944
vn -0.3478 0.1041 0.9318
vn 0.3417 0.2086 0.9164
vn -0.0015 0.2095 0.9778
vn -0.3447 0.2092 0.9151
vn 0.3615 0.3937 0.8452
vn -0.0022 0.4061 0.9138
vn -0.3655 0.3946 0.8430
vn -0.9403 0.0570 0.3357
vn -0.9993 0.0360 -0.0028
vn -0.9392 0.0284 -0.3421
vn -0.9471 0.0937 0.3068
vn -0.9989 0.0453 -0.0149
vn -0.9393 0.0314 -0.3417
vn -0.9618 0.1143 0.2486
vn -0.9975 0.0541 -0.0451
vn -0.9380 0.0358 -0.3447
vn -0.3503 0.0276 -0.9362
vn 0.0002 0.0281 -0.9996
vn 0.3510 0.0273 -0.9360
vn -0.3530 0.0302 -0.9351
vn 0.0003 0.0306 -0.9995
vn 0.3540 0.0299 -0.9348
vn -0.3552 0.0342 -0.9342
vn 0.0004 0.0342 -0.9994
vn 0.3565 0.0340 -0.9337
vn 0.9398 0.0271 -0.3406
vn 0.9994 0.0343 -0.0013
vn 0.9399 0.0553 0.3369
vn 0.9401 0.0302 -0.3394
vn 0.9990 0.0437 -0.0124
vn 0.9466 0.0917 0.3091
vn 0.9392 0.0351 -0.3416
vn 0.9977 0.0529 -0.0414
vn 0.9610 0.1127 0.2525
vn 0.3803 0.0335 0.9242
vn 0.0032 0.0278 0.9996
vn -0.3723 0.0273 0.9277
vn 0.3542 0.0437 0.9341
vn 0.0008 0.0406 0.9992
vn -0.3517 0.0401 0.9352
vn 0.3459 0.0481 0.9370
vn -0.0002 0.0483 0.9988
vn -0.3460 0.0473 0.9371
vn -0.9491 0.0124 0.3147
vn -0.9982 -0.0493 -0.0336
vn -0.9255 -0.1124 -0.3618
vn -0.9423 0.0110 0.3347
vn -0.9999 -0.0000 -0.0101
vn -0.9376 -0.0220 -0.3470
vn -0.9383 0.0304 0.3445
vn -0.9997 0.0235 -0.0001
vn -0.9393 0.0163 -0.3428
vn -0.2704 -0.1963 -0.9425
vn 0.0335 -0.1737 -0.9842
vn 0.3355 -0.1873 -0.9232
vn -0.3280 -0.0640 -0.9425
vn 0.0121 -0.0535 -0.9985
vn 0.3438 -0.0562 -0.9373
vn -0.3462 0.0055 -0.9382
vn 0.0009 0.0087 -1.0000
vn 0.3462 0.0085 -0.9381
vn 0.9379 -0.0922 -0.3345
vn 0.9996 -0.0210 -0.0195
vn 0.9493 0.0458 0.3111
vn 0.9400 -0.0189 -0.3406
vn 0.9999 0.0082 -0.0057
vn 0.9423 0.0223 0.3341
vn 0.9394 0.0170 -0.3425
vn 0.9997 0.0250 0.0006
vn 0.9382 0.0327 0.3447
vn 0.3544 -0.1607 0.9212
vn 0.0018 -0.1550 0.9879
vn -0.3493 -0.1583 0.9235
vn 0.3651 -0.1518 0.9185
vn 0.0031 -0.1452 0.9894
vn -0.3564 -0.1488 0.9224
vn 0.3798 -0.1348 0.9152
vn 0.0048 -0.1277 0.9918
vn -0.3663 -0.1315 0.9212
vn -0.9280 -0.1534 0.3396
vn -0.9906 -0.1363 0.0090
vn -0.9398 -0.1074 -0.3245
vn -0.9298 -0.1417 0.3396
vn -0.9932 -0.1136 0.0238
vn -0.9554 -0.0473 -0.2916
vn -0.9314 -0.1231 0.3426
vn -0.9951 -0.0821 0.0558
vn -0.9742 0.0215 -0.2245
vn -0.3616 -0.0344 -0.9317
vn -0.0077 -0.0257 -0.9996
vn 0.3492 -0.0385 -0.9363
vn -0.3799 0.1309 -0.9157
vn -0.0138 0.1491 -0.9887
vn 0.3546 0.1258 -0.9265
vn -0.3998 0.4646 -0.7901
vn -0.0208 0.4922 -0.8702
vn 0.3782 0.4387 -0.8152
vn 0.9342 -0.1246 -0.3342
vn 0.9884 -0.1518 -0.0037
vn 0.9308 -0.1643 0.3266
vn 0.9472 -0.0732 -0.3123
vn 0.9909 -0.1346 -0.0001
vn 0.9356 -0.1556 0.3170
vn 0.9647 -0.0109 -0.2632
vn 0.9942 -0.1068 0.0158
vn 0.9418 -0.1374 0.3069
vn 0.3449 -0.0713 0.9359
vn -0.0000 -0.0702 0.9975
vn -0.3448 -0.0712 0.9360
vn 0.3438 -0.1191 0.9314
vn 0.0001 -0.1170 0.9931
vn -0.3436 -0.1188 0.9316
vn 0.3442 -0.1494 0.9269
vn 0.0004 -0.1461 0.9893
vn -0.3432 -0.1485 0.9274
vn -0.9360 -0.0710 0.3449
vn -0.9976 -0.0695 0.0002
vn -0.9362 -0.0696 -0.3446
vn -0.9318 -0.1180 0.3432
vn -0.9934 -0.1146 0.0007
vn -0.9328 -0.1131 -0.3423
vn -0.9283 -0.1468 0.3416
vn -0.9901 -0.1404 0.0018
vn -0.9310 -0.1351 -0.3392
vn -0.3450 -0.0682 -0.9361
vn -0.0000 -0.0670 -0.9978
vn 0.3450 -0.0683 -0.9361
vn -0.3444 -0.1065 -0.9328
vn -0.0004 -0.1041 -0.9946
vn 0.3441 -0.1069 -0.9328
vn -0.3458 -0.1198 -0.9306
vn -0.0015 -0.1160 -0.9932
vn 0.3439 -0.1210 -0.9312
vn 0.9361 -0.0703 -0.3445
vn 0.9975 -0.0701 0.0001
vn 0.9360 -0.0714 0.3448
vn 0.9324 -0.1153 -0.3426
vn 0.9932 -0.1167 0.0001
vn 0.9318 -0.1195 0.3426
vn 0.9296 -0.1404 -0.3406
vn 0.9894 -0.1455 -0.0005
vn 0.9286 -0.1505 0.3391
vn 0.3530 -0.8740 0.3341
vn -0.0017 -0.9358 0.3527
vn -0.3556 -0.8769 0.3233
vn 0.3418 -0.8527 0.3952
vn -0.0154 -0.9146 0.4041
vn -0.3645 -0.8518 0.3763
vn 0.2863 -0.8125 0.5078
vn -0.0416 -0.8637 0.5024
vn -0.3668 -0.7933 0.4860
vn -0.9449 -0.3112 0.1020
vn -1.0000 0.0093 -0.0028
vn -0.9395 0.3340 -0.0754
vn -0.9482 -0.2903 0.1292
vn -0.9999 0.0095 0.0128
vn -0.9486 0.3140 -0.0399
vn -0.9473 -0.2570 0.1911
vn -0.9985 0.0011 0.0544
vn -0.9594 0.2803 -0.0301
vn -0.3545 0.9237 -0.1450
vn -0.0008 0.9891 -0.1469
vn 0.3533 0.9242 -0.1448
vn -0.3769 0.9252 -0.0444
vn -0.0005 0.9996 -0.0282
vn 0.3767 0.9255 -0.0402
vn -0.4039 0.8925 0.2007
vn -0.0011 0.9762 0.2169
vn 0.4019 0.8920 0.2070
vn 0.9418 0.3299 -0.0643
vn 0.9999 0.0050 0.0126
vn 0.9420 -0.3138 0.1187
vn 0.9505 0.3095 -0.0256
vn 0.9996 0.0032 0.0267
vn 0.9436 -0.2978 0.1448
vn 0.9612 0.2756 -0.0107
vn 0.9973 -0.0137 0.0727
vn 0.9364 -0.2820 0.2091
vn 0.3256 -0.7598 0.5627
vn -0.0037 -0.8153 0.5791
vn -0.3356 -0.7810 0.5267
vn 0.3330 -0.8317 0.4443
vn 0.0022 -0.8874 0.4609
vn -0.3327 -0.8441 0.4204
vn 0.3388 -0.8674 0.3644
vn 0.0027 -0.9243 0.3818
vn -0.3372 -0.8744 0.3489
vn -0.9334 -0.3270 0.1478
vn -0.9975 -0.0350 -0.0607
vn -0.9313 0.2629 -0.2520
vn -0.9349 -0.3321 0.1255
vn -0.9995 -0.0083 -0.0293
vn -0.9328 0.3221 -0.1618
vn -0.9375 -0.3303 0.1096
vn -0.9999 0.0039 -0.0096
vn -0.9333 0.3432 -0.1055
vn -0.3331 0.7823 -0.5264
vn 0.0058 0.8401 -0.5425
vn 0.3462 0.7921 -0.5027
vn -0.3384 0.8802 -0.3327
vn -0.0040 0.9379 -0.3468
vn 0.3331 0.8819 -0.3335
vn -0.3407 0.9138 -0.2210
vn -0.0047 0.9726 -0.2323
vn 0.3332 0.9145 -0.2296
vn 0.9439 0.2917 -0.1550
vn 0.9987 -0.0001 0.0515
vn 0.9235 -0.2869 0.2546
vn 0.9397 0.3205 -0.1190
vn 0.9995 -0.0048 0.0314
vn 0.9284 -0.3196 0.1895
vn 0.9383 0.3332 -0.0924
vn 0.9998 -0.0036 0.0188
vn 0.9328 -0.3300 0.1447
vn 0.2723 -0.3199 0.9075
vn -0.0634 -0.3754 0.9247
vn -0.3940 -0.3911 0.8317
vn 0.2800 -0.3865 0.8787
vn -0.0519 -0.4415 0.8957
vn -0.3810 -0.4491 0.8082
vn 0.2940 -0.4936 0.8185
vn -0.0361 -0.5485 0.8353
vn -0.3651 -0.5441 0.7554
vn -0.9434 -0.2628 0.2022
vn -0.9755 -0.1652 -0.1450
vn -0.8768 -0.0676 -0.4761
vn -0.9415 -0.2717 0.1993
vn -0.9786 -0.1477 -0.1432
vn -0.8816 -0.0278 -0.4711
vn -0.9383 -0.2877 0.1918
vn -0.9847 -0.1173 -0.1291
vn -0.8975 0.0488 -0.4384
vn -0.2420 0.1336 -0.9610
vn 0.0898 0.1901 -0.9777
vn 0.4127 0.2242 -0.8828
vn -0.2500 0.1956 -0.9483
vn 0.0784 0.2517 -0.9646
vn 0.3998 0.2820 -0.8722
vn -0.2739 0.3411 -0.8992
vn 0.0583 0.3980 -0.9155
vn 0.3854 0.4117 -0.8258
vn 0.9573 0.1558 -0.2435
vn 0.9927 0.0616 0.1040
vn 0.9011 -0.0584 0.4296
vn 0.9548 0.1736 -0.2414
vn 0.9935 0.0530 0.1010
vn 0.9031 -0.0924 0.4193
vn 0.9521 0.2054 -0.2266
vn 0.9949 0.0374 0.0934
vn 0.9085 -0.1485 0.3907
vn 0.2588 -0.1997 0.9451
vn -0.0858 -0.2570 0.9626
vn -0.4196 -0.2855 0.8616
vn 0.2653 -0.2448 0.9326
vn -0.0786 -0.3018 0.9501
vn -0.4123 -0.3270 0.8504
vn 0.2690 -0.2750 0.9231
vn -0.0733 -0.3315 0.9406
vn -0.4067 -0.3537 0.8424
vn -0.9512 -0.2184 0.2178
vn -0.9818 -0.1437 -0.1245
vn -0.8904 -0.0544 -0.4518
vn -0.9471 -0.2417 0.2113
vn -0.9788 -0.1588 -0.1294
vn -0.8877 -0.0640 -0.4560
vn -0.9446 -0.2556 0.2060
vn -0.9764 -0.1686 -0.1351
vn -0.8841 -0.0717 -0.4618
vn -0.2533 0.1597 -0.9541
vn 0.0925 0.2178 -0.9716
vn 0.4275 0.2463 -0.8698
vn -0.2521 0.1572 -0.9548
vn 0.0922 0.2153 -0.9722
vn 0.4267 0.2422 -0.8713
vn -0.2495 0.1477 -0.9570
vn 0.0926 0.2057 -0.9742
vn 0.4250 0.2327 -0.8748
vn 0.9581 0.1798 -0.2228
vn 0.9872 0.1056 0.1193
vn 0.8949 0.0152 0.4460
vn 0.9598 0.1642 -0.2277
vn 0.9902 0.0824 0.1131
vn 0.8989 -0.0167 0.4378
vn 0.9601 0.1537 -0.2336
vn 0.9918 0.0686 0.1079
vn 0.9011 -0.0363 0.4322
vn 0.2272 -0.0041 0.9738
vn -0.1164 -0.0623 0.9912
vn -0.4477 -0.1022 0.8883
vn 0.2319 -0.0325 0.9722
vn -0.1119 -0.0906 0.9896
vn -0.4436 -0.1288 0.8869
vn 0.2395 -0.0773 0.9678
vn -0.1049 -0.1353 0.9852
vn -0.4374 -0.1710 0.8828
vn -0.9664 -0.1082 0.2332
vn -0.9908 -0.0723 -0.1145
vn -0.8944 -0.0170 -0.4469
vn -0.9645 -0.1242 0.2329
vn -0.9900 -0.0826 -0.1146
vn -0.8944 -0.0223 -0.4467
vn -0.9615 -0.1498 0.2305
vn -0.9883 -0.0992 -0.1161
vn -0.8939 -0.0309 -0.4472
vn -0.2506 0.1451 -0.9572
vn 0.0948 0.2016 -0.9749
vn 0.4268 0.2441 -0.8708
vn -0.2512 0.1476 -0.9566
vn 0.0945 0.2044 -0.9743
vn 0.4272 0.2449 -0.8703
vn -0.2520 0.1515 -0.9558
vn 0.0940 0.2086 -0.9735
vn 0.4277 0.2458 -0.8699
vn 0.9443 0.2513 -0.2125
vn 0.9676 0.2133 0.1349
vn 0.8699 0.1593 0.4668
vn 0.9469 0.2412 -0.2126
vn 0.9710 0.1978 0.1344
vn 0.8739 0.1384 0.4660
vn 0.9506 0.2247 -0.2142
vn 0.9761 0.1729 0.1319
vn 0.8802 0.1053 0.4627
vn 0.2254 0.0094 0.9742
vn -0.1191 -0.0491 0.9917
vn -0.4508 -0.0902 0.8881
vn 0.2255 0.0087 0.9742
vn -0.1190 -0.0497 0.9917
vn -0.4506 -0.0907 0.8881
vn 0.2256 0.0078 0.9742
vn -0.1187 -0.0506 0.9916
vn -0.4503 -0.0913 0.8882
vn -0.9676 -0.1019 0.2311
vn -0.8937 -0.0160 -0.4484
vn -0.9675 -0.1020 0.2312
vn -0.9908 -0.0688 -0.1164
vn -0.8937 -0.0158 -0.4484
vn -0.9674 -0.1021 0.2316
vn -0.9909 -0.0687 -0.1160
vn -0.8938 -0.0156 -0.4481
vn -0.2500 0.1431 -0.9576
vn 0.0949 0.1995 -0.9753
vn 0.4262 0.2427 -0.8715
vn -0.2500 0.1433 -0.9576
vn 0.0948 0.1997 -0.9753
vn 0.4262 0.2429 -0.8714
vn -0.2501 0.1436 -0.9575
vn 0.0948 0.2000 -0.9752
vn 0.4262 0.2432 -0.8713
vn 0.9666 0.2193 0.1329
vn 0.8691 0.1685 0.4651
vn 0.9430 0.2545 -0.2144
vn 0.9666 0.2193 0.1330
vn 0.8691 0.1682 0.4652
vn 0.9430 0.2547 -0.2141
vn 0.9665 0.2191 0.1333
vn 0.8690 0.1678 0.4655
vn 0.1554 0.4121 0.8978
vn -0.1698 0.3596 0.9175
vn -0.4813 0.3183 0.8167
vn 0.1967 0.1780 0.9642
vn -0.1420 0.1136 0.9833
vn -0.4695 0.0799 0.8793
vn 0.2191 0.0462 0.9746
vn -0.1244 -0.0132 0.9921
vn -0.4554 -0.0531 0.8887
vn -0.9126 0.3085 0.2685
vn -0.9378 0.3421 -0.0588
vn -0.8430 0.3892 -0.3714
vn -0.9664 0.0685 0.2475
vn -0.9909 0.0942 -0.0959
vn -0.8936 0.1531 -0.4219
vn -0.9699 -0.0649 0.2346
vn -0.9931 -0.0331 -0.1122
vn -0.8962 0.0207 -0.4432
vn -0.3058 0.5220 -0.7962
vn 0.0187 0.5784 -0.8155
vn 0.3308 0.6157 -0.7151
vn -0.2747 0.3060 -0.9115
vn 0.0664 0.3554 -0.9323
vn 0.3915 0.4041 -0.8267
vn -0.2554 0.1790 -0.9501
vn 0.0888 0.2343 -0.9681
vn 0.4191 0.2783 -0.8642
vn 0.7621 0.6256 -0.1669
vn 0.7867 0.5960 0.1608
vn 0.6925 0.5448 0.4729
vn 0.8885 0.4155 -0.1949
vn 0.9154 0.3749 0.1469
vn 0.8156 0.3310 0.4746
vn 0.9336 0.2901 -0.2101
vn 0.9575 0.2542 0.1363
vn 0.8599 0.2045 0.4677
vn -0.3263 -0.9356 -0.1346
vn -0.0016 -0.9830 -0.1838
vn 0.3200 -0.9264 -0.1984
vn -0.3196 -0.9444 -0.0778
vn -0.0000 -0.9937 -0.1118
vn 0.3125 -0.9408 -0.1311
vn -0.3162 -0.9451 -0.0818
vn -0.0118 -0.9949 -0.1001
vn 0.2840 -0.9517 -0.1167
vn 0.9179 -0.3878 -0.0844
vn 0.9983 -0.0566 0.0100
vn 0.9526 0.2854 0.1055
vn 0.9242 -0.3794 -0.0447
vn 0.9983 -0.0506 0.0297
vn 0.9543 0.2875 0.0818
vn 0.9349 -0.3538 -0.0290
vn 0.9987 -0.0420 0.0285
vn 0.9636 0.2636 0.0443
vn 0.3611 0.8920 0.2720
vn 0.0181 0.9509 0.3090
vn -0.3208 0.8878 0.3300
vn 0.3474 0.9258 0.1492
vn 0.0051 0.9846 0.1748
vn -0.3314 0.9226 0.1974
vn 0.3429 0.9375 -0.0587
vn -0.0092 0.9992 -0.0384
vn -0.3525 0.9357 -0.0137
vn -0.9144 0.2924 0.2799
vn -0.9784 -0.0507 0.2003
vn -0.9157 -0.3906 0.0946
vn -0.9237 0.3070 0.2292
vn -0.9814 -0.0296 0.1895
vn -0.9240 -0.3673 0.1062
vn -0.9402 0.2941 0.1720
vn -0.9861 -0.0091 0.1661
vn -0.9464 -0.3103 0.0900
vn -0.4203 -0.6172 -0.6652
vn -0.0926 -0.6382 -0.7643
vn 0.2426 -0.5799 -0.7777
vn -0.4016 -0.7049 -0.5846
vn -0.0727 -0.7326 -0.6767
vn 0.2629 -0.6743 -0.6900
vn -0.3769 -0.8089 -0.4512
vn -0.0466 -0.8455 -0.5320
vn 0.2883 -0.7870 -0.5454
vn 0.8783 -0.1597 -0.4506
vn 0.9766 0.0755 -0.2012
vn 0.9505 0.3012 0.0760
vn 0.8912 -0.2227 -0.3952
vn 0.9848 0.0371 -0.1699
vn 0.9534 0.2914 0.0785
vn 0.9064 -0.2958 -0.3017
vn 0.9934 -0.0063 -0.1150
vn 0.9551 0.2830 0.0882
vn 0.4226 0.6319 0.6497
vn 0.0942 0.6412 0.7616
vn -0.2461 0.5824 0.7747
vn 0.4118 0.6951 0.5892
vn 0.0782 0.7197 0.6899
vn -0.2637 0.6585 0.7049
vn 0.3954 0.7760 0.4914
vn 0.0558 0.8198 0.5699
vn -0.2872 0.7564 0.5876
vn -0.8907 0.1900 0.4130
vn -0.9876 -0.0355 0.1532
vn -0.9572 -0.2608 -0.1255
vn -0.8969 0.2082 0.3901
vn -0.9862 -0.0471 0.1587
vn -0.9491 -0.3010 -0.0928
vn -0.9040 0.2356 0.3569
vn -0.9835 -0.0569 0.1720
vn -0.9376 -0.3461 -0.0350
vn -0.4700 -0.3761 -0.7985
vn -0.1459 -0.3721 -0.9166
vn 0.1928 -0.3134 -0.9298
vn -0.4523 -0.4771 -0.7535
vn -0.1255 -0.4831 -0.8665
vn 0.2142 -0.4241 -0.8799
vn -0.4393 -0.5434 -0.7153
vn -0.1112 -0.5562 -0.8236
vn 0.2283 -0.4972 -0.8371
vn 0.8481 0.0008 -0.5299
vn 0.9581 0.1624 -0.2360
vn 0.9454 0.3157 0.0814
vn 0.8628 -0.0658 -0.5012
vn 0.9667 0.1266 -0.2223
vn 0.9465 0.3130 0.0788
vn 0.8719 -0.1095 -0.4774
vn 0.9721 0.1032 -0.2108
vn 0.9475 0.3101 0.0785
vn 0.4452 0.5311 0.7209
vn 0.1181 0.5275 0.8413
vn -0.2247 0.4702 0.8535
vn 0.4305 0.5939 0.6796
vn 0.1026 0.6019 0.7919
vn -0.2385 0.5442 0.8043
vn 0.4229 0.6250 0.6561
vn 0.0947 0.6377 0.7644
vn -0.2449 0.5798 0.7771
vn -0.8812 0.1480 0.4490
vn -0.9876 -0.0170 0.1563
vn -0.9720 -0.1681 -0.1639
vn -0.8856 0.1754 0.4300
vn -0.9877 -0.0216 0.1546
vn -0.9670 -0.2067 -0.1488
vn -0.8880 0.1892 0.4192
vn -0.9876 -0.0258 0.1546
vn -0.9632 -0.2317 -0.1361
vn -0.5261 -0.0106 -0.8504
vn -0.2125 0.0274 -0.9768
vn 0.1206 0.0849 -0.9891
vn -0.5168 -0.0556 -0.8543
vn -0.2034 -0.0225 -0.9788
vn 0.1279 0.0347 -0.9912
vn -0.5052 -0.1303 -0.8531
vn -0.1900 -0.1045 -0.9762
vn 0.1420 -0.0471 -0.9887
vn 0.7964 0.2434 -0.5536
vn 0.9270 0.2932 -0.2339
vn 0.9386 0.3250 0.1156
vn 0.7996 0.2138 -0.5612
vn 0.9292 0.2784 -0.2429
vn 0.9396 0.3256 0.1061
vn 0.8092 0.1645 -0.5640
vn 0.9350 0.2526 -0.2491
vn 0.9409 0.3250 0.0958
vn 0.4897 0.2876 0.8231
vn 0.1719 0.2367 0.9563
vn -0.1709 0.1820 0.9683
vn 0.4856 0.3156 0.8152
vn 0.1664 0.2689 0.9487
vn -0.1769 0.2140 0.9607
vn 0.4776 0.3655 0.7989
vn 0.1561 0.3276 0.9318
vn -0.1878 0.2721 0.9438
vn -0.8574 0.0458 0.5126
vn -0.9824 0.0009 0.1867
vn -0.9862 -0.0259 -0.1638
vn -0.8618 0.0589 0.5039
vn -0.9841 0.0001 0.1776
vn -0.9841 -0.0419 -0.1729
vn -0.8676 0.0807 0.4906
vn -0.9858 -0.0024 0.1681
vn -0.9814 -0.0700 -0.1789
vn -0.5524 0.3797 -0.7420
vn -0.2573 0.4261 -0.8673
vn 0.0627 0.4771 -0.8766
vn -0.5501 0.1652 -0.8186
vn -0.2395 0.2036 -0.9493
vn 0.0942 0.2659 -0.9594
vn -0.5402 0.0476 -0.8402
vn -0.2247 0.0889 -0.9704
vn 0.1133 0.1479 -0.9825
vn 0.6313 0.5911 -0.5021
vn 0.7518 0.6273 -0.2033
vn 0.7584 0.6408 0.1197
vn 0.7478 0.4007 -0.5294
vn 0.8751 0.4331 -0.2160
vn 0.8803 0.4582 0.1232
vn 0.7904 0.2908 -0.5392
vn 0.9183 0.3291 -0.2201
vn 0.9273 0.3525 0.1261
vn 0.3855 0.6039 0.6976
vn 0.0904 0.5614 0.8226
vn -0.2280 0.5063 0.8317
vn 0.4518 0.4157 0.7894
vn 0.1437 0.3623 0.9209
vn -0.1917 0.3134 0.9301
vn 0.4825 0.3072 0.8202
vn 0.1673 0.2561 0.9520
vn -0.1734 0.2023 0.9639
vn -0.7961 0.3942 0.4593
vn -0.9179 0.3625 0.1616
vn -0.9247 0.3447 -0.1619
vn -0.8457 0.1850 0.5005
vn -0.9719 0.1417 0.1878
vn -0.9800 0.1292 -0.1516
vn -0.8534 0.0705 0.5164
vn -0.9802 0.0305 0.1958
vn -0.9886 0.0130 -0.1501
vn 0.3422 0.1377 0.9295
vn -0.0000 0.1358 0.9907
vn -0.3422 0.1377 0.9295
vn 0.3436 0.1087 0.9328
vn -0.0000 0.1072 0.9942
vn -0.3435 0.1087 0.9328
vn 0.3450 0.0618 0.9366
vn -0.0000 0.0610 0.9981
vn -0.3450 0.0618 0.9366
vn -0.9295 0.1377 0.3422
vn -0.9907 0.1358 -0.0000
vn -0.9295 0.1377 -0.3422
vn -0.9328 0.1087 0.3435
vn -0.9942 0.1072 -0.0000
vn -0.9328 0.1087 -0.3436
vn -0.9366 0.0618 0.3450
vn -0.9981 0.0610 -0.0000
vn -0.9366 0.0618 -0.3450
vn -0.3422 0.1377 -0.9295
vn -0.0000 0.1358 -0.9907
vn 0.3422 0.1377 -0.9295
vn -0.3436 0.1087 -0.9328
vn -0.0000 0.1072 -0.9942
vn 0.3435 0.1087 -0.9328
vn -0.3450 0.0618 -0.9366
vn -0.0000 0.0610 -0.9981
vn 0.3450 0.0618 -0.9366
vn 0.9295 0.1377 -0.3422
vn 0.9907 0.1358 -0.0000
vn 0.9295 0.1377 0.3422
vn 0.9328 0.1087 -0.3435
vn 0.9942 0.1072 -0.0000
vn 0.9328 0.1087 0.3436
vn 0.9366 0.0618 -0.3450
vn 0.9981 0.0610 -0.0000
vn 0.9366 0.0618 0.3450
vn 0.3211 0.4875 0.8120
vn -0.0000 0.4896 0.8719
vn -0.3211 0.4875 0.8120
vn 0.3344 0.2898 0.8968
vn -0.0000 0.2830 0.9591
vn -0.3344 0.2898 0.8968
vn 0.3402 0.1787 0.9232
vn -0.0000 0.1761 0.9844
vn -0.3402 0.1787 0.9232
vn -0.8120 0.4875 0.3211
vn -0.8719 0.4896 -0.0000
vn -0.8120 0.4875 -0.3211
vn -0.8968 0.2898 0.3344
vn -0.9591 0.2830 -0.0000
vn -0.8968 0.2898 -0.3344
vn -0.9232 0.1787 0.3402
vn -0.9844 0.1761 -0.0000
vn -0.9232 0.1787 -0.3402
vn -0.3211 0.4875 -0.8120
vn -0.0000 0.4896 -0.8719
vn 0.3211 0.4875 -0.8120
vn -0.3344 0.2898 -0.8968
vn -0.0000 0.2830 -0.9591
vn 0.3344 0.2898 -0.8968
vn -0.3402 0.1787 -0.9232
vn -0.0000 0.1761 -0.9844
vn 0.3402 0.1787 -0.9232
vn 0.8120 0.4875 -0.3211
vn 0.8719 0.4896 -0.0000
vn 0.8120 0.4875 0.3211
vn 0.8968 0.2898 -0.3344
vn 0.9591 0.2830 -0.0000
vn 0.8968 0.2898 0.3344
vn 0.9232 0.1787 -0.3402
vn 0.9844 0.1761 -0.0000
vn 0.9232 0.1787 0.3402
s 1
f 787//731 791//735 786//730
f 788//732 785//729 787//731
f 790//734 785//729 789//733
f 113//105 121//113 54//50
f 114//106 786//730 113//105
f 786//730 120//112 121//113
f 53//49 788//732 115//107
f 116//108 789//733 788//732
f 115//107 787//731 114//106
f 119//111 118//110 77//73
f 119//111 791//735 790//734
f 790//734 117//109 118//110
f 794//738 798//742 793//737
f 796//740 794//738 795//739
f 797//741 792//736 796//740
f 122//114 116//108 53//49
f 123//115 793//737 122//114
f 793//737 117//109 116//108
f 125//117 124//116 57//53
f 126//118 795//739 125//117
f 795//739 123//115 124//116
f 77//73 797//741 127//119
f 118//110 798//742 797//741
f 127//119 796//740 126//118
f 801//745 805//749 800//744
f 802//746 799//743 801//745
f 805//749 803//747 804//748
f 203//195 200//192 65//61
f 204//196 800//744 203//195
f 800//744 201//193 200//192
f 68//64 802//746 205//197
f 206//198 803//747 802//746
f 205//197 801//745 204//196
f 202//194 208//200 96//92
f 201//193 804//748 202//194
f 804//748 207//199 208//200
f 807//277 809//276 806//276
f 807//277 811//278 810//277
f 810//277 812//276 809//276
f 810//277 814//278 813//277
f 308//276 305//44 48//44
f 309//277 806//276 308//276
f 309//277 808//278 807//277
f 310//278 289//41 808//278
f 808//278 288//41 811//278
f 811//278 287//41 814//278
f 814//278 41//41 286//278
f 813//277 286//278 285//277
f 813//277 284//276 812//276
f 812//276 44//44 307//44
f 809//276 307//44 306//44
f 806//276 306//44 305//44
f 816//751 815//750 821//756
f 818//753 815//750 817//752
f 821//756 819//754 820//755
f 140//132 137//129 78//74
f 141//133 816//751 140//132
f 137//129 821//756 138//130
f 121//113 142//134 54//50
f 121//113 819//754 818//753
f 142//134 817//752 141//133
f 139//131 119//111 77//73
f 138//130 820//755 139//131
f 820//755 120//112 119//111
f 823//758 822//757 828//763
f 826//761 824//759 825//760
f 828//763 826//761 827//762
f 78//74 823//758 140//132
f 136//128 824//759 823//758
f 140//132 828//763 141//133
f 143//135 134//126 58//54
f 144//136 825//760 143//135
f 825//760 135//127 134//126
f 142//134 145//137 54//50
f 141//133 827//762 142//134
f 827//762 144//136 145//137
f 830//271 832//270 829//270
f 830//271 834//272 833//271
f 833//271 835//270 832//270
f 833//271 837//272 836//271
f 302//270 299//43 47//43
f 303//271 829//270 302//270
f 303//271 831//272 830//271
f 304//272 305//44 831//272
f 831//272 306//44 834//272
f 834//272 307//44 837//272
f 837//272 44//44 280//272
f 836//271 280//272 279//271
f 836//271 278//270 835//270
f 835//270 43//43 301//43
f 832//270 301//43 300//43
f 829//270 300//43 299//43
f 839//765 841//767 838//764
f 840//766 842//768 839//765
f 841//767 845//771 844//770
f 842//768 846//772 845//771
f 229//221 239//231 66//62
f 228//220 838//764 229//221
f 227//219 839//765 228//220
f 70//66 840//766 227//219
f 840//766 222//214 843//769
f 843//769 223//215 846//772
f 846//772 71//67 193//185
f 845//771 193//185 192//184
f 844//770 192//184 191//183
f 241//233 191//183 95//91
f 841//767 241//233 240//232
f 838//764 240//232 239//231
f 848//265 850//264 847//264
f 848//265 852//266 851//265
f 851//265 853//264 850//264
f 851//265 855//266 854//265
f 296//264 293//42 46//42
f 297//265 847//264 296//264
f 297//265 849//266 848//265
f 298//266 299//43 849//266
f 849//266 300//43 852//266
f 852//266 301//43 855//266
f 855//266 43//43 274//266
f 854//265 274//266 273//265
f 854//265 272//264 853//264
f 853//264 42//42 295//42
f 850//264 295//42 294//42
f 847//264 294//42 293//42
f 857//259 859//258 856//258
f 857//259 861//260 860//259
f 860//259 862//258 859//258
f 860//259 864//260 863//259
f 290//258 289//41 45//41
f 291//259 856//258 290//258
f 291//259 858//260 857//259
f 292//260 293//42 858//260
f 858//260 294//42 861//260
f 861//260 295//42 864//260
f 864//260 42//42 268//260
f 863//259 268//260 267//259
f 863//259 266//258 862//258
f 862//258 41//41 287//41
f 859//258 287//41 288//41
f 856//258 288//41 289//41
f 865//773 869//777 868//776
f 866//774 870//778 869//777
f 869//777 871//779 868//776
f 870//778 872//780 869//777
f 69//65 865//773 185//177
f 197//189 866//774 865//773
f 198//190 867//775 866//774
f 199//191 200//192 867//775
f 867//775 201//193 870//778
f 870//778 202//194 873//781
f 202//194 133//125 873//781
f 873//781 132//124 872//780
f 872//780 131//123 871//779
f 871//779 72//68 187//179
f 868//776 187//179 186//178
f 865//773 186//178 185//177
f 875//783 877//785 874//782
f 876//784 878//786 875//783
f 878//786 880//788 877//785
f 879//787 881//789 878//786
f 179//171 173//165 59//55
f 180//172 874//782 179//171
f 181//173 875//783 180//172
f 55//51 876//784 181//173
f 149//141 879//787 876//784
f 150//142 882//790 879//787
f 151//143 145//137 882//790
f 882//790 144//136 881//789
f 881//789 143//135 880//788
f 880//788 58//54 175//167
f 877//785 175//167 174//166
f 874//782 174//166 173//165
f 884//792 886//794 883//791
f 884//792 888//796 887//795
f 887//795 889//797 886//794
f 887//795 891//799 890//798
f 284//276 281//273 44//44
f 285//277 883//791 284//276
f 285//277 885//793 884//792
f 286//278 265//257 885//793
f 885//793 264//256 888//796
f 888//796 263//255 891//799
f 891//799 1//1 235//227
f 890//798 235//227 234//226
f 890//798 233//225 889//797
f 889//797 4//4 283//275
f 886//794 283//275 282//274
f 883//791 282//274 281//273
f 893//801 895//803 892//800
f 893//801 897//805 896//804
f 896//804 898//806 895//803
f 896//804 900//808 899//807
f 278//270 275//267 43//43
f 279//271 892//800 278//270
f 279//271 894//802 893//801
f 280//272 281//273 894//802
f 894//802 282//274 897//805
f 897//805 283//275 900//808
f 900//808 4//4 184//176
f 899//807 184//176 183//175
f 899//807 182//174 898//806
f 898//806 3//3 277//269
f 895//803 277//269 276//268
f 892//800 276//268 275//267
f 902//810 904//812 901//809
f 902//810 906//814 905//813
f 905//813 907//815 904//812
f 905//813 909//817 908//816
f 272//264 269//261 42//42
f 273//265 901//809 272//264
f 273//265 903//811 902//810
f 274//266 275//267 903//811
f 903//811 276//268 906//814
f 906//814 277//269 909//817
f 909//817 3//3 190//182
f 908//816 190//182 189//181
f 908//816 188//180 907//815
f 907//815 2//2 271//263
f 904//812 271//263 270//262
f 901//809 270//262 269//261
f 911//819 913//821 910//818
f 911//819 915//823 914//822
f 914//822 916//824 913//821
f 914//822 918//826 917//825
f 266//258 265//257 41//41
f 267//259 910//818 266//258
f 267//259 912//820 911//819
f 268//260 269//261 912//820
f 912//820 270//262 915//823
f 915//823 271//263 918//826
f 918//826 2//2 220//212
f 917//825 220//212 219//211
f 917//825 218//210 916//824
f 916//824 1//1 263//255
f 913//821 263//255 264//256
f 910//818 264//256 265//257
f 920//828 919//827 925//833
f 923//831 921//829 922//830
f 924//832 919//827 923//831
f 209//201 206//198 68//64
f 209//201 921//829 920//828
f 920//828 207//199 206//198
f 212//204 211//203 67//63
f 213//205 922//830 212//204
f 922//830 210//202 211//203
f 208//200 214//206 96//92
f 208//200 925//833 924//832
f 214//206 923//831 213//205
f 927//835 926//834 932//840
f 929//837 926//834 928//836
f 932//840 930//838 931//839
f 215//207 212//204 67//63
f 216//208 927//835 215//207
f 212//204 932//840 213//205
f 95//91 929//837 217//209
f 196//188 930//838 929//837
f 217//209 928//836 216//208
f 214//206 194//186 96//92
f 213//205 931//839 214//206
f 931//839 195//187 194//186
f 933//841 937//845 936//844
f 935//843 937//845 934//842
f 937//845 939//847 936//844
f 937//845 941//849 940//848
f 40//40 933//841 253//245
f 254//246 934//842 933//841
f 256//248 934//842 255//247
f 39//39 935//843 256//248
f 257//249 938//846 935//843
f 938//846 259//251 941//849
f 941//849 38//38 260//252
f 940//848 260//252 261//253
f 940//848 262//254 939//847
f 939//847 37//37 251//243
f 936//844 251//243 252//244
f 253//245 936//844 252//244
f 942//850 946//854 945//853
f 943//851 947//855 946//854
f 945//853 949//857 948//856
f 946//854 950//858 949//857
f 56//52 942//850 155//147
f 176//168 943//851 942//850
f 177//169 944//852 943//851
f 178//170 172//164 944//852
f 944//852 171//163 947//855
f 947//855 170//162 950//858
f 950//858 57//53 124//116
f 949//857 124//116 123//115
f 948//856 123//115 122//114
f 157//149 122//114 53//49
f 156//148 948//856 157//149
f 155//147 945//853 156//148
f 951//859 955//863 954//862
f 953//861 955//863 952//860
f 955//863 957//865 954//862
f 955//863 959//867 958//866
f 36//36 951//859 160//152
f 128//120 952//860 951//859
f 130//122 952//860 129//121
f 35//35 953//861 130//122
f 245//237 956//864 953//861
f 956//864 247//239 959//867
f 959//867 34//34 248//240
f 958//866 248//240 249//241
f 958//866 250//242 957//865
f 957//865 33//33 158//150
f 954//862 158//150 159//151
f 160//152 954//862 159//151
f 960//868 964//872 963//871
f 962//870 964//872 961//869
f 964//872 966//874 963//871
f 964//872 968//876 967//875
f 24//24 960//868 163//155
f 146//138 961//869 960//868
f 148//140 961//869 147//139
f 23//23 962//870 148//140
f 242//234 965//873 962//870
f 965//873 244//236 968//876
f 968//876 22//22 167//159
f 967//875 167//159 168//160
f 967//875 169//161 966//874
f 966//874 21//21 161//153
f 963//871 161//153 162//154
f 163//155 963//871 162//154
f 970//878 969//877 975//883
f 973//881 971//879 972//880
f 975//883 973//881 974//882
f 67//63 970//878 215//207
f 236//228 971//879 970//878
f 215//207 975//883 216//208
f 239//231 238//230 66//62
f 240//232 972//880 239//231
f 972//880 237//229 238//230
f 217//209 241//233 95//91
f 216//208 974//882 217//209
f 974//882 240//232 241//233
f 976//884 980//888 979//887
f 978//886 980//888 977//885
f 980//888 982//890 979//887
f 980//888 984//892 983//891
f 1//1 976//884 235//227
f 218//210 977//885 976//884
f 220//212 977//885 219//211
f 2//2 978//886 220//212
f 188//180 981//889 978//886
f 981//889 190//182 984//892
f 984//892 3//3 182//174
f 983//891 182//174 183//175
f 983//891 184//176 982//890
f 982//890 4//4 233//225
f 979//887 233//225 234//226
f 235//227 979//887 234//226
f 986//894 988//896 985//893
f 987//895 989//897 986//894
f 988//896 992//900 991//899
f 989//897 993//901 992//900
f 227//219 224//216 70//66
f 228//220 985//893 227//219
f 229//221 986//894 228//220
f 66//62 987//895 229//221
f 230//222 990//898 987//895
f 231//223 993//901 990//898
f 993//901 65//61 199//191
f 992//900 199//191 198//190
f 991//899 198//190 197//189
f 226//218 197//189 69//65
f 225//217 991//899 226//218
f 985//893 225//217 224//216
f 994//902 998//906 997//905
f 996//904 998//906 995//903
f 997//905 1001//909 1000//908
f 999//907 1001//909 998//906
f 59//55 994//902 179//171
f 166//158 995//903 994//902
f 164//156 995//903 165//157
f 60//56 996//904 164//156
f 178//170 999//907 996//904
f 177//169 1002//910 999//907
f 176//168 154//146 1002//910
f 1002//910 153//145 1001//909
f 1000//908 153//145 152//144
f 181//173 152//144 55//51
f 180//172 1000//908 181//173
f 179//171 997//905 180//172
f 1004//912 1006//914 1003//911
f 1004//912 1008//916 1007//915
f 1007//915 1009//917 1006//914
f 1007//915 1011//919 1010//918
f 314//282 313//281 5//5
f 315//283 1003//911 314//282
f 315//283 1005//913 1004//912
f 316//284 317//285 1005//913
f 1005//913 318//286 1008//916
f 1008//916 319//287 1011//919
f 1011//919 46//42 292//260
f 1010//918 292//260 291//259
f 1010//918 290//258 1009//917
f 1009//917 45//41 311//279
f 1006//914 311//279 312//280
f 1003//911 312//280 313//281
f 1013//921 1015//923 1012//920
f 1013//921 1017//925 1016//924
f 1016//924 1018//926 1015//923
f 1016//924 1020//928 1019//927
f 320//288 317//285 6//6
f 321//289 1012//920 320//288
f 321//289 1014//922 1013//921
f 322//290 323//291 1014//922
f 1014//922 324//292 1017//925
f 1017//925 325//293 1020//928
f 1020//928 47//43 298//266
f 1019//927 298//266 297//265
f 1019//927 296//264 1018//926
f 1018//926 46//42 319//287
f 1015//923 319//287 318//286
f 1012//920 318//286 317//285
f 1022//930 1024//932 1021//929
f 1022//930 1026//934 1025//933
f 1025//933 1027//935 1024//932
f 1025//933 1029//937 1028//936
f 326//294 323//291 7//7
f 327//295 1021//929 326//294
f 327//295 1023//931 1022//930
f 328//296 329//297 1023//931
f 1023//931 330//298 1026//934
f 1026//934 331//299 1029//937
f 1029//937 48//44 304//272
f 1028//936 304//272 303//271
f 1028//936 302//270 1027//935
f 1027//935 47//43 325//293
f 1024//932 325//293 324//292
f 1021//929 324//292 323//291
f 1031//939 1033//941 1030//938
f 1031//939 1035//943 1034//942
f 1034//942 1036//944 1033//941
f 1034//942 1038//946 1037//945
f 332//300 329//297 8//8
f 333//301 1030//938 332//300
f 333//301 1032//940 1031//939
f 334//302 313//281 1032//940
f 1032//940 312//280 1035//943
f 1035//943 311//279 1038//946
f 1038//946 45//41 310//278
f 1037//945 310//278 309//277
f 1037//945 308//276 1036//944
f 1036//944 48//44 331//299
f 1033//941 331//299 330//298
f 1030//938 330//298 329//297
f 1039//947 1043//951 1042//950
f 1041//949 1043//951 1040//948
f 1042//950 1046//954 1045//953
f 1044//952 1046//954 1043//951
f 49//45 1039//947 337//305
f 338//306 1040//948 1039//947
f 340//308 1040//948 339//307
f 50//46 1041//949 340//308
f 341//309 1044//952 1041//949
f 342//310 1047//955 1044//952
f 1047//955 6//6 316//284
f 1046//954 316//284 315//283
f 1046//954 314//282 1045//953
f 1045//953 5//5 335//303
f 336//304 1045//953 335//303
f 337//305 1042//950 336//304
f 1048//956 1052//960 1051//959
f 1050//958 1052//960 1049//957
f 1051//959 1055//963 1054//962
f 1053//961 1055//963 1052//960
f 50//46 1048//956 341//309
f 344//312 1049//957 1048//956
f 346//314 1049//957 345//313
f 51//47 1050//958 346//314
f 347//315 1053//961 1050//958
f 348//316 1056//964 1053//961
f 1056//964 7//7 322//290
f 1055//963 322//290 321//289
f 1055//963 320//288 1054//962
f 1054//962 6//6 343//311
f 342//310 1054//962 343//311
f 341//309 1051//959 342//310
f 1057//965 1061//969 1060//968
f 1059//967 1061//969 1058//966
f 1060//968 1064//972 1063//971
f 1062//970 1064//972 1061//969
f 51//47 1057//965 347//315
f 350//318 1058//966 1057//965
f 352//320 1058//966 351//319
f 52//48 1059//967 352//320
f 353//321 1062//970 1059//967
f 354//322 1065//973 1062//970
f 1065//973 8//8 328//296
f 1064//972 328//296 327//295
f 1064//972 326//294 1063//971
f 1063//971 7//7 349//317
f 348//316 1063//971 349//317
f 347//315 1060//968 348//316
f 1066//974 1070//978 1069//977
f 1068//976 1070//978 1067//975
f 1069//977 1073//981 1072//980
f 1071//979 1073//981 1070//978
f 52//48 1066//974 353//321
f 356//324 1067//975 1066//974
f 358//326 1067//975 357//325
f 49//45 1068//976 358//326
f 337//305 1071//979 1068//976
f 336//304 1074//982 1071//979
f 1074//982 5//5 334//302
f 1073//981 334//302 333//301
f 1073//981 332//300 1072//980
f 1072//980 8//8 355//323
f 354//322 1072//980 355//323
f 353//321 1069//977 354//322
f 1076//984 1078//986 1075//983
f 1076//984 1080//988 1079//987
f 1079//987 1081//989 1078//986
f 1080//988 1082//990 1079//987
f 115//107 361//329 53//49
f 114//106 1075//983 115//107
f 113//105 1076//984 114//106
f 113//105 362//330 1077//985
f 1077//985 363//331 1080//988
f 363//331 1083//991 1080//988
f 364//332 340//308 1083//991
f 1083//991 339//307 1082//990
f 1081//989 339//307 338//306
f 359//327 338//306 49//45
f 1078//986 359//327 360//328
f 1075//983 360//328 361//329
f 1085//993 1087//995 1084//992
f 1086//994 1088//996 1085//993
f 1088//996 1090//998 1087//995
f 1089//997 1091//999 1088//996
f 151//143 362//330 54//50
f 150//142 1084//992 151//143
f 149//141 1085//993 150//142
f 149//141 365//333 1086//994
f 365//333 1089//997 1086//994
f 366//334 1092//1000 1089//997
f 367//335 346//314 1092//1000
f 1092//1000 345//313 1091//999
f 1090//998 345//313 344//312
f 364//332 344//312 50//46
f 1087//995 364//332 363//331
f 1084//992 363//331 362//330
f 1093//1001 1097//1005 1096//1004
f 1095//1003 1097//1005 1094//1002
f 1096//1004 1100//1008 1099//1007
f 1098//1006 1100//1008 1097//1005
f 55//51 1093//1001 365//333
f 152//144 1094//1002 1093//1001
f 154//146 1094//1002 153//145
f 56//52 1095//1003 154//146
f 368//336 1098//1006 1095//1003
f 369//337 1101//1009 1098//1006
f 370//338 352//320 1101//1009
f 1101//1009 351//319 1100//1008
f 1099//1007 351//319 350//318
f 367//335 350//318 51//47
f 366//334 1099//1007 367//335
f 365//333 1096//1004 366//334
f 1102//1010 1106//1014 1105//1013
f 1103//1011 1107//1015 1106//1014
f 1105//1013 1109//1017 1108//1016
f 1106//1014 1110//1018 1109//1017
f 155//147 368//336 56//52
f 155//147 1103//1011 1102//1010
f 156//148 1104//1012 1103//1011
f 157//149 361//329 1104//1012
f 1104//1012 360//328 1107//1015
f 1107//1015 359//327 1110//1018
f 359//327 358//326 1110//1018
f 1110//1018 357//325 1109//1017
f 1108//1016 357//325 356//324
f 370//338 356//324 52//48
f 369//337 1108//1016 370//338
f 368//336 1105//1013 369//337
f 1111//1019 1115//1023 1114//1022
f 1113//1021 1115//1023 1112//1020
f 1114//1022 1118//1026 1117//1025
f 1116//1024 1118//1026 1115//1023
f 374//342 373//341 61//57
f 375//343 1111//1019 374//342
f 375//343 1113//1021 1112//1020
f 376//344 377//345 1113//1021
f 1113//1021 378//346 1116//1024
f 378//346 1119//1027 1116//1024
f 379//347 380//348 1119//1027
f 1119//1027 381//349 1118//1026
f 1117//1025 381//349 382//350
f 371//339 382//350 57//53
f 372//340 1117//1025 371//339
f 1111//1019 372//340 373//341
f 1120//1028 1124//1032 1123//1031
f 1121//1029 1125//1033 1124//1032
f 1123//1031 1127//1035 1126//1034
f 1124//1032 1128//1036 1127//1035
f 62//58 1120//1028 377//345
f 383//351 1121//1029 1120//1028
f 384//352 1122//1030 1121//1029
f 385//353 386//354 1122//1030
f 1122//1030 387//355 1125//1033
f 1125//1033 388//356 1128//1036
f 1128//1036 59//55 173//165
f 1127//1035 173//165 174//166
f 1126//1034 174//166 175//167
f 379//347 175//167 58//54
f 378//346 1126//1034 379//347
f 377//345 1123//1031 378//346
f 1129//1037 1133//1041 1132//1040
f 1131//1039 1133//1041 1130//1038
f 1132//1040 1136//1044 1135//1043
f 1134//1042 1136//1044 1133//1041
f 63//59 1129//1037 386//354
f 389//357 1130//1038 1129//1037
f 391//359 1130//1038 390//358
f 64//60 1131//1039 391//359
f 392//360 1134//1042 1131//1039
f 393//361 1137//1045 1134//1042
f 394//362 164//156 1137//1045
f 1137//1045 165//157 1136//1044
f 1135//1043 165//157 166//158
f 388//356 166//158 59//55
f 387//355 1135//1043 388//356
f 386//354 1132//1040 387//355
f 1139//1047 1141//1049 1138//1046
f 1140//1048 1142//1050 1139//1047
f 1142//1050 1144//1052 1141//1049
f 1143//1051 1145//1053 1142//1050
f 395//363 392//360 64//60
f 396//364 1138//1046 395//363
f 397//365 1139//1047 396//364
f 61//57 1140//1048 397//365
f 373//341 1143//1051 1140//1048
f 372//340 1146//1054 1143//1051
f 371//339 170//162 1146//1054
f 1146//1054 171//163 1145//1053
f 1145//1053 172//164 1144//1052
f 1144//1052 60//56 394//362
f 1141//1049 394//362 393//361
f 1138//1046 393//361 392//360
f 1148//1056 1150//1058 1147//1055
f 1148//1056 1152//1060 1151//1059
f 1151//1059 1153//1061 1150//1058
f 1151//1059 1155//1063 1154//1062
f 232//224 400//368 65//61
f 231//223 1147//1055 232//224
f 231//223 1149//1057 1148//1056
f 230//222 401//369 1149//1057
f 1149//1057 402//370 1152//1060
f 1152//1060 403//371 1155//1063
f 1155//1063 62//58 376//344
f 1154//1062 376//344 375//343
f 1154//1062 374//342 1153//1061
f 1153//1061 61//57 398//366
f 1150//1058 398//366 399//367
f 1147//1055 399//367 400//368
f 1156//1064 1160//1068 1159//1067
f 1157//1065 1161//1069 1160//1068
f 1159//1067 1163//1071 1162//1070
f 1160//1068 1164//1072 1163//1071
f 238//230 401//369 66//62
f 238//230 1157//1065 1156//1064
f 237//229 1158//1066 1157//1065
f 236//228 404//372 1158//1066
f 1158//1066 405//373 1161//1069
f 1161//1069 406//374 1164//1072
f 1164//1072 63//59 385//353
f 1163//1071 385//353 384//352
f 1162//1070 384//352 383//351
f 403//371 383//351 62//58
f 402//370 1162//1070 403//371
f 401//369 1159//1067 402//370
f 1165//1073 1169//1077 1168//1076
f 1166//1074 1170//1078 1169//1077
f 1168//1076 1172//1080 1171//1079
f 1169//1077 1173//1081 1172//1080
f 67//63 1165//1073 404//372
f 211//203 1166//1074 1165//1073
f 210//202 1167//1075 1166//1074
f 68//64 1167//1075 209//201
f 407//375 1170//1078 1167//1075
f 408//376 1173//1081 1170//1078
f 409//377 391//359 1173//1081
f 1173//1081 390//358 1172//1080
f 1171//1079 390//358 389//357
f 406//374 389//357 63//59
f 405//373 1171//1079 406//374
f 404//372 1168//1076 405//373
f 1175//1083 1177//1085 1174//1082
f 1176//1084 1178//1086 1175//1083
f 1178//1086 1180//1088 1177//1085
f 1179//1087 1181//1089 1178//1086
f 205//197 407//375 68//64
f 204//196 1174//1082 205//197
f 203//195 1175//1083 204//196
f 203//195 400//368 1176//1084
f 400//368 1179//1087 1176//1084
f 399//367 1182//1090 1179//1087
f 398//366 397//365 1182//1090
f 1182//1090 396//364 1181//1089
f 1181//1089 395//363 1180//1088
f 1180//1088 64//60 409//377
f 1177//1085 409//377 408//376
f 1174//1082 408//376 407//375
f 1184//1092 1186//1094 1183//1091
f 1184//1092 1188//1096 1187//1095
f 1187//1095 1189//1097 1186//1094
f 1187//1095 1191//1099 1190//1098
f 413//381 412//380 73//69
f 414//382 1183//1091 413//381
f 414//382 1185//1093 1184//1092
f 415//383 416//384 1185//1093
f 1185//1093 417//385 1188//1096
f 1188//1096 418//386 1191//1099
f 1191//1099 70//66 224//216
f 1190//1098 224//216 225//217
f 1190//1098 226//218 1189//1097
f 1189//1097 69//65 410//378
f 1186//1094 410//378 411//379
f 1183//1091 411//379 412//380
f 1193//1101 1195//1103 1192//1100
f 1194//1102 1196//1104 1193//1101
f 1196//1104 1198//1106 1195//1103
f 1197//1105 1199//1107 1196//1104
f 419//387 416//384 74//70
f 420//388 1192//1100 419//387
f 421//389 1193//1101 420//388
f 75//71 1194//1102 421//389
f 422//390 1197//1105 1194//1102
f 423//391 1200//1108 1197//1105
f 424//392 223//215 1200//1108
f 1200//1108 222//214 1199//1107
f 1199//1107 221//213 1198//1106
f 418//386 221//213 70//66
f 1195//1103 418//386 417//385
f 1192//1100 417//385 416//384
f 1201//1109 1205//1113 1204//1112
f 1202//1110 1206//1114 1205//1113
f 1204//1112 1208//1116 1207//1115
f 1205//1113 1209//1117 1208//1116
f 425//393 422//390 75//71
f 426//394 1201//1109 425//393
f 426//394 1203//1111 1202//1110
f 427//395 428//396 1203//1111
f 1203//1111 429//397 1206//1114
f 1206//1114 430//398 1209//1117
f 1209//1117 72//68 431//399
f 1208//1116 431//399 432//400
f 1207//1115 432//400 433//401
f 424//392 433//401 71//67
f 1204//1112 424//392 423//391
f 1201//1109 423//391 422//390
f 1210//1118 1214//1122 1213//1121
f 1211//1119 1215//1123 1214//1122
f 1213//1121 1217//1125 1216//1124
f 1214//1122 1218//1126 1217//1125
f 76//72 1210//1118 428//396
f 434//402 1211//1119 1210//1118
f 435//403 1212//1120 1211//1119
f 436//404 412//380 1212//1120
f 1212//1120 411//379 1215//1123
f 1215//1123 410//378 1218//1126
f 1218//1126 69//65 185//177
f 1217//1125 185//177 186//178
f 1216//1124 186//178 187//179
f 430//398 187//179 72//68
f 429//397 1216//1124 430//398
f 428//396 1213//1121 429//397
f 1220//1128 1222//1130 1219//1127
f 1220//1128 1224//1132 1223//1131
f 1223//1131 1225//1133 1222//1130
f 1223//1131 1227//1135 1226//1134
f 440//408 439//407 9//9
f 441//409 1219//1127 440//408
f 441//409 1221//1129 1220//1128
f 442//410 443//411 1221//1129
f 1221//1129 444//412 1224//1132
f 1224//1132 445//413 1227//1135
f 1227//1135 74//70 415//383
f 1226//1134 415//383 414//382
f 1226//1134 413//381 1225//1133
f 1225//1133 73//69 437//405
f 1222//1130 437//405 438//406
f 1219//1127 438//406 439//407
f 1229//1137 1231//1139 1228//1136
f 1229//1137 1233//1141 1232//1140
f 1232//1140 1234//1142 1231//1139
f 1233//1141 1235//1143 1232//1140
f 446//414 443//411 10//10
f 447//415 1228//1136 446//414
f 447//415 1230//1138 1229//1137
f 448//416 449//417 1230//1138
f 1230//1138 450//418 1233//1141
f 450//418 1236//1144 1233//1141
f 451//419 421//389 1236//1144
f 1236//1144 420//388 1235//1143
f 1235//1143 419//387 1234//1142
f 1234//1142 74//70 445//413
f 1231//1139 445//413 444//412
f 1228//1136 444//412 443//411
f 1238//1146 1240//1148 1237//1145
f 1238//1146 1242//1150 1241//1149
f 1241//1149 1243//1151 1240//1148
f 1241//1149 1245//1153 1244//1152
f 452//420 449//417 11//11
f 453//421 1237//1145 452//420
f 453//421 1239//1147 1238//1146
f 454//422 455//423 1239//1147
f 1239//1147 456//424 1242//1150
f 1242//1150 457//425 1245//1153
f 1245//1153 76//72 427//395
f 1244//1152 427//395 426//394
f 1244//1152 425//393 1243//1151
f 1243//1151 75//71 451//419
f 1240//1148 451//419 450//418
f 1237//1145 450//418 449//417
f 1246//1154 1250//1158 1249//1157
f 1247//1155 1251//1159 1250//1158
f 1249//1157 1253//1161 1252//1160
f 1250//1158 1254//1162 1253//1161
f 458//426 455//423 12//12
f 459//427 1246//1154 458//426
f 459//427 1248//1156 1247//1155
f 460//428 439//407 1248//1156
f 1248//1156 438//406 1251//1159
f 1251//1159 437//405 1254//1162
f 1254//1162 73//69 436//404
f 1253//1161 436//404 435//403
f 1252//1160 435//403 434//402
f 457//425 434//402 76//72
f 456//424 1252//1160 457//425
f 1246//1154 456//424 455//423
f 1256//1164 1258//1166 1255//1163
f 1257//1165 1259//1167 1256//1164
f 1259//1167 1261//1169 1258//1166
f 1260//1168 1262//1170 1259//1167
f 79//75 1255//1163 463//431
f 464//432 1256//1164 1255//1163
f 466//434 1256//1164 465//433
f 80//76 1257//1165 466//434
f 467//435 1260//1168 1257//1165
f 1260//1168 469//437 1263//1171
f 1263//1171 78//74 137//129
f 1263//1171 138//130 1262//1170
f 1262//1170 139//131 1261//1169
f 1261//1169 77//73 461//429
f 1258//1166 461//429 462//430
f 1255//1163 462//430 463//431
f 1265//1173 1267//1175 1264//1172
f 1266//1174 1268//1176 1265//1173
f 1267//1175 1271//1179 1270//1178
f 1269//1177 1271//1179 1268//1176
f 470//438 467//435 80//76
f 471//439 1264//1172 470//438
f 472//440 1265//1173 471//439
f 81//77 1266//1174 472//440
f 473//441 1269//1177 1266//1174
f 474//442 1272//1180 1269//1177
f 475//443 134//126 1272//1180
f 1271//1179 134//126 135//127
f 1270//1178 135//127 136//128
f 469//437 136//128 78//74
f 468//436 1270//1178 469//437
f 1264//1172 468//436 467//435
f 1274//1182 1276//1184 1273//1181
f 1274//1182 1278//1186 1277//1185
f 1276//1184 1280//1188 1279//1187
f 1278//1186 1280//1188 1277//1185
f 476//444 473//441 81//77
f 477//445 1273//1181 476//444
f 477//445 1275//1183 1274//1182
f 478//446 479//447 1275//1183
f 1275//1183 480//448 1278//1186
f 1278//1186 481//449 1281//1189
f 481//449 382//350 1281//1189
f 1280//1188 382//350 381//349
f 1280//1188 380//348 1279//1187
f 475//443 380//348 58//54
f 1276//1184 475//443 474//442
f 1273//1181 474//442 473//441
f 1282//1190 1286//1194 1285//1193
f 1283//1191 1287//1195 1286//1194
f 1285//1193 1289//1197 1288//1196
f 1287//1195 1289//1197 1286//1194
f 82//78 1282//1190 479//447
f 482//450 1283//1191 1282//1190
f 483//451 1284//1192 1283//1191
f 484//452 463//431 1284//1192
f 463//431 1287//1195 1284//1192
f 462//430 1290//1198 1287//1195
f 461//429 127//119 1290//1198
f 1290//1198 126//118 1289//1197
f 1289//1197 125//117 1288//1196
f 481//449 125//117 57//53
f 480//448 1288//1196 481//449
f 479//447 1285//1193 480//448
f 1292//1200 1294//1202 1291//1199
f 1293//1201 1295//1203 1292//1200
f 1295//1203 1297//1205 1294//1202
f 1296//1204 1298//1206 1295//1203
f 13//13 1291//1199 487//455
f 489//457 1291//1199 488//456
f 490//458 1292//1200 489//457
f 14//14 1293//1201 490//458
f 491//459 1296//1204 1293//1201
f 492//460 1299//1207 1296//1204
f 493//461 466//434 1299//1207
f 1299//1207 465//433 1298//1206
f 1297//1205 465//433 464//432
f 485//453 464//432 79//75
f 486//454 1297//1205 485//453
f 487//455 1294//1202 486//454
f 1301//1209 1303//1211 1300//1208
f 1302//1210 1304//1212 1301//1209
f 1304//1212 1306//1214 1303//1211
f 1305//1213 1307//1215 1304//1212
f 494//462 491//459 14//14
f 495//463 1300//1208 494//462
f 496//464 1301//1209 495//463
f 15//15 1302//1210 496//464
f 497//465 1305//1213 1302//1210
f 498//466 1308//1216 1305//1213
f 499//467 472//440 1308//1216
f 1308//1216 471//439 1307//1215
f 1307//1215 470//438 1306//1214
f 1306//1214 80//76 493//461
f 1303//1211 493//461 492//460
f 1300//1208 492//460 491//459
f 1310//1218 1312//1220 1309//1217
f 1310//1218 1314//1222 1313//1221
f 1313//1221 1315//1223 1312//1220
f 1313//1221 1317//1225 1316//1224
f 500//468 497//465 15//15
f 501//469 1309//1217 500//468
f 501//469 1311//1219 1310//1218
f 502//470 503//471 1311//1219
f 1311//1219 504//472 1314//1222
f 1314//1222 505//473 1317//1225
f 1317//1225 82//78 478//446
f 1316//1224 478//446 477//445
f 1316//1224 476//444 1315//1223
f 1315//1223 81//77 499//467
f 1312//1220 499//467 498//466
f 1309//1217 498//466 497//465
f 1318//1226 1322//1230 1321//1229
f 1319//1227 1323//1231 1322//1230
f 1321//1229 1325//1233 1324//1232
f 1322//1230 1326//1234 1325//1233
f 16//16 1318//1226 503//471
f 506//474 1319//1227 1318//1226
f 507//475 1320//1228 1319//1227
f 508//476 487//455 1320//1228
f 1320//1228 486//454 1323//1231
f 1323//1231 485//453 1326//1234
f 1326//1234 79//75 484//452
f 1325//1233 484//452 483//451
f 1324//1232 483//451 482//450
f 505//473 482//450 82//78
f 504//472 1324//1232 505//473
f 503//471 1321//1229 504//472
f 1328//1236 1330//1238 1327//1235
f 1328//1236 1332//1240 1331//1239
f 1331//1239 1333//1241 1330//1238
f 1331//1239 1335//1243 1334//1242
f 512//480 511//479 83//79
f 513//481 1327//1235 512//480
f 513//481 1329//1237 1328//1236
f 514//482 515//483 1329//1237
f 1329//1237 516//484 1332//1240
f 1332//1240 517//485 1335//1243
f 1335//1243 14//14 490//458
f 1334//1242 490//458 489//457
f 1334//1242 488//456 1333//1241
f 1333//1241 13//13 509//477
f 1330//1238 509//477 510//478
f 1327//1235 510//478 511//479
f 1336//1244 1340//1248 1339//1247
f 1337//1245 1341//1249 1340//1248
f 1339//1247 1343//1251 1342//1250
f 1340//1248 1344//1252 1343//1251
f 84//80 1336//1244 515//483
f 518//486 1337//1245 1336//1244
f 519//487 1338//1246 1337//1245
f 520//488 521//489 1338//1246
f 1338//1246 522//490 1341//1249
f 1341//1249 523//491 1344//1252
f 1344//1252 15//15 496//464
f 1343//1251 496//464 495//463
f 1342//1250 495//463 494//462
f 517//485 494//462 14//14
f 516//484 1342//1250 517//485
f 515//483 1339//1247 516//484
f 1346//1254 1348//1256 1345//1253
f 1347//1255 1349//1257 1346//1254
f 1349//1257 1351//1259 1348//1256
f 1350//1258 1352//1260 1349//1257
f 85//81 1345//1253 521//489
f 525//493 1345//1253 524//492
f 526//494 1346//1254 525//493
f 86//82 1347//1255 526//494
f 527//495 1350//1258 1347//1255
f 528//496 1353//1261 1350//1258
f 529//497 502//470 1353//1261
f 1353//1261 501//469 1352//1260
f 1352//1260 500//468 1351//1259
f 523//491 500//468 15//15
f 522//490 1351//1259 523//491
f 521//489 1348//1256 522//490
f 1355//1263 1357//1265 1354//1262
f 1356//1264 1358//1266 1355//1263
f 1358//1266 1360//1268 1357//1265
f 1359//1267 1361//1269 1358//1266
f 530//498 527//495 86//82
f 531//499 1354//1262 530//498
f 532//500 1355//1263 531//499
f 83//79 1356//1264 532//500
f 511//479 1359//1267 1356//1264
f 510//478 1362//1270 1359//1267
f 509//477 508//476 1362//1270
f 1362//1270 507//475 1361//1269
f 1361//1269 506//474 1360//1268
f 1360//1268 16//16 529//497
f 1357//1265 529//497 528//496
f 1354//1262 528//496 527//495
f 1364//1272 1366//1274 1363//1271
f 1365//1273 1367//1275 1364//1272
f 1367//1275 1369//1277 1366//1274
f 1368//1276 1370//1278 1367//1275
f 17//17 1363//1271 535//503
f 537//505 1363//1271 536//504
f 538//506 1364//1272 537//505
f 18//18 1365//1273 538//506
f 539//507 1368//1276 1365//1273
f 540//508 1371//1279 1368//1276
f 1371//1279 84//80 514//482
f 1370//1278 514//482 513//481
f 1370//1278 512//480 1369//1277
f 1369//1277 83//79 533//501
f 534//502 1369//1277 533//501
f 535//503 1366//1274 534//502
f 1373//1281 1375//1283 1372//1280
f 1374//1282 1376//1284 1373//1281
f 1376//1284 1378//1286 1375//1283
f 1377//1285 1379//1287 1376//1284
f 542//510 539//507 18//18
f 543//511 1372//1280 542//510
f 544//512 1373//1281 543//511
f 19//19 1374//1282 544//512
f 545//513 1377//1285 1374//1282
f 1377//1285 547//515 1380//1288
f 1380//1288 85//81 520//488
f 1379//1287 520//488 519//487
f 1378//1286 519//487 518//486
f 541//509 518//486 84//80
f 1375//1283 541//509 540//508
f 1372//1280 540//508 539//507
f 1382//1290 1384//1292 1381//1289
f 1382//1290 1386//1294 1385//1293
f 1385//1293 1387//1295 1384//1292
f 1385//1293 1389//1297 1388//1296
f 548//516 545//513 19//19
f 549//517 1381//1289 548//516
f 549//517 1383//1291 1382//1290
f 550//518 551//519 1383//1291
f 1383//1291 552//520 1386//1294
f 1386//1294 553//521 1389//1297
f 553//521 526//494 1389//1297
f 1389//1297 525//493 1388//1296
f 1388//1296 524//492 1387//1295
f 547//515 524//492 85//81
f 1384//1292 547//515 546//514
f 1381//1289 546//514 545//513
f 1390//1298 1394//1302 1393//1301
f 1391//1299 1395//1303 1394//1302
f 1393//1301 1397//1305 1396//1304
f 1394//1302 1398//1306 1397//1305
f 20//20 1390//1298 551//519
f 554//522 1391//1299 1390//1298
f 555//523 1392//1300 1391//1299
f 556//524 535//503 1392//1300
f 1392//1300 534//502 1395//1303
f 1395//1303 533//501 1398//1306
f 533//501 532//500 1398//1306
f 1398//1306 531//499 1397//1305
f 1397//1305 530//498 1396//1304
f 1396//1304 86//82 553//521
f 552//520 1396//1304 553//521
f 551//519 1393//1301 552//520
f 1399//1307 1403//1311 1402//1310
f 1400//1308 1404//1312 1403//1311
f 1402//1310 1406//1314 1405//1313
f 1403//1311 1407//1315 1406//1314
f 560//528 559//527 87//83
f 560//528 1400//1308 1399//1307
f 561//529 1401//1309 1400//1308
f 562//530 563//531 1401//1309
f 1401//1309 564//532 1404//1312
f 1404//1312 565//533 1407//1315
f 1407//1315 18//18 538//506
f 1406//1314 538//506 537//505
f 1405//1313 537//505 536//504
f 1405//1313 17//17 557//525
f 1402//1310 557//525 558//526
f 1399//1307 558//526 559//527
f 1408//1316 1412//1320 1411//1319
f 1409//1317 1413//1321 1412//1320
f 1411//1319 1415//1323 1414//1322
f 1412//1320 1416//1324 1415//1323
f 88//84 1408//1316 563//531
f 566//534 1409//1317 1408//1316
f 567//535 1410//1318 1409//1317
f 568//536 569//537 1410//1318
f 1410//1318 570//538 1413//1321
f 1413//1321 571//539 1416//1324
f 1416//1324 19//19 544//512
f 1415//1323 544//512 543//511
f 1414//1322 543//511 542//510
f 565//533 542//510 18//18
f 564//532 1414//1322 565//533
f 563//531 1411//1319 564//532
f 1417//1325 1421//1329 1420//1328
f 1419//1327 1421//1329 1418//1326
f 1420//1328 1424//1332 1423//1331
f 1422//1330 1424//1332 1421//1329
f 89//85 1417//1325 569//537
f 572//540 1418//1326 1417//1325
f 574//542 1418//1326 573//541
f 90//86 1419//1327 574//542
f 575//543 1422//1330 1419//1327
f 576//544 1425//1333 1422//1330
f 577//545 550//518 1425//1333
f 1425//1333 549//517 1424//1332
f 1423//1331 549//517 548//516
f 571//539 548//516 19//19
f 570//538 1423//1331 571//539
f 569//537 1420//1328 570//538
f 1427//1335 1429//1337 1426//1334
f 1428//1336 1430//1338 1427//1335
f 1430//1338 1432//1340 1429//1337
f 1431//1339 1433//1341 1430//1338
f 578//546 575//543 90//86
f 579//547 1426//1334 578//546
f 580//548 1427//1335 579//547
f 87//83 1428//1336 580//548
f 559//527 1431//1339 1428//1336
f 558//526 1434//1342 1431//1339
f 557//525 556//524 1434//1342
f 1434//1342 555//523 1433//1341
f 1433//1341 554//522 1432//1340
f 1432//1340 20//20 577//545
f 1429//1337 577//545 576//544
f 1426//1334 576//544 575//543
f 1435//1343 1439//1347 1438//1346
f 1437//1345 1439//1347 1436//1344
f 1438//1346 1442//1350 1441//1349
f 1440//1348 1442//1350 1439//1347
f 91//87 1435//1343 583//551
f 584//552 1436//1344 1435//1343
f 586//554 1436//1344 585//553
f 92//88 1437//1345 586//554
f 587//555 1440//1348 1437//1345
f 588//556 1443//1351 1440//1348
f 1443//1351 88//84 562//530
f 1442//1350 562//530 561//529
f 1441//1349 561//529 560//528
f 581//549 560//528 87//83
f 582//550 1441//1349 581//549
f 583//551 1438//1346 582//550
f 1444//1352 1448//1355 1447//1354
f 1446//1353 1448//1355 1445//559
f 1447//1354 1451//1358 1450//1357
f 1448//1355 1452//1359 1451//1358
f 92//88 1444//1352 587//555
f 590//558 1445//559 1444//1352
f 592//560 1445//559 591//559
f 93//89 1446//1353 592//560
f 593//561 1449//1356 1446//1353
f 594//562 1452//1359 1449//1356
f 1452//1359 89//85 568//536
f 1451//1358 568//536 567//535
f 1450//1357 567//535 566//534
f 589//557 566//534 88//84
f 588//556 1450//1357 589//557
f 587//555 1447//1354 588//556
f 1453//1360 1457//1364 1456//1363
f 1455//1362 1457//1364 1454//1361
f 1456//1363 1460//1367 1459//1366
f 1458//1365 1460//1367 1457//1364
f 93//89 1453//1360 593//561
f 596//564 1454//1361 1453//1360
f 598//566 1454//1361 597//565
f 94//90 1455//1362 598//566
f 599//567 1458//1365 1455//1362
f 600//568 1461//1368 1458//1365
f 601//569 574//542 1461//1368
f 1461//1368 573//541 1460//1367
f 1459//1366 573//541 572//540
f 595//563 572//540 89//85
f 594//562 1459//1366 595//563
f 593//561 1456//1363 594//562
f 1462//570 1466//1372 1465//1371
f 1464//1370 1466//1372 1463//1369
f 1466//1372 1468//1374 1465//1371
f 1467//1373 1469//1375 1466//1372
f 94//90 1462//570 599//567
f 602//570 1463//1369 1462//570
f 604//572 1463//1369 603//571
f 91//87 1464//1370 604//572
f 583//551 1467//1373 1464//1370
f 582//550 1470//1376 1467//1373
f 581//549 580//548 1470//1376
f 1470//1376 579//547 1469//1375
f 1469//1375 578//546 1468//1374
f 1468//1374 90//86 601//569
f 600//568 1468//1374 601//569
f 599//567 1465//1371 600//568
f 1471//1377 1475//1381 1474//1380
f 1473//1379 1475//1381 1472//1378
f 1474//1380 1478//1384 1477//1383
f 1476//1382 1478//1384 1475//1381
f 21//21 1471//1377 607//575
f 169//161 1472//1378 1471//1377
f 167//159 1472//1378 168//160
f 22//22 1473//1379 167//159
f 608//576 1476//1382 1473//1379
f 609//577 1479//1385 1476//1382
f 610//578 586//554 1479//1385
f 1479//1385 585//553 1478//1384
f 1477//1383 585//553 584//552
f 605//573 584//552 91//87
f 606//574 1477//1383 605//573
f 607//575 1474//1380 606//574
f 1480//1386 1484//1390 1483//1389
f 1482//1388 1484//1390 1481//1387
f 1483//1389 1487//1393 1486//1392
f 1485//1391 1487//1393 1484//1390
f 22//22 1480//1386 608//576
f 244//236 1481//1387 1480//1386
f 242//234 1481//1387 243//235
f 23//23 1482//1388 242//234
f 611//579 1485//1391 1482//1388
f 612//580 1488//1394 1485//1391
f 613//581 592//560 1488//1394
f 1488//1394 591//559 1487//1393
f 1486//1392 591//559 590//558
f 610//578 590//558 92//88
f 609//577 1486//1392 610//578
f 608//576 1483//1389 609//577
f 1489//1395 1493//1399 1492//1398
f 1491//1397 1493//1399 1490//1396
f 1492//1398 1496//1402 1495//1401
f 1494//1400 1496//1402 1493//1399
f 23//23 1489//1395 611//579
f 148//140 1490//1396 1489//1395
f 146//138 1490//1396 147//139
f 24//24 1491//1397 146//138
f 614//582 1494//1400 1491//1397
f 615//583 1497//1403 1494//1400
f 616//584 598//566 1497//1403
f 1497//1403 597//565 1496//1402
f 1495//1401 597//565 596//564
f 613//581 596//564 93//89
f 612//580 1495//1401 613//581
f 611//579 1492//1398 612//580
f 1498//1404 1502//1408 1501//1407
f 1500//1406 1502//1408 1499//1405
f 1501//1407 1505//1411 1504//1410
f 1503//1409 1505//1411 1502//1408
f 24//24 1498//1404 614//582
f 163//155 1499//1405 1498//1404
f 161//153 1499//1405 162//154
f 21//21 1500//1406 161//153
f 607//575 1503//1409 1500//1406
f 606//574 1506//1412 1503//1409
f 605//573 604//572 1506//1412
f 1506//1412 603//571 1505//1411
f 1504//1410 603//571 602//570
f 616//584 602//570 94//90
f 615//583 1504//1410 616//584
f 614//582 1501//1407 615//583
f 1507//1413 1511//1417 1510//1416
f 1509//1415 1511//1417 1508//1414
f 1510//1416 1514//1420 1513//1419
f 1512//1418 1514//1420 1511//1417
f 25//25 1507//1413 619//587
f 620//588 1508//1414 1507//1413
f 622//590 1508//1414 621//589
f 26//26 1509//1415 622//590
f 623//591 1512//1418 1509//1415
f 624//592 1515//1421 1512//1418
f 625//593 194//186 1515//1421
f 1515//1421 195//187 1514//1420
f 1513//1419 195//187 196//188
f 617//585 196//188 95//91
f 618//586 1513//1419 617//585
f 619//587 1510//1416 618//586
f 1517//1423 1519//1425 1516//1422
f 1518//1424 1520//1426 1517//1423
f 1520//1426 1522//1428 1519//1425
f 1521//1427 1523//1429 1520//1426
f 626//594 623//591 26//26
f 627//595 1516//1422 626//594
f 628//596 1517//1423 627//595
f 27//27 1518//1424 628//596
f 629//597 1521//1427 1518//1424
f 630//598 1524//1430 1521//1427
f 631//599 131//123 1524//1430
f 1524//1430 132//124 1523//1429
f 1523//1429 133//125 1522//1428
f 625//593 133//125 96//92
f 1519//1425 625//593 624//592
f 1516//1422 624//592 623//591
f 1526//1432 1528//1434 1525//1431
f 1526//1432 1530//1436 1529//1435
f 1529//1435 1531//1437 1528//1434
f 1529//1435 1533//1439 1532//1438
f 632//600 629//597 27//27
f 633//601 1525//1431 632//600
f 633//601 1527//1433 1526//1432
f 634//602 635//603 1527//1433
f 1527//1433 636//604 1530//1436
f 1530//1436 637//605 1533//1439
f 637//605 433//401 1533//1439
f 1533//1439 432//400 1532//1438
f 1531//1437 432//400 431//399
f 631//599 431//399 72//68
f 1528//1434 631//599 630//598
f 1525//1431 630//598 629//597
f 1534//1440 1538//1444 1537//1443
f 1535//1441 1539//1445 1538//1444
f 1537//1443 1541//1447 1540//1446
f 1538//1444 1542//1448 1541//1447
f 28//28 1534//1440 635//603
f 638//606 1535//1441 1534//1440
f 639//607 1536//1442 1535//1441
f 640//608 619//587 1536//1442
f 1536//1442 618//586 1539//1445
f 1539//1445 617//585 1542//1448
f 1542//1448 95//91 191//183
f 1541//1447 191//183 192//184
f 1540//1446 192//184 193//185
f 637//605 193//185 71//67
f 636//604 1540//1446 637//605
f 635//603 1537//1443 636//604
f 1544//1450 1546//1452 1543//1449
f 1545//1451 1547//1453 1544//1450
f 1547//1453 1549//1455 1546//1452
f 1548//1454 1550//1456 1547//1453
f 644//612 643//611 97//93
f 645//613 1543//1449 644//612
f 646//614 1544//1450 645//613
f 646//614 647//615 1545//1451
f 1545//1451 648//616 1548//1454
f 1548//1454 649//617 1551//1457
f 649//617 622//590 1551//1457
f 1551//1457 621//589 1550//1456
f 1549//1455 621//589 620//588
f 641//609 620//588 25//25
f 1546//1452 641//609 642//610
f 1543//1449 642//610 643//611
f 1552//1458 1556//1462 1555//1461
f 1553//1459 1557//1463 1556//1462
f 1555//1461 1559//1465 1558//1464
f 1556//1462 1560//1466 1559//1465
f 98//94 1552//1458 647//615
f 650//618 1553//1459 1552//1458
f 651//619 1554//1460 1553//1459
f 652//620 653//621 1554//1460
f 1554//1460 654//622 1557//1463
f 1557//1463 655//623 1560//1466
f 655//623 628//596 1560//1466
f 1560//1466 627//595 1559//1465
f 1559//1465 626//594 1558//1464
f 1558//1464 26//26 649//617
f 648//616 1558//1464 649//617
f 647//615 1555//1461 648//616
f 1561//1467 1565//1471 1564//1470
f 1562//1468 1566//1472 1565//1471
f 1564//1470 1568//1474 1567//1473
f 1565//1471 1569//1475 1568//1474
f 99//95 1561//1467 653//621
f 656//624 1562//1468 1561//1467
f 658//626 1562//1468 657//625
f 100//96 1563//1469 658//626
f 659//627 1566//1472 1563//1469
f 1566//1472 661//629 1569//1475
f 1569//1475 28//28 634//602
f 1568//1474 634//602 633//601
f 1568//1474 632//600 1567//1473
f 1567//1473 27//27 655//623
f 654//622 1567//1473 655//623
f 653//621 1564//1470 654//622
f 1571//1477 1573//1479 1570//1476
f 1572//1478 1574//1480 1571//1477
f 1574//1480 1576//1482 1573//1479
f 1575//1481 1577//1483 1574//1480
f 662//630 659//627 100//96
f 663//631 1570//1476 662//630
f 664//632 1571//1477 663//631
f 97//93 1572//1478 664//632
f 643//611 1575//1481 1572//1478
f 642//610 1578//1484 1575//1481
f 1578//1484 25//25 640//608
f 1577//1483 640//608 639//607
f 1576//1482 639//607 638//606
f 661//629 638//606 28//28
f 1573//1479 661//629 660//628
f 1570//1476 660//628 659//627
f 1579//1485 1583//1489 1582//1488
f 1581//1487 1583//1489 1580//1486
f 1582//1488 1586//1492 1585//1491
f 1584//1490 1586//1492 1583//1489
f 668//636 667//635 29//29
f 669//637 1579//1485 668//636
f 670//638 1580//1486 669//637
f 670//638 671//639 1581//1487
f 671//639 1584//1490 1581//1487
f 672//640 1587//1493 1584//1490
f 673//641 646//614 1587//1493
f 1587//1493 645//613 1586//1492
f 1585//1491 645//613 644//612
f 665//633 644//612 97//93
f 666//634 1585//1491 665//633
f 667//635 1582//1488 666//634
f 1589//1495 1591//1497 1588//1494
f 1590//1496 1592//1498 1589//1495
f 1592//1498 1594//1500 1591//1497
f 1593//1499 1595//1501 1592//1498
f 30//30 1588//1494 671//639
f 674//642 1589//1495 1588//1494
f 675//643 1590//1496 1589//1495
f 676//644 677//645 1590//1496
f 677//645 1593//1499 1590//1496
f 678//646 1596//1502 1593//1499
f 679//647 652//620 1596//1502
f 1596//1502 651//619 1595//1501
f 1595//1501 650//618 1594//1500
f 1594//1500 98//94 673//641
f 1591//1497 673//641 672//640
f 1588//1494 672//640 671//639
f 1598//1504 1600//1506 1597//1503
f 1599//1505 1601//1507 1598//1504
f 1601//1507 1603//1509 1600//1506
f 1602//1508 1604//1510 1601//1507
f 31//31 1597//1503 677//645
f 680//648 1598//1504 1597//1503
f 682//650 1598//1504 681//649
f 32//32 1599//1505 682//650
f 1599//1505 684//652 1602//1508
f 1602//1508 685//653 1605//1511
f 1605//1511 100//96 658//626
f 1605//1511 657//625 1604//1510
f 1604//1510 656//624 1603//1509
f 1603//1509 99//95 679//647
f 1600//1506 679//647 678//646
f 1597//1503 678//646 677//645
f 1606//1512 1610//1516 1609//1515
f 1607//1513 1611//1517 1610//1516
f 1609//1515 1613//1519 1612//1518
f 1610//1516 1614//1520 1613//1519
f 686//654 683//651 32//32
f 687//655 1606//1512 686//654
f 688//656 1607//1513 687//655
f 29//29 1608//1514 688//656
f 1608//1514 666//634 1611//1517
f 1611//1517 665//633 1614//1520
f 1614//1520 97//93 664//632
f 1613//1519 664//632 663//631
f 1612//1518 663//631 662//630
f 685//653 662//630 100//96
f 684//652 1612//1518 685//653
f 683//651 1609//1515 684//652
f 1616//1522 1618//1524 1615//1521
f 1617//1523 1619//1525 1616//1522
f 1619//1525 1621//1527 1618//1524
f 1620//1526 1622//1528 1619//1525
f 692//660 691//659 101//97
f 693//661 1615//1521 692//660
f 694//662 1616//1522 693//661
f 694//662 695//663 1617//1523
f 1617//1523 696//664 1620//1526
f 1620//1526 697//665 1623//1529
f 1623//1529 30//30 670//638
f 1623//1529 669//637 1622//1528
f 1622//1528 668//636 1621//1527
f 1621//1527 29//29 689//657
f 1618//1524 689//657 690//658
f 1615//1521 690//658 691//659
f 1624//1530 1628//1534 1627//1533
f 1625//1531 1629//1535 1628//1534
f 1627//1533 1631//1537 1630//1536
f 1628//1534 1632//1538 1631//1537
f 102//98 1624//1530 695//663
f 698//666 1625//1531 1624//1530
f 699//667 1626//1532 1625//1531
f 700//668 701//669 1626//1532
f 1626//1532 702//670 1629//1535
f 1629//1535 703//671 1632//1538
f 1632//1538 31//31 676//644
f 1631//1537 676//644 675//643
f 1630//1536 675//643 674//642
f 697//665 674//642 30//30
f 696//664 1630//1536 697//665
f 695//663 1627//1533 696//664
f 1633//1539 1637//1543 1636//1542
f 1635//1541 1637//1543 1634//1540
f 1636//1542 1640//1546 1639//1545
f 1638//1544 1640//1546 1637//1543
f 103//99 1633//1539 701//669
f 704//672 1634//1540 1633//1539
f 706//674 1634//1540 705//673
f 104//100 1635//1541 706//674
f 707//675 1638//1544 1635//1541
f 708//676 1641//1547 1638//1544
f 709//677 682//650 1641//1547
f 1641//1547 681//649 1640//1546
f 1639//1545 681//649 680//648
f 703//671 680//648 31//31
f 702//670 1639//1545 703//671
f 701//669 1636//1542 702//670
f 1643//1549 1645//1551 1642//1548
f 1644//1550 1646//1552 1643//1549
f 1646//1552 1648//1554 1645//1551
f 1647//1553 1649//1555 1646//1552
f 710//678 707//675 104//100
f 711//679 1642//1548 710//678
f 712//680 1643//1549 711//679
f 101//97 1644//1550 712//680
f 691//659 1647//1553 1644//1550
f 690//658 1650//1556 1647//1553
f 689//657 688//656 1650//1556
f 1650//1556 687//655 1649//1555
f 1649//1555 686//654 1648//1554
f 1648//1554 32//32 709//677
f 1645//1551 709//677 708//676
f 1642//1548 708//676 707//675
f 1651//1557 1655//1561 1654//1560
f 1653//1559 1655//1561 1652//1558
f 1654//1560 1658//1564 1657//1563
f 1656//1562 1658//1564 1655//1561
f 33//33 1651//1557 715//683
f 250//242 1652//1558 1651//1557
f 248//240 1652//1558 249//241
f 34//34 1653//1559 248//240
f 716//684 1656//1562 1653//1559
f 717//685 1659//1565 1656//1562
f 1659//1565 102//98 694//662
f 1659//1565 693//661 1658//1564
f 1658//1564 692//660 1657//1563
f 1657//1563 101//97 713//681
f 714//682 1657//1563 713//681
f 715//683 1654//1560 714//682
f 1660//1566 1664//1570 1663//1569
f 1662//1568 1664//1570 1661//1567
f 1663//1569 1667//1573 1666//1572
f 1664//1570 1668//1574 1667//1573
f 34//34 1660//1566 716//684
f 247//239 1661//1567 1660//1566
f 245//237 1661//1567 246//238
f 35//35 1662//1568 245//237
f 719//687 1665//1571 1662//1568
f 720//688 1668//1574 1665//1571
f 1668//1574 103//99 700//668
f 1667//1573 700//668 699//667
f 1666//1572 699//667 698//666
f 718//686 698//666 102//98
f 717//685 1666//1572 718//686
f 716//684 1663//1569 717//685
f 1669//1575 1673//1579 1672//1578
f 1671//1577 1673//1579 1670//1576
f 1672//1578 1676//1582 1675//1581
f 1674//1580 1676//1582 1673//1579
f 35//35 1669//1575 719//687
f 130//122 1670//1576 1669//1575
f 128//120 1670//1576 129//121
f 36//36 1671//1577 128//120
f 722//690 1674//1580 1671//1577
f 723//691 1677//1583 1674//1580
f 724//692 706//674 1677//1583
f 1677//1583 705//673 1676//1582
f 1675//1581 705//673 704//672
f 721//689 704//672 103//99
f 720//688 1675//1581 721//689
f 719//687 1672//1578 720//688
f 1678//1584 1682//1588 1681//1587
f 1680//1586 1682//1588 1679//1585
f 1682//1588 1684//1590 1681//1587
f 1683//1589 1685//1591 1682//1588
f 36//36 1678//1584 722//690
f 160//152 1679//1585 1678//1584
f 158//150 1679//1585 159//151
f 33//33 1680//1586 158//150
f 715//683 1683//1589 1680//1586
f 714//682 1686//1592 1683//1589
f 713//681 712//680 1686//1592
f 1686//1592 711//679 1685//1591
f 1685//1591 710//678 1684//1590
f 1684//1590 104//100 724//692
f 723//691 1684//1590 724//692
f 722//690 1681//1587 723//691
f 1687//1593 1691//1597 1690//1596
f 1689//1595 1691//1597 1688//1594
f 1690//1596 1694//1600 1693//1599
f 1692//1598 1694//1600 1691//1597
f 105//101 1687//1593 727//695
f 728//696 1688//1594 1687//1593
f 730//698 1688//1594 729//697
f 106//102 1689//1595 730//698
f 731//699 1692//1598 1689//1595
f 732//700 1695//1601 1692//1598
f 733//701 442//410 1695//1601
f 1695//1601 441//409 1694//1600
f 1693//1599 441//409 440//408
f 725//693 440//408 9//9
f 726//694 1693//1599 725//693
f 727//695 1690//1596 726//694
f 1696//1602 1700//1606 1699//1605
f 1698//1604 1700//1606 1697//1603
f 1699//1605 1703//1609 1702//1608
f 1701//1607 1703//1609 1700//1606
f 106//102 1696//1602 731//699
f 734//702 1697//1603 1696//1602
f 736//704 1697//1603 735//703
f 107//103 1698//1604 736//704
f 737//705 1701//1607 1698//1604
f 738//706 1704//1610 1701//1607
f 739//707 448//416 1704//1610
f 1704//1610 447//415 1703//1609
f 1702//1608 447//415 446//414
f 733//701 446//414 10//10
f 732//700 1702//1608 733//701
f 731//699 1699//1605 732//700
f 1705//1611 1709//1615 1708//1614
f 1707//1613 1709//1615 1706//1612
f 1708//1614 1712//1618 1711//1617
f 1710//1616 1712//1618 1709//1615
f 107//103 1705//1611 737//705
f 740//708 1706//1612 1705//1611
f 742//710 1706//1612 741//709
f 108//104 1707//1613 742//710
f 743//711 1710//1616 1707//1613
f 744//712 1713//1619 1710//1616
f 745//713 454//422 1713//1619
f 1713//1619 453//421 1712//1618
f 1711//1617 453//421 452//420
f 739//707 452//420 11//11
f 738//706 1711//1617 739//707
f 737//705 1708//1614 738//706
f 1714//1620 1718//1624 1717//1623
f 1716//1622 1718//1624 1715//1621
f 1717//1623 1721//1627 1720//1626
f 1719//1625 1721//1627 1718//1624
f 108//104 1714//1620 743//711
f 746//714 1715//1621 1714//1620
f 748//716 1715//1621 747//715
f 105//101 1716//1622 748//716
f 727//695 1719//1625 1716//1622
f 726//694 1722//1628 1719//1625
f 725//693 460//428 1722//1628
f 1722//1628 459//427 1721//1627
f 1720//1626 459//427 458//426
f 745//713 458//426 12//12
f 744//712 1720//1626 745//713
f 743//711 1717//1623 744//712
f 1723//696 1727//697 1726//696
f 1725//698 1727//697 1724//697
f 1726//696 1730//697 1729//696
f 1728//698 1730//697 1727//697
f 109//101 1723//696 751//101
f 752//696 1724//697 1723//696
f 754//698 1724//697 753//697
f 110//102 1725//698 754//698
f 755//102 1728//698 1725//698
f 756//102 1731//698 1728//698
f 757//102 730//698 1731//698
f 1731//698 729//697 1730//697
f 1729//696 729//697 728//696
f 749//101 728//696 105//101
f 750//101 1729//696 749//101
f 751//101 1726//696 750//101
f 1732//702 1736//703 1735//702
f 1734//704 1736//703 1733//703
f 1735//702 1739//703 1738//702
f 1737//704 1739//703 1736//703
f 110//102 1732//702 755//102
f 758//702 1733//703 1732//702
f 760//704 1733//703 759//703
f 111//103 1734//704 760//704
f 761//103 1737//704 1734//704
f 762//103 1740//704 1737//704
f 763//103 736//704 1740//704
f 1740//704 735//703 1739//703
f 1738//702 735//703 734//702
f 757//102 734//702 106//102
f 756//102 1738//702 757//102
f 755//102 1735//702 756//102
f 1741//708 1745//709 1744//708
f 1743//710 1745//709 1742//709
f 1744//708 1748//709 1747//708
f 1746//710 1748//709 1745//709
f 111//103 1741//708 761//103
f 764//708 1742//709 1741//708
f 766//710 1742//709 765//709
f 112//104 1743//710 766//710
f 767//104 1746//710 1743//710
f 768//104 1749//710 1746//710
f 769//104 742//710 1749//710
f 1749//710 741//709 1748//709
f 1747//708 741//709 740//708
f 763//103 740//708 107//103
f 762//103 1747//708 763//103
f 761//103 1744//708 762//103
f 1750//714 1754//715 1753//714
f 1752//716 1754//715 1751//715
f 1753//714 1757//715 1756//714
f 1755//716 1757//715 1754//715
f 112//104 1750//714 767//104
f 770//714 1751//715 1750//714
f 772//716 1751//715 771//715
f 109//101 1752//716 772//716
f 751//101 1755//716 1752//716
f 750//101 1758//716 1755//716
f 749//101 748//716 1758//716
f 1758//716 747//715 1757//715
f 1756//714 747//715 746//714
f 769//104 746//714 108//104
f 768//104 1756//714 769//104
f 767//104 1753//714 768//104
f 1759//1629 1763//1633 1762//1632
f 1761//1631 1763//1633 1760//1630
f 1762//1632 1766//1636 1765//1635
f 1764//1634 1766//1636 1763//1633
f 37//37 1759//1629 775//719
f 262//254 1760//1630 1759//1629
f 260//252 1760//1630 261//253
f 38//38 1761//1631 260//252
f 776//720 1764//1634 1761//1631
f 777//721 1767//1637 1764//1634
f 778//722 754//698 1767//1637
f 1767//1637 753//697 1766//1636
f 1765//1635 753//697 752//696
f 773//717 752//696 109//101
f 774//718 1765//1635 773//717
f 775//719 1762//1632 774//718
f 1768//1638 1772//1642 1771//1641
f 1770//1640 1772//1642 1769//1639
f 1771//1641 1775//1645 1774//1644
f 1773//1643 1775//1645 1772//1642
f 38//38 1768//1638 776//720
f 259//251 1769//1639 1768//1638
f 257//249 1769//1639 258//250
f 39//39 1770//1640 257//249
f 779//723 1773//1643 1770//1640
f 780//724 1776//1646 1773//1643
f 781//725 760//704 1776//1646
f 1776//1646 759//703 1775//1645
f 1774//1644 759//703 758//702
f 778//722 758//702 110//102
f 777//721 1774//1644 778//722
f 776//720 1771//1641 777//721
f 1777//1647 1781//1651 1780//1650
f 1779//1649 1781//1651 1778//1648
f 1780//1650 1784//1654 1783//1653
f 1782//1652 1784//1654 1781//1651
f 39//39 1777//1647 779//723
f 256//248 1778//1648 1777//1647
f 254//246 1778//1648 255//247
f 40//40 1779//1649 254//246
f 782//726 1782//1652 1779//1649
f 783//727 1785//1655 1782//1652
f 784//728 766//710 1785//1655
f 1785//1655 765//709 1784//1654
f 1783//1653 765//709 764//708
f 781//725 764//708 111//103
f 780//724 1783//1653 781//725
f 779//723 1780//1650 780//724
f 1786//1656 1790//1660 1789//1659
f 1788//1658 1790//1660 1787//1657
f 1789//1659 1793//1663 1792//1662
f 1791//1661 1793//1663 1790//1660
f 40//40 1786//1656 782//726
f 253//245 1787//1657 1786//1656
f 251//243 1787//1657 252//244
f 37//37 1788//1658 251//243
f 775//719 1791//1661 1788//1658
f 774//718 1794//1664 1791//1661
f 773//717 772//716 1794//1664
f 1794//1664 771//715 1793//1663
f 1792//1662 771//715 770//714
f 784//728 770//714 112//104
f 783//727 1792//1662 784//728
f 782//726 1789//1659 783//727
f 787//731 785//729 791//735
f 788//732 789//733 785//729
f 790//734 791//735 785//729
f 113//105 786//730 121//113
f 114//106 787//731 786//730
f 786//730 791//735 120//112
f 53//49 116//108 788//732
f 116//108 117//109 789//733
f 115//107 788//732 787//731
f 119//111 790//734 118//110
f 119//111 120//112 791//735
f 790//734 789//733 117//109
f 794//738 792//736 798//742
f 796//740 792//736 794//738
f 797//741 798//742 792//736
f 122//114 793//737 116//108
f 123//115 794//738 793//737
f 793//737 798//742 117//109
f 125//117 795//739 124//116
f 126//118 796//740 795//739
f 795//739 794//738 123//115
f 77//73 118//110 797//741
f 118//110 117//109 798//742
f 127//119 797//741 796//740
f 801//745 799//743 805//749
f 802//746 803//747 799//743
f 805//749 799//743 803//747
f 203//195 800//744 200//192
f 204//196 801//745 800//744
f 800//744 805//749 201//193
f 68//64 206//198 802//746
f 206//198 207//199 803//747
f 205//197 802//746 801//745
f 202//194 804//748 208//200
f 201//193 805//749 804//748
f 804//748 803//747 207//199
f 807//277 810//277 809//276
f 807//277 808//278 811//278
f 810//277 813//277 812//276
f 810//277 811//278 814//278
f 308//276 806//276 305//44
f 309//277 807//277 806//276
f 309//277 310//278 808//278
f 310//278 45//41 289//41
f 808//278 289//41 288//41
f 811//278 288//41 287//41
f 814//278 287//41 41//41
f 813//277 814//278 286//278
f 813//277 285//277 284//276
f 812//276 284//276 44//44
f 809//276 812//276 307//44
f 806//276 809//276 306//44
f 816//751 817//752 815//750
f 818//753 819//754 815//750
f 821//756 815//750 819//754
f 140//132 816//751 137//129
f 141//133 817//752 816//751
f 137//129 816//751 821//756
f 121//113 818//753 142//134
f 121//113 120//112 819//754
f 142//134 818//753 817//752
f 139//131 820//755 119//111
f 138//130 821//756 820//755
f 820//755 819//754 120//112
f 823//758 824//759 822//757
f 826//761 822//757 824//759
f 828//763 822//757 826//761
f 78//74 136//128 823//758
f 136//128 135//127 824//759
f 140//132 823//758 828//763
f 143//135 825//760 134//126
f 144//136 826//761 825//760
f 825//760 824//759 135//127
f 142//134 827//762 145//137
f 141//133 828//763 827//762
f 827//762 826//761 144//136
f 830//271 833//271 832//270
f 830//271 831//272 834//272
f 833//271 836//271 835//270
f 833//271 834//272 837//272
f 302//270 829//270 299//43
f 303//271 830//271 829//270
f 303//271 304//272 831//272
f 304//272 48//44 305//44
f 831//272 305//44 306//44
f 834//272 306//44 307//44
f 837//272 307//44 44//44
f 836//271 837//272 280//272
f 836//271 279//271 278//270
f 835//270 278//270 43//43
f 832//270 835//270 301//43
f 829//270 832//270 300//43
f 839//765 842//768 841//767
f 840//766 843//769 842//768
f 841//767 842//768 845//771
f 842//768 843//769 846//772
f 229//221 838//764 239//231
f 228//220 839//765 838//764
f 227//219 840//766 839//765
f 70//66 221//213 840//766
f 840//766 221//213 222//214
f 843//769 222//214 223//215
f 846//772 223//215 71//67
f 845//771 846//772 193//185
f 844//770 845//771 192//184
f 241//233 844//770 191//183
f 841//767 844//770 241//233
f 838//764 841//767 240//232
f 848//265 851//265 850//264
f 848//265 849//266 852//266
f 851//265 854//265 853//264
f 851//265 852//266 855//266
f 296//264 847//264 293//42
f 297//265 848//265 847//264
f 297//265 298//266 849//266
f 298//266 47//43 299//43
f 849//266 299//43 300//43
f 852//266 300//43 301//43
f 855//266 301//43 43//43
f 854//265 855//266 274//266
f 854//265 273//265 272//264
f 853//264 272//264 42//42
f 850//264 853//264 295//42
f 847//264 850//264 294//42
f 857//259 860//259 859//258
f 857//259 858//260 861//260
f 860//259 863//259 862//258
f 860//259 861//260 864//260
f 290//258 856//258 289//41
f 291//259 857//259 856//258
f 291//259 292//260 858//260
f 292//260 46//42 293//42
f 858//260 293//42 294//42
f 861//260 294//42 295//42
f 864//260 295//42 42//42
f 863//259 864//260 268//260
f 863//259 267//259 266//258
f 862//258 266//258 41//41
f 859//258 862//258 287//41
f 856//258 859//258 288//41
f 865//773 866//774 869//777
f 866//774 867//775 870//778
f 869//777 872//780 871//779
f 870//778 873//781 872//780
f 69//65 197//189 865//773
f 197//189 198//190 866//774
f 198//190 199//191 867//775
f 199//191 65//61 200//192
f 867//775 200//192 201//193
f 870//778 201//193 202//194
f 202//194 96//92 133//125
f 873//781 133//125 132//124
f 872//780 132//124 131//123
f 871//779 131//123 72//68
f 868//776 871//779 187//179
f 865//773 868//776 186//178
f 875//783 878//786 877//785
f 876//784 879//787 878//786
f 878//786 881//789 880//788
f 879//787 882//790 881//789
f 179//171 874//782 173//165
f 180//172 875//783 874//782
f 181//173 876//784 875//783
f 55//51 149//141 876//784
f 149//141 150//142 879//787
f 150//142 151//143 882//790
f 151//143 54//50 145//137
f 882//790 145//137 144//136
f 881//789 144//136 143//135
f 880//788 143//135 58//54
f 877//785 880//788 175//167
f 874//782 877//785 174//166
f 884//792 887//795 886//794
f 884//792 885//793 888//796
f 887//795 890//798 889//797
f 887//795 888//796 891//799
f 284//276 883//791 281//273
f 285//277 884//792 883//791
f 285//277 286//278 885//793
f 286//278 41//41 265//257
f 885//793 265//257 264//256
f 888//796 264//256 263//255
f 891//799 263//255 1//1
f 890//798 891//799 235//227
f 890//798 234//226 233//225
f 889//797 233//225 4//4
f 886//794 889//797 283//275
f 883//791 886//794 282//274
f 893//801 896//804 895//803
f 893//801 894//802 897//805
f 896//804 899//807 898//806
f 896//804 897//805 900//808
f 278//270 892//800 275//267
f 279//271 893//801 892//800
f 279//271 280//272 894//802
f 280//272 44//44 281//273
f 894//802 281//273 282//274
f 897//805 282//274 283//275
f 900//808 283//275 4//4
f 899//807 900//808 184//176
f 899//807 183//175 182//174
f 898//806 182//174 3//3
f 895//803 898//806 277//269
f 892//800 895//803 276//268
f 902//810 905//813 904//812
f 902//810 903//811 906//814
f 905//813 908//816 907//815
f 905//813 906//814 909//817
f 272//264 901//809 269//261
f 273//265 902//810 901//809
f 273//265 274//266 903//811
f 274//266 43//43 275//267
f 903//811 275//267 276//268
f 906//814 276//268 277//269
f 909//817 277//269 3//3
f 908//816 909//817 190//182
f 908//816 189//181 188//180
f 907//815 188//180 2//2
f 904//812 907//815 271//263
f 901//809 904//812 270//262
f 911//819 914//822 913//821
f 911//819 912//820 915//823
f 914//822 917//825 916//824
f 914//822 915//823 918//826
f 266//258 910//818 265//257
f 267//259 911//819 910//818
f 267//259 268//260 912//820
f 268//260 42//42 269//261
f 912//820 269//261 270//262
f 915//823 270//262 271//263
f 918//826 271//263 2//2
f 917//825 918//826 220//212
f 917//825 219//211 218//210
f 916//824 218//210 1//1
f 913//821 916//824 263//255
f 910//818 913//821 264//256
f 920//828 921//829 919//827
f 923//831 919//827 921//829
f 924//832 925//833 919//827
f 209//201 920//828 206//198
f 209//201 210//202 921//829
f 920//828 925//833 207//199
f 212//204 922//830 211//203
f 213//205 923//831 922//830
f 922//830 921//829 210//202
f 208//200 924//832 214//206
f 208//200 207//199 925//833
f 214//206 924//832 923//831
f 927//835 928//836 926//834
f 929//837 930//838 926//834
f 932//840 926//834 930//838
f 215//207 927//835 212//204
f 216//208 928//836 927//835
f 212//204 927//835 932//840
f 95//91 196//188 929//837
f 196//188 195//187 930//838
f 217//209 929//837 928//836
f 214//206 931//839 194//186
f 213//205 932//840 931//839
f 931//839 930//838 195//187
f 933//841 934//842 937//845
f 935//843 938//846 937//845
f 937//845 940//848 939//847
f 937//845 938//846 941//849
f 40//40 254//246 933//841
f 254//246 255//247 934//842
f 256//248 935//843 934//842
f 39//39 257//249 935//843
f 257//249 258//250 938//846
f 938//846 258//250 259//251
f 941//849 259//251 38//38
f 940//848 941//849 260//252
f 940//848 261//253 262//254
f 939//847 262//254 37//37
f 936//844 939//847 251//243
f 253//245 933//841 936//844
f 942//850 943//851 946//854
f 943//851 944//852 947//855
f 945//853 946//854 949//857
f 946//854 947//855 950//858
f 56//52 176//168 942//850
f 176//168 177//169 943//851
f 177//169 178//170 944//852
f 178//170 60//56 172//164
f 944//852 172//164 171//163
f 947//855 171//163 170//162
f 950//858 170//162 57//53
f 949//857 950//858 124//116
f 948//856 949//857 123//115
f 157//149 948//856 122//114
f 156//148 945//853 948//856
f 155//147 942//850 945//853
f 951//859 952//860 955//863
f 953//861 956//864 955//863
f 955//863 958//866 957//865
f 955//863 956//864 959//867
f 36//36 128//120 951//859
f 128//120 129//121 952//860
f 130//122 953//861 952//860
f 35//35 245//237 953//861
f 245//237 246//238 956//864
f 956//864 246//238 247//239
f 959//867 247//239 34//34
f 958//866 959//867 248//240
f 958//866 249//241 250//242
f 957//865 250//242 33//33
f 954//862 957//865 158//150
f 160//152 951//859 954//862
f 960//868 961//869 964//872
f 962//870 965//873 964//872
f 964//872 967//875 966//874
f 964//872 965//873 968//876
f 24//24 146//138 960//868
f 146//138 147//139 961//869
f 148//140 962//870 961//869
f 23//23 242//234 962//870
f 242//234 243//235 965//873
f 965//873 243//235 244//236
f 968//876 244//236 22//22
f 967//875 968//876 167//159
f 967//875 168//160 169//161
f 966//874 169//161 21//21
f 963//871 966//874 161//153
f 163//155 960//868 963//871
f 970//878 971//879 969//877
f 973//881 969//877 971//879
f 975//883 969//877 973//881
f 67//63 236//228 970//878
f 236//228 237//229 971//879
f 215//207 970//878 975//883
f 239//231 972//880 238//230
f 240//232 973//881 972//880
f 972//880 971//879 237//229
f 217//209 974//882 241//233
f 216//208 975//883 974//882
f 974//882 973//881 240//232
f 976//884 977//885 980//888
f 978//886 981//889 980//888
f 980//888 983//891 982//890
f 980//888 981//889 984//892
f 1//1 218//210 976//884
f 218//210 219//211 977//885
f 220//212 978//886 977//885
f 2//2 188//180 978//886
f 188//180 189//181 981//889
f 981//889 189//181 190//182
f 984//892 190//182 3//3
f 983//891 984//892 182//174
f 983//891 183//175 184//176
f 982//890 184//176 4//4
f 979//887 982//890 233//225
f 235//227 976//884 979//887
f 986//894 989//897 988//896
f 987//895 990//898 989//897
f 988//896 989//897 992//900
f 989//897 990//898 993//901
f 227//219 985//893 224//216
f 228//220 986//894 985//893
f 229//221 987//895 986//894
f 66//62 230//222 987//895
f 230//222 231//223 990//898
f 231//223 232//224 993//901
f 993//901 232//224 65//61
f 992//900 993//901 199//191
f 991//899 992//900 198//190
f 226//218 991//899 197//189
f 225//217 988//896 991//899
f 985//893 988//896 225//217
f 994//902 995//903 998//906
f 996//904 999//907 998//906
f 997//905 998//906 1001//909
f 999//907 1002//910 1001//909
f 59//55 166//158 994//902
f 166//158 165//157 995//903
f 164//156 996//904 995//903
f 60//56 178//170 996//904
f 178//170 177//169 999//907
f 177//169 176//168 1002//910
f 176//168 56//52 154//146
f 1002//910 154//146 153//145
f 1000//908 1001//909 153//145
f 181//173 1000//908 152//144
f 180//172 997//905 1000//908
f 179//171 994//902 997//905
f 1004//912 1007//915 1006//914
f 1004//912 1005//913 1008//916
f 1007//915 1010//918 1009//917
f 1007//915 1008//916 1011//919
f 314//282 1003//911 313//281
f 315//283 1004//912 1003//911
f 315//283 316//284 1005//913
f 316//284 6//6 317//285
f 1005//913 317//285 318//286
f 1008//916 318//286 319//287
f 1011//919 319//287 46//42
f 1010//918 1011//919 292//260
f 1010//918 291//259 290//258
f 1009//917 290//258 45//41
f 1006//914 1009//917 311//279
f 1003//911 1006//914 312//280
f 1013//921 1016//924 1015//923
f 1013//921 1014//922 1017//925
f 1016//924 1019//927 1018//926
f 1016//924 1017//925 1020//928
f 320//288 1012//920 317//285
f 321//289 1013//921 1012//920
f 321//289 322//290 1014//922
f 322//290 7//7 323//291
f 1014//922 323//291 324//292
f 1017//925 324//292 325//293
f 1020//928 325//293 47//43
f 1019//927 1020//928 298//266
f 1019//927 297//265 296//264
f 1018//926 296//264 46//42
f 1015//923 1018//926 319//287
f 1012//920 1015//923 318//286
f 1022//930 1025//933 1024//932
f 1022//930 1023//931 1026//934
f 1025//933 1028//936 1027//935
f 1025//933 1026//934 1029//937
f 326//294 1021//929 323//291
f 327//295 1022//930 1021//929
f 327//295 328//296 1023//931
f 328//296 8//8 329//297
f 1023//931 329//297 330//298
f 1026//934 330//298 331//299
f 1029//937 331//299 48//44
f 1028//936 1029//937 304//272
f 1028//936 303//271 302//270
f 1027//935 302//270 47//43
f 1024//932 1027//935 325//293
f 1021//929 1024//932 324//292
f 1031//939 1034//942 1033//941
f 1031//939 1032//940 1035//943
f 1034//942 1037//945 1036//944
f 1034//942 1035//943 1038//946
f 332//300 1030//938 329//297
f 333//301 1031//939 1030//938
f 333//301 334//302 1032//940
f 334//302 5//5 313//281
f 1032//940 313//281 312//280
f 1035//943 312//280 311//279
f 1038//946 311//279 45//41
f 1037//945 1038//946 310//278
f 1037//945 309//277 308//276
f 1036//944 308//276 48//44
f 1033//941 1036//944 331//299
f 1030//938 1033//941 330//298
f 1039//947 1040//948 1043//951
f 1041//949 1044//952 1043//951
f 1042//950 1043//951 1046//954
f 1044//952 1047//955 1046//954
f 49//45 338//306 1039//947
f 338//306 339//307 1040//948
f 340//308 1041//949 1040//948
f 50//46 341//309 1041//949
f 341//309 342//310 1044//952
f 342//310 343//311 1047//955
f 1047//955 343//311 6//6
f 1046//954 1047//955 316//284
f 1046//954 315//283 314//282
f 1045//953 314//282 5//5
f 336//304 1042//950 1045//953
f 337//305 1039//947 1042//950
f 1048//956 1049//957 1052//960
f 1050//958 1053//961 1052//960
f 1051//959 1052//960 1055//963
f 1053//961 1056//964 1055//963
f 50//46 344//312 1048//956
f 344//312 345//313 1049//957
f 346//314 1050//958 1049//957
f 51//47 347//315 1050//958
f 347//315 348//316 1053//961
f 348//316 349//317 1056//964
f 1056//964 349//317 7//7
f 1055//963 1056//964 322//290
f 1055//963 321//289 320//288
f 1054//962 320//288 6//6
f 342//310 1051//959 1054//962
f 341//309 1048//956 1051//959
f 1057//965 1058//966 1061//969
f 1059//967 1062//970 1061//969
f 1060//968 1061//969 1064//972
f 1062//970 1065//973 1064//972
f 51//47 350//318 1057//965
f 350//318 351//319 1058//966
f 352//320 1059//967 1058//966
f 52//48 353//321 1059//967
f 353//321 354//322 1062//970
f 354//322 355//323 1065//973
f 1065//973 355//323 8//8
f 1064//972 1065//973 328//296
f 1064//972 327//295 326//294
f 1063//971 326//294 7//7
f 348//316 1060//968 1063//971
f 347//315 1057//965 1060//968
f 1066//974 1067//975 1070//978
f 1068//976 1071//979 1070//978
f 1069//977 1070//978 1073//981
f 1071//979 1074//982 1073//981
f 52//48 356//324 1066//974
f 356//324 357//325 1067//975
f 358//326 1068//976 1067//975
f 49//45 337//305 1068//976
f 337//305 336//304 1071//979
f 336//304 335//303 1074//982
f 1074//982 335//303 5//5
f 1073//981 1074//982 334//302
f 1073//981 333//301 332//300
f 1072//980 332//300 8//8
f 354//322 1069//977 1072//980
f 353//321 1066//974 1069//977
f 1076//984 1079//987 1078//986
f 1076//984 1077//985 1080//988
f 1079//987 1082//990 1081//989
f 1080//988 1083//991 1082//990
f 115//107 1075//983 361//329
f 114//106 1076//984 1075//983
f 113//105 1077//985 1076//984
f 113//105 54//50 362//330
f 1077//985 362//330 363//331
f 363//331 364//332 1083//991
f 364//332 50//46 340//308
f 1083//991 340//308 339//307
f 1081//989 1082//990 339//307
f 359//327 1081//989 338//306
f 1078//986 1081//989 359//327
f 1075//983 1078//986 360//328
f 1085//993 1088//996 1087//995
f 1086//994 1089//997 1088//996
f 1088//996 1091//999 1090//998
f 1089//997 1092//1000 1091//999
f 151//143 1084//992 362//330
f 150//142 1085//993 1084//992
f 149//141 1086//994 1085//993
f 149//141 55//51 365//333
f 365//333 366//334 1089//997
f 366//334 367//335 1092//1000
f 367//335 51//47 346//314
f 1092//1000 346//314 345//313
f 1090//998 1091//999 345//313
f 364//332 1090//998 344//312
f 1087//995 1090//998 364//332
f 1084//992 1087//995 363//331
f 1093//1001 1094//1002 1097//1005
f 1095//1003 1098//1006 1097//1005
f 1096//1004 1097//1005 1100//1008
f 1098//1006 1101//1009 1100//1008
f 55//51 152//144 1093//1001
f 152//144 153//145 1094//1002
f 154//146 1095//1003 1094//1002
f 56//52 368//336 1095//1003
f 368//336 369//337 1098//1006
f 369//337 370//338 1101//1009
f 370//338 52//48 352//320
f 1101//1009 352//320 351//319
f 1099//1007 1100//1008 351//319
f 367//335 1099//1007 350//318
f 366//334 1096//1004 1099//1007
f 365//333 1093//1001 1096//1004
f 1102//1010 1103//1011 1106//1014
f 1103//1011 1104//1012 1107//1015
f 1105//1013 1106//1014 1109//1017
f 1106//1014 1107//1015 1110//1018
f 155//147 1102//1010 368//336
f 155//147 156//148 1103//1011
f 156//148 157//149 1104//1012
f 157//149 53//49 361//329
f 1104//1012 361//329 360//328
f 1107//1015 360//328 359//327
f 359//327 49//45 358//326
f 1110//1018 358//326 357//325
f 1108//1016 1109//1017 357//325
f 370//338 1108//1016 356//324
f 369//337 1105//1013 1108//1016
f 368//336 1102//1010 1105//1013
f 1111//1019 1112//1020 1115//1023
f 1113//1021 1116//1024 1115//1023
f 1114//1022 1115//1023 1118//1026
f 1116//1024 1119//1027 1118//1026
f 374//342 1111//1019 373//341
f 375//343 1112//1020 1111//1019
f 375//343 376//344 1113//1021
f 376//344 62//58 377//345
f 1113//1021 377//345 378//346
f 378//346 379//347 1119//1027
f 379//347 58//54 380//348
f 1119//1027 380//348 381//349
f 1117//1025 1118//1026 381//349
f 371//339 1117//1025 382//350
f 372//340 1114//1022 1117//1025
f 1111//1019 1114//1022 372//340
f 1120//1028 1121//1029 1124//1032
f 1121//1029 1122//1030 1125//1033
f 1123//1031 1124//1032 1127//1035
f 1124//1032 1125//1033 1128//1036
f 62//58 383//351 1120//1028
f 383//351 384//352 1121//1029
f 384//352 385//353 1122//1030
f 385//353 63//59 386//354
f 1122//1030 386//354 387//355
f 1125//1033 387//355 388//356
f 1128//1036 388//356 59//55
f 1127//1035 1128//1036 173//165
f 1126//1034 1127//1035 174//166
f 379//347 1126//1034 175//167
f 378//346 1123//1031 1126//1034
f 377//345 1120//1028 1123//1031
f 1129//1037 1130//1038 1133//1041
f 1131//1039 1134//1042 1133//1041
f 1132//1040 1133//1041 1136//1044
f 1134//1042 1137//1045 1136//1044
f 63//59 389//357 1129//1037
f 389//357 390//358 1130//1038
f 391//359 1131//1039 1130//1038
f 64//60 392//360 1131//1039
f 392//360 393//361 1134//1042
f 393//361 394//362 1137//1045
f 394//362 60//56 164//156
f 1137//1045 164//156 165//157
f 1135//1043 1136//1044 165//157
f 388//356 1135//1043 166//158
f 387//355 1132//1040 1135//1043
f 386//354 1129//1037 1132//1040
f 1139//1047 1142//1050 1141//1049
f 1140//1048 1143//1051 1142//1050
f 1142//1050 1145//1053 1144//1052
f 1143//1051 1146//1054 1145//1053
f 395//363 1138//1046 392//360
f 396//364 1139//1047 1138//1046
f 397//365 1140//1048 1139//1047
f 61//57 373//341 1140//1048
f 373//341 372//340 1143//1051
f 372//340 371//339 1146//1054
f 371//339 57//53 170//162
f 1146//1054 170//162 171//163
f 1145//1053 171//163 172//164
f 1144//1052 172//164 60//56
f 1141//1049 1144//1052 394//362
f 1138//1046 1141//1049 393//361
f 1148//1056 1151//1059 1150//1058
f 1148//1056 1149//1057 1152//1060
f 1151//1059 1154//1062 1153//1061
f 1151//1059 1152//1060 1155//1063
f 232//224 1147//1055 400//368
f 231//223 1148//1056 1147//1055
f 231//223 230//222 1149//1057
f 230//222 66//62 401//369
f 1149//1057 401//369 402//370
f 1152//1060 402//370 403//371
f 1155//1063 403//371 62//58
f 1154//1062 1155//1063 376//344
f 1154//1062 375//343 374//342
f 1153//1061 374//342 61//57
f 1150//1058 1153//1061 398//366
f 1147//1055 1150//1058 399//367
f 1156//1064 1157//1065 1160//1068
f 1157//1065 1158//1066 1161//1069
f 1159//1067 1160//1068 1163//1071
f 1160//1068 1161//1069 1164//1072
f 238//230 1156//1064 401//369
f 238//230 237//229 1157//1065
f 237//229 236//228 1158//1066
f 236//228 67//63 404//372
f 1158//1066 404//372 405//373
f 1161//1069 405//373 406//374
f 1164//1072 406//374 63//59
f 1163//1071 1164//1072 385//353
f 1162//1070 1163//1071 384//352
f 403//371 1162//1070 383//351
f 402//370 1159//1067 1162//1070
f 401//369 1156//1064 1159//1067
f 1165//1073 1166//1074 1169//1077
f 1166//1074 1167//1075 1170//1078
f 1168//1076 1169//1077 1172//1080
f 1169//1077 1170//1078 1173//1081
f 67//63 211//203 1165//1073
f 211//203 210//202 1166//1074
f 210//202 209//201 1167//1075
f 68//64 407//375 1167//1075
f 407//375 408//376 1170//1078
f 408//376 409//377 1173//1081
f 409//377 64//60 391//359
f 1173//1081 391//359 390//358
f 1171//1079 1172//1080 390//358
f 406//374 1171//1079 389//357
f 405//373 1168//1076 1171//1079
f 404//372 1165//1073 1168//1076
f 1175//1083 1178//1086 1177//1085
f 1176//1084 1179//1087 1178//1086
f 1178//1086 1181//1089 1180//1088
f 1179//1087 1182//1090 1181//1089
f 205//197 1174//1082 407//375
f 204//196 1175//1083 1174//1082
f 203//195 1176//1084 1175//1083
f 203//195 65//61 400//368
f 400//368 399//367 1179//1087
f 399//367 398//366 1182//1090
f 398//366 61//57 397//365
f 1182//1090 397//365 396//364
f 1181//1089 396//364 395//363
f 1180//1088 395//363 64//60
f 1177//1085 1180//1088 409//377
f 1174//1082 1177//1085 408//376
f 1184//1092 1187//1095 1186//1094
f 1184//1092 1185//1093 1188//1096
f 1187//1095 1190//1098 1189//1097
f 1187//1095 1188//1096 1191//1099
f 413//381 1183//1091 412//380
f 414//382 1184//1092 1183//1091
f 414//382 415//383 1185//1093
f 415//383 74//70 416//384
f 1185//1093 416//384 417//385
f 1188//1096 417//385 418//386
f 1191//1099 418//386 70//66
f 1190//1098 1191//1099 224//216
f 1190//1098 225//217 226//218
f 1189//1097 226//218 69//65
f 1186//1094 1189//1097 410//378
f 1183//1091 1186//1094 411//379
f 1193//1101 1196//1104 1195//1103
f 1194//1102 1197//1105 1196//1104
f 1196//1104 1199//1107 1198//1106
f 1197//1105 1200//1108 1199//1107
f 419//387 1192//1100 416//384
f 420//388 1193//1101 1192//1100
f 421//389 1194//1102 1193//1101
f 75//71 422//390 1194//1102
f 422//390 423//391 1197//1105
f 423//391 424//392 1200//1108
f 424//392 71//67 223//215
f 1200//1108 223//215 222//214
f 1199//1107 222//214 221//213
f 418//386 1198//1106 221//213
f 1195//1103 1198//1106 418//386
f 1192//1100 1195//1103 417//385
f 1201//1109 1202//1110 1205//1113
f 1202//1110 1203//1111 1206//1114
f 1204//1112 1205//1113 1208//1116
f 1205//1113 1206//1114 1209//1117
f 425//393 1201//1109 422//390
f 426//394 1202//1110 1201//1109
f 426//394 427//395 1203//1111
f 427//395 76//72 428//396
f 1203//1111 428//396 429//397
f 1206//1114 429//397 430//398
f 1209//1117 430//398 72//68
f 1208//1116 1209//1117 431//399
f 1207//1115 1208//1116 432//400
f 424//392 1207//1115 433//401
f 1204//1112 1207//1115 424//392
f 1201//1109 1204//1112 423//391
f 1210//1118 1211//1119 1214//1122
f 1211//1119 1212//1120 1215//1123
f 1213//1121 1214//1122 1217//1125
f 1214//1122 1215//1123 1218//1126
f 76//72 434//402 1210//1118
f 434//402 435//403 1211//1119
f 435//403 436//404 1212//1120
f 436//404 73//69 412//380
f 1212//1120 412//380 411//379
f 1215//1123 411//379 410//378
f 1218//1126 410//378 69//65
f 1217//1125 1218//1126 185//177
f 1216//1124 1217//1125 186//178
f 430//398 1216//1124 187//179
f 429//397 1213//1121 1216//1124
f 428//396 1210//1118 1213//1121
f 1220//1128 1223//1131 1222//1130
f 1220//1128 1221//1129 1224//1132
f 1223//1131 1226//1134 1225//1133
f 1223//1131 1224//1132 1227//1135
f 440//408 1219//1127 439//407
f 441//409 1220//1128 1219//1127
f 441//409 442//410 1221//1129
f 442//410 10//10 443//411
f 1221//1129 443//411 444//412
f 1224//1132 444//412 445//413
f 1227//1135 445//413 74//70
f 1226//1134 1227//1135 415//383
f 1226//1134 414//382 413//381
f 1225//1133 413//381 73//69
f 1222//1130 1225//1133 437//405
f 1219//1127 1222//1130 438//406
f 1229//1137 1232//1140 1231//1139
f 1229//1137 1230//1138 1233//1141
f 1232//1140 1235//1143 1234//1142
f 1233//1141 1236//1144 1235//1143
f 446//414 1228//1136 443//411
f 447//415 1229//1137 1228//1136
f 447//415 448//416 1230//1138
f 448//416 11//11 449//417
f 1230//1138 449//417 450//418
f 450//418 451//419 1236//1144
f 451//419 75//71 421//389
f 1236//1144 421//389 420//388
f 1235//1143 420//388 419//387
f 1234//1142 419//387 74//70
f 1231//1139 1234//1142 445//413
f 1228//1136 1231//1139 444//412
f 1238//1146 1241//1149 1240//1148
f 1238//1146 1239//1147 1242//1150
f 1241//1149 1244//1152 1243//1151
f 1241//1149 1242//1150 1245//1153
f 452//420 1237//1145 449//417
f 453//421 1238//1146 1237//1145
f 453//421 454//422 1239//1147
f 454//422 12//12 455//423
f 1239//1147 455//423 456//424
f 1242//1150 456//424 457//425
f 1245//1153 457//425 76//72
f 1244//1152 1245//1153 427//395
f 1244//1152 426//394 425//393
f 1243//1151 425//393 75//71
f 1240//1148 1243//1151 451//419
f 1237//1145 1240//1148 450//418
f 1246//1154 1247//1155 1250//1158
f 1247//1155 1248//1156 1251//1159
f 1249//1157 1250//1158 1253//1161
f 1250//1158 1251//1159 1254//1162
f 458//426 1246//1154 455//423
f 459//427 1247//1155 1246//1154
f 459//427 460//428 1248//1156
f 460//428 9//9 439//407
f 1248//1156 439//407 438//406
f 1251//1159 438//406 437//405
f 1254//1162 437//405 73//69
f 1253//1161 1254//1162 436//404
f 1252//1160 1253//1161 435//403
f 457//425 1252//1160 434//402
f 456//424 1249//1157 1252//1160
f 1246//1154 1249//1157 456//424
f 1256//1164 1259//1167 1258//1166
f 1257//1165 1260//1168 1259//1167
f 1259//1167 1262//1170 1261//1169
f 1260//1168 1263//1171 1262//1170
f 79//75 464//432 1255//1163
f 464//432 465//433 1256//1164
f 466//434 1257//1165 1256//1164
f 80//76 467//435 1257//1165
f 467//435 468//436 1260//1168
f 1260//1168 468//436 469//437
f 1263//1171 469//437 78//74
f 1263//1171 137//129 138//130
f 1262//1170 138//130 139//131
f 1261//1169 139//131 77//73
f 1258//1166 1261//1169 461//429
f 1255//1163 1258//1166 462//430
f 1265//1173 1268//1176 1267//1175
f 1266//1174 1269//1177 1268//1176
f 1267//1175 1268//1176 1271//1179
f 1269//1177 1272//1180 1271//1179
f 470//438 1264//1172 467//435
f 471//439 1265//1173 1264//1172
f 472//440 1266//1174 1265//1173
f 81//77 473//441 1266//1174
f 473//441 474//442 1269//1177
f 474//442 475//443 1272//1180
f 475//443 58//54 134//126
f 1271//1179 1272//1180 134//126
f 1270//1178 1271//1179 135//127
f 469//437 1270//1178 136//128
f 468//436 1267//1175 1270//1178
f 1264//1172 1267//1175 468//436
f 1274//1182 1277//1185 1276//1184
f 1274//1182 1275//1183 1278//1186
f 1276//1184 1277//1185 1280//1188
f 1278//1186 1281//1189 1280//1188
f 476//444 1273//1181 473//441
f 477//445 1274//1182 1273//1181
f 477//445 478//446 1275//1183
f 478//446 82//78 479//447
f 1275//1183 479//447 480//448
f 1278//1186 480//448 481//449
f 481//449 57//53 382//350
f 1280//1188 1281//1189 382//350
f 1280//1188 381//349 380//348
f 475//443 1279//1187 380//348
f 1276//1184 1279//1187 475//443
f 1273//1181 1276//1184 474//442
f 1282//1190 1283//1191 1286//1194
f 1283//1191 1284//1192 1287//1195
f 1285//1193 1286//1194 1289//1197
f 1287//1195 1290//1198 1289//1197
f 82//78 482//450 1282//1190
f 482//450 483//451 1283//1191
f 483//451 484//452 1284//1192
f 484//452 79//75 463//431
f 463//431 462//430 1287//1195
f 462//430 461//429 1290//1198
f 461//429 77//73 127//119
f 1290//1198 127//119 126//118
f 1289//1197 126//118 125//117
f 481//449 1288//1196 125//117
f 480//448 1285//1193 1288//1196
f 479//447 1282//1190 1285//1193
f 1292//1200 1295//1203 1294//1202
f 1293//1201 1296//1204 1295//1203
f 1295//1203 1298//1206 1297//1205
f 1296//1204 1299//1207 1298//1206
f 13//13 488//456 1291//1199
f 489//457 1292//1200 1291//1199
f 490//458 1293//1201 1292//1200
f 14//14 491//459 1293//1201
f 491//459 492//460 1296//1204
f 492//460 493//461 1299//1207
f 493//461 80//76 466//434
f 1299//1207 466//434 465//433
f 1297//1205 1298//1206 465//433
f 485//453 1297//1205 464//432
f 486//454 1294//1202 1297//1205
f 487//455 1291//1199 1294//1202
f 1301//1209 1304//1212 1303//1211
f 1302//1210 1305//1213 1304//1212
f 1304//1212 1307//1215 1306//1214
f 1305//1213 1308//1216 1307//1215
f 494//462 1300//1208 491//459
f 495//463 1301//1209 1300//1208
f 496//464 1302//1210 1301//1209
f 15//15 497//465 1302//1210
f 497//465 498//466 1305//1213
f 498//466 499//467 1308//1216
f 499//467 81//77 472//440
f 1308//1216 472//440 471//439
f 1307//1215 471//439 470//438
f 1306//1214 470//438 80//76
f 1303//1211 1306//1214 493//461
f 1300//1208 1303//1211 492//460
f 1310//1218 1313//1221 1312//1220
f 1310//1218 1311//1219 1314//1222
f 1313//1221 1316//1224 1315//1223
f 1313//1221 1314//1222 1317//1225
f 500//468 1309//1217 497//465
f 501//469 1310//1218 1309//1217
f 501//469 502//470 1311//1219
f 502//470 16//16 503//471
f 1311//1219 503//471 504//472
f 1314//1222 504//472 505//473
f 1317//1225 505//473 82//78
f 1316//1224 1317//1225 478//446
f 1316//1224 477//445 476//444
f 1315//1223 476//444 81//77
f 1312//1220 1315//1223 499//467
f 1309//1217 1312//1220 498//466
f 1318//1226 1319//1227 1322//1230
f 1319//1227 1320//1228 1323//1231
f 1321//1229 1322//1230 1325//1233
f 1322//1230 1323//1231 1326//1234
f 16//16 506//474 1318//1226
f 506//474 507//475 1319//1227
f 507//475 508//476 1320//1228
f 508//476 13//13 487//455
f 1320//1228 487//455 486//454
f 1323//1231 486//454 485//453
f 1326//1234 485//453 79//75
f 1325//1233 1326//1234 484//452
f 1324//1232 1325//1233 483//451
f 505//473 1324//1232 482//450
f 504//472 1321//1229 1324//1232
f 503//471 1318//1226 1321//1229
f 1328//1236 1331//1239 1330//1238
f 1328//1236 1329//1237 1332//1240
f 1331//1239 1334//1242 1333//1241
f 1331//1239 1332//1240 1335//1243
f 512//480 1327//1235 511//479
f 513//481 1328//1236 1327//1235
f 513//481 514//482 1329//1237
f 514//482 84//80 515//483
f 1329//1237 515//483 516//484
f 1332//1240 516//484 517//485
f 1335//1243 517//485 14//14
f 1334//1242 1335//1243 490//458
f 1334//1242 489//457 488//456
f 1333//1241 488//456 13//13
f 1330//1238 1333//1241 509//477
f 1327//1235 1330//1238 510//478
f 1336//1244 1337//1245 1340//1248
f 1337//1245 1338//1246 1341//1249
f 1339//1247 1340//1248 1343//1251
f 1340//1248 1341//1249 1344//1252
f 84//80 518//486 1336//1244
f 518//486 519//487 1337//1245
f 519//487 520//488 1338//1246
f 520//488 85//81 521//489
f 1338//1246 521//489 522//490
f 1341//1249 522//490 523//491
f 1344//1252 523//491 15//15
f 1343//1251 1344//1252 496//464
f 1342//1250 1343//1251 495//463
f 517//485 1342//1250 494//462
f 516//484 1339//1247 1342//1250
f 515//483 1336//1244 1339//1247
f 1346//1254 1349//1257 1348//1256
f 1347//1255 1350//1258 1349//1257
f 1349//1257 1352//1260 1351//1259
f 1350//1258 1353//1261 1352//1260
f 85//81 524//492 1345//1253
f 525//493 1346//1254 1345//1253
f 526//494 1347//1255 1346//1254
f 86//82 527//495 1347//1255
f 527//495 528//496 1350//1258
f 528//496 529//497 1353//1261
f 529//497 16//16 502//470
f 1353//1261 502//470 501//469
f 1352//1260 501//469 500//468
f 523//491 1351//1259 500//468
f 522//490 1348//1256 1351//1259
f 521//489 1345//1253 1348//1256
f 1355//1263 1358//1266 1357//1265
f 1356//1264 1359//1267 1358//1266
f 1358//1266 1361//1269 1360//1268
f 1359//1267 1362//1270 1361//1269
f 530//498 1354//1262 527//495
f 531//499 1355//1263 1354//1262
f 532//500 1356//1264 1355//1263
f 83//79 511//479 1356//1264
f 511//479 510//478 1359//1267
f 510//478 509//477 1362//1270
f 509//477 13//13 508//476
f 1362//1270 508//476 507//475
f 1361//1269 507//475 506//474
f 1360//1268 506//474 16//16
f 1357//1265 1360//1268 529//497
f 1354//1262 1357//1265 528//496
f 1364//1272 1367//1275 1366//1274
f 1365//1273 1368//1276 1367//1275
f 1367//1275 1370//1278 1369//1277
f 1368//1276 1371//1279 1370//1278
f 17//17 536//504 1363//1271
f 537//505 1364//1272 1363//1271
f 538//506 1365//1273 1364//1272
f 18//18 539//507 1365//1273
f 539//507 540//508 1368//1276
f 540//508 541//509 1371//1279
f 1371//1279 541//509 84//80
f 1370//1278 1371//1279 514//482
f 1370//1278 513//481 512//480
f 1369//1277 512//480 83//79
f 534//502 1366//1274 1369//1277
f 535//503 1363//1271 1366//1274
f 1373//1281 1376//1284 1375//1283
f 1374//1282 1377//1285 1376//1284
f 1376//1284 1379//1287 1378//1286
f 1377//1285 1380//1288 1379//1287
f 542//510 1372//1280 539//507
f 543//511 1373//1281 1372//1280
f 544//512 1374//1282 1373//1281
f 19//19 545//513 1374//1282
f 545//513 546//514 1377//1285
f 1377//1285 546//514 547//515
f 1380//1288 547//515 85//81
f 1379//1287 1380//1288 520//488
f 1378//1286 1379//1287 519//487
f 541//509 1378//1286 518//486
f 1375//1283 1378//1286 541//509
f 1372//1280 1375//1283 540//508
f 1382//1290 1385//1293 1384//1292
f 1382//1290 1383//1291 1386//1294
f 1385//1293 1388//1296 1387//1295
f 1385//1293 1386//1294 1389//1297
f 548//516 1381//1289 545//513
f 549//517 1382//1290 1381//1289
f 549//517 550//518 1383//1291
f 550//518 20//20 551//519
f 1383//1291 551//519 552//520
f 1386//1294 552//520 553//521
f 553//521 86//82 526//494
f 1389//1297 526//494 525//493
f 1388//1296 525//493 524//492
f 547//515 1387//1295 524//492
f 1384//1292 1387//1295 547//515
f 1381//1289 1384//1292 546//514
f 1390//1298 1391//1299 1394//1302
f 1391//1299 1392//1300 1395//1303
f 1393//1301 1394//1302 1397//1305
f 1394//1302 1395//1303 1398//1306
f 20//20 554//522 1390//1298
f 554//522 555//523 1391//1299
f 555//523 556//524 1392//1300
f 556//524 17//17 535//503
f 1392//1300 535//503 534//502
f 1395//1303 534//502 533//501
f 533//501 83//79 532//500
f 1398//1306 532//500 531//499
f 1397//1305 531//499 530//498
f 1396//1304 530//498 86//82
f 552//520 1393//1301 1396//1304
f 551//519 1390//1298 1393//1301
f 1399//1307 1400//1308 1403//1311
f 1400//1308 1401//1309 1404//1312
f 1402//1310 1403//1311 1406//1314
f 1403//1311 1404//1312 1407//1315
f 560//528 1399//1307 559//527
f 560//528 561//529 1400//1308
f 561//529 562//530 1401//1309
f 562//530 88//84 563//531
f 1401//1309 563//531 564//532
f 1404//1312 564//532 565//533
f 1407//1315 565//533 18//18
f 1406//1314 1407//1315 538//506
f 1405//1313 1406//1314 537//505
f 1405//1313 536//504 17//17
f 1402//1310 1405//1313 557//525
f 1399//1307 1402//1310 558//526
f 1408//1316 1409//1317 1412//1320
f 1409//1317 1410//1318 1413//1321
f 1411//1319 1412//1320 1415//1323
f 1412//1320 1413//1321 1416//1324
f 88//84 566//534 1408//1316
f 566//534 567//535 1409//1317
f 567//535 568//536 1410//1318
f 568//536 89//85 569//537
f 1410//1318 569//537 570//538
f 1413//1321 570//538 571//539
f 1416//1324 571//539 19//19
f 1415//1323 1416//1324 544//512
f 1414//1322 1415//1323 543//511
f 565//533 1414//1322 542//510
f 564//532 1411//1319 1414//1322
f 563//531 1408//1316 1411//1319
f 1417//1325 1418//1326 1421//1329
f 1419//1327 1422//1330 1421//1329
f 1420//1328 1421//1329 1424//1332
f 1422//1330 1425//1333 1424//1332
f 89//85 572//540 1417//1325
f 572//540 573//541 1418//1326
f 574//542 1419//1327 1418//1326
f 90//86 575//543 1419//1327
f 575//543 576//544 1422//1330
f 576//544 577//545 1425//1333
f 577//545 20//20 550//518
f 1425//1333 550//518 549//517
f 1423//1331 1424//1332 549//517
f 571//539 1423//1331 548//516
f 570//538 1420//1328 1423//1331
f 569//537 1417//1325 1420//1328
f 1427//1335 1430//1338 1429//1337
f 1428//1336 1431//1339 1430//1338
f 1430//1338 1433//1341 1432//1340
f 1431//1339 1434//1342 1433//1341
f 578//546 1426//1334 575//543
f 579//547 1427//1335 1426//1334
f 580//548 1428//1336 1427//1335
f 87//83 559//527 1428//1336
f 559//527 558//526 1431//1339
f 558//526 557//525 1434//1342
f 557//525 17//17 556//524
f 1434//1342 556//524 555//523
f 1433//1341 555//523 554//522
f 1432//1340 554//522 20//20
f 1429//1337 1432//1340 577//545
f 1426//1334 1429//1337 576//544
f 1435//1343 1436//1344 1439//1347
f 1437//1345 1440//1348 1439//1347
f 1438//1346 1439//1347 1442//1350
f 1440//1348 1443//1351 1442//1350
f 91//87 584//552 1435//1343
f 584//552 585//553 1436//1344
f 586//554 1437//1345 1436//1344
f 92//88 587//555 1437//1345
f 587//555 588//556 1440//1348
f 588//556 589//557 1443//1351
f 1443//1351 589//557 88//84
f 1442//1350 1443//1351 562//530
f 1441//1349 1442//1350 561//529
f 581//549 1441//1349 560//528
f 582//550 1438//1346 1441//1349
f 583//551 1435//1343 1438//1346
f 1444//1352 1445//559 1448//1355
f 1446//1353 1449//1356 1448//1355
f 1447//1354 1448//1355 1451//1358
f 1448//1355 1449//1356 1452//1359
f 92//88 590//558 1444//1352
f 590//558 591//559 1445//559
f 592//560 1446//1353 1445//559
f 93//89 593//561 1446//1353
f 593//561 594//562 1449//1356
f 594//562 595//563 1452//1359
f 1452//1359 595//563 89//85
f 1451//1358 1452//1359 568//536
f 1450//1357 1451//1358 567//535
f 589//557 1450//1357 566//534
f 588//556 1447//1354 1450//1357
f 587//555 1444//1352 1447//1354
f 1453//1360 1454//1361 1457//1364
f 1455//1362 1458//1365 1457//1364
f 1456//1363 1457//1364 1460//1367
f 1458//1365 1461//1368 1460//1367
f 93//89 596//564 1453//1360
f 596//564 597//565 1454//1361
f 598//566 1455//1362 1454//1361
f 94//90 599//567 1455//1362
f 599//567 600//568 1458//1365
f 600//568 601//569 1461//1368
f 601//569 90//86 574//542
f 1461//1368 574//542 573//541
f 1459//1366 1460//1367 573//541
f 595//563 1459//1366 572//540
f 594//562 1456//1363 1459//1366
f 593//561 1453//1360 1456//1363
f 1462//570 1463//1369 1466//1372
f 1464//1370 1467//1373 1466//1372
f 1466//1372 1469//1375 1468//1374
f 1467//1373 1470//1376 1469//1375
f 94//90 602//570 1462//570
f 602//570 603//571 1463//1369
f 604//572 1464//1370 1463//1369
f 91//87 583//551 1464//1370
f 583//551 582//550 1467//1373
f 582//550 581//549 1470//1376
f 581//549 87//83 580//548
f 1470//1376 580//548 579//547
f 1469//1375 579//547 578//546
f 1468//1374 578//546 90//86
f 600//568 1465//1371 1468//1374
f 599//567 1462//570 1465//1371
f 1471//1377 1472//1378 1475//1381
f 1473//1379 1476//1382 1475//1381
f 1474//1380 1475//1381 1478//1384
f 1476//1382 1479//1385 1478//1384
f 21//21 169//161 1471//1377
f 169//161 168//160 1472//1378
f 167//159 1473//1379 1472//1378
f 22//22 608//576 1473//1379
f 608//576 609//577 1476//1382
f 609//577 610//578 1479//1385
f 610//578 92//88 586//554
f 1479//1385 586//554 585//553
f 1477//1383 1478//1384 585//553
f 605//573 1477//1383 584//552
f 606//574 1474//1380 1477//1383
f 607//575 1471//1377 1474//1380
f 1480//1386 1481//1387 1484//1390
f 1482//1388 1485//1391 1484//1390
f 1483//1389 1484//1390 1487//1393
f 1485//1391 1488//1394 1487//1393
f 22//22 244//236 1480//1386
f 244//236 243//235 1481//1387
f 242//234 1482//1388 1481//1387
f 23//23 611//579 1482//1388
f 611//579 612//580 1485//1391
f 612//580 613//581 1488//1394
f 613//581 93//89 592//560
f 1488//1394 592//560 591//559
f 1486//1392 1487//1393 591//559
f 610//578 1486//1392 590//558
f 609//577 1483//1389 1486//1392
f 608//576 1480//1386 1483//1389
f 1489//1395 1490//1396 1493//1399
f 1491//1397 1494//1400 1493//1399
f 1492//1398 1493//1399 1496//1402
f 1494//1400 1497//1403 1496//1402
f 23//23 148//140 1489//1395
f 148//140 147//139 1490//1396
f 146//138 1491//1397 1490//1396
f 24//24 614//582 1491//1397
f 614//582 615//583 1494//1400
f 615//583 616//584 1497//1403
f 616//584 94//90 598//566
f 1497//1403 598//566 597//565
f 1495//1401 1496//1402 597//565
f 613//581 1495//1401 596//564
f 612//580 1492//1398 1495//1401
f 611//579 1489//1395 1492//1398
f 1498//1404 1499//1405 1502//1408
f 1500//1406 1503//1409 1502//1408
f 1501//1407 1502//1408 1505//1411
f 1503//1409 1506//1412 1505//1411
f 24//24 163//155 1498//1404
f 163//155 162//154 1499//1405
f 161//153 1500//1406 1499//1405
f 21//21 607//575 1500//1406
f 607//575 606//574 1503//1409
f 606//574 605//573 1506//1412
f 605//573 91//87 604//572
f 1506//1412 604//572 603//571
f 1504//1410 1505//1411 603//571
f 616//584 1504//1410 602//570
f 615//583 1501//1407 1504//1410
f 614//582 1498//1404 1501//1407
f 1507//1413 1508//1414 1511//1417
f 1509//1415 1512//1418 1511//1417
f 1510//1416 1511//1417 1514//1420
f 1512//1418 1515//1421 1514//1420
f 25//25 620//588 1507//1413
f 620//588 621//589 1508//1414
f 622//590 1509//1415 1508//1414
f 26//26 623//591 1509//1415
f 623//591 624//592 1512//1418
f 624//592 625//593 1515//1421
f 625//593 96//92 194//186
f 1515//1421 194//186 195//187
f 1513//1419 1514//1420 195//187
f 617//585 1513//1419 196//188
f 618//586 1510//1416 1513//1419
f 619//587 1507//1413 1510//1416
f 1517//1423 1520//1426 1519//1425
f 1518//1424 1521//1427 1520//1426
f 1520//1426 1523//1429 1522//1428
f 1521//1427 1524//1430 1523//1429
f 626//594 1516//1422 623//591
f 627//595 1517//1423 1516//1422
f 628//596 1518//1424 1517//1423
f 27//27 629//597 1518//1424
f 629//597 630//598 1521//1427
f 630//598 631//599 1524//1430
f 631//599 72//68 131//123
f 1524//1430 131//123 132//124
f 1523//1429 132//124 133//125
f 625//593 1522//1428 133//125
f 1519//1425 1522//1428 625//593
f 1516//1422 1519//1425 624//592
f 1526//1432 1529//1435 1528//1434
f 1526//1432 1527//1433 1530//1436
f 1529//1435 1532//1438 1531//1437
f 1529//1435 1530//1436 1533//1439
f 632//600 1525//1431 629//597
f 633//601 1526//1432 1525//1431
f 633//601 634//602 1527//1433
f 634//602 28//28 635//603
f 1527//1433 635//603 636//604
f 1530//1436 636//604 637//605
f 637//605 71//67 433//401
f 1533//1439 433//401 432//400
f 1531//1437 1532//1438 432//400
f 631//599 1531//1437 431//399
f 1528//1434 1531//1437 631//599
f 1525//1431 1528//1434 630//598
f 1534//1440 1535//1441 1538//1444
f 1535//1441 1536//1442 1539//1445
f 1537//1443 1538//1444 1541//1447
f 1538//1444 1539//1445 1542//1448
f 28//28 638//606 1534//1440
f 638//606 639//607 1535//1441
f 639//607 640//608 1536//1442
f 640//608 25//25 619//587
f 1536//1442 619//587 618//586
f 1539//1445 618//586 617//585
f 1542//1448 617//585 95//91
f 1541//1447 1542//1448 191//183
f 1540//1446 1541//1447 192//184
f 637//605 1540//1446 193//185
f 636//604 1537//1443 1540//1446
f 635//603 1534//1440 1537//1443
f 1544//1450 1547//1453 1546//1452
f 1545//1451 1548//1454 1547//1453
f 1547//1453 1550//1456 1549//1455
f 1548//1454 1551//1457 1550//1456
f 644//612 1543//1449 643//611
f 645//613 1544//1450 1543//1449
f 646//614 1545//1451 1544//1450
f 646//614 98//94 647//615
f 1545//1451 647//615 648//616
f 1548//1454 648//616 649//617
f 649//617 26//26 622//590
f 1551//1457 622//590 621//589
f 1549//1455 1550//1456 621//589
f 641//609 1549//1455 620//588
f 1546//1452 1549//1455 641//609
f 1543//1449 1546//1452 642//610
f 1552//1458 1553//1459 1556//1462
f 1553//1459 1554//1460 1557//1463
f 1555//1461 1556//1462 1559//1465
f 1556//1462 1557//1463 1560//1466
f 98//94 650//618 1552//1458
f 650//618 651//619 1553//1459
f 651//619 652//620 1554//1460
f 652//620 99//95 653//621
f 1554//1460 653//621 654//622
f 1557//1463 654//622 655//623
f 655//623 27//27 628//596
f 1560//1466 628//596 627//595
f 1559//1465 627//595 626//594
f 1558//1464 626//594 26//26
f 648//616 1555//1461 1558//1464
f 647//615 1552//1458 1555//1461
f 1561//1467 1562//1468 1565//1471
f 1562//1468 1563//1469 1566//1472
f 1564//1470 1565//1471 1568//1474
f 1565//1471 1566//1472 1569//1475
f 99//95 656//624 1561//1467
f 656//624 657//625 1562//1468
f 658//626 1563//1469 1562//1468
f 100//96 659//627 1563//1469
f 659//627 660//628 1566//1472
f 1566//1472 660//628 661//629
f 1569//1475 661//629 28//28
f 1568//1474 1569//1475 634//602
f 1568//1474 633//601 632//600
f 1567//1473 632//600 27//27
f 654//622 1564//1470 1567//1473
f 653//621 1561//1467 1564//1470
f 1571//1477 1574//1480 1573//1479
f 1572//1478 1575//1481 1574//1480
f 1574//1480 1577//1483 1576//1482
f 1575//1481 1578//1484 1577//1483
f 662//630 1570//1476 659//627
f 663//631 1571//1477 1570//1476
f 664//632 1572//1478 1571//1477
f 97//93 643//611 1572//1478
f 643//611 642//610 1575//1481
f 642//610 641//609 1578//1484
f 1578//1484 641//609 25//25
f 1577//1483 1578//1484 640//608
f 1576//1482 1577//1483 639//607
f 661//629 1576//1482 638//606
f 1573//1479 1576//1482 661//629
f 1570//1476 1573//1479 660//628
f 1579//1485 1580//1486 1583//1489
f 1581//1487 1584//1490 1583//1489
f 1582//1488 1583//1489 1586//1492
f 1584//1490 1587//1493 1586//1492
f 668//636 1579//1485 667//635
f 669//637 1580//1486 1579//1485
f 670//638 1581//1487 1580//1486
f 670//638 30//30 671//639
f 671//639 672//640 1584//1490
f 672//640 673//641 1587//1493
f 673//641 98//94 646//614
f 1587//1493 646//614 645//613
f 1585//1491 1586//1492 645//613
f 665//633 1585//1491 644//612
f 666//634 1582//1488 1585//1491
f 667//635 1579//1485 1582//1488
f 1589//1495 1592//1498 1591//1497
f 1590//1496 1593//1499 1592//1498
f 1592//1498 1595//1501 1594//1500
f 1593//1499 1596//1502 1595//1501
f 30//30 674//642 1588//1494
f 674//642 675//643 1589//1495
f 675//643 676//644 1590//1496
f 676//644 31//31 677//645
f 677//645 678//646 1593//1499
f 678//646 679//647 1596//1502
f 679//647 99//95 652//620
f 1596//1502 652//620 651//619
f 1595//1501 651//619 650//618
f 1594//1500 650//618 98//94
f 1591//1497 1594//1500 673//641
f 1588//1494 1591//1497 672//640
f 1598//1504 1601//1507 1600//1506
f 1599//1505 1602//1508 1601//1507
f 1601//1507 1604//1510 1603//1509
f 1602//1508 1605//1511 1604//1510
f 31//31 680//648 1597//1503
f 680//648 681//649 1598//1504
f 682//650 1599//1505 1598//1504
f 32//32 683//651 1599//1505
f 1599//1505 683//651 684//652
f 1602//1508 684//652 685//653
f 1605//1511 685//653 100//96
f 1605//1511 658//626 657//625
f 1604//1510 657//625 656//624
f 1603//1509 656//624 99//95
f 1600//1506 1603//1509 679//647
f 1597//1503 1600//1506 678//646
f 1606//1512 1607//1513 1610//1516
f 1607//1513 1608//1514 1611//1517
f 1609//1515 1610//1516 1613//1519
f 1610//1516 1611//1517 1614//1520
f 686//654 1606//1512 683//651
f 687//655 1607//1513 1606//1512
f 688//656 1608//1514 1607//1513
f 29//29 667//635 1608//1514
f 1608//1514 667//635 666//634
f 1611//1517 666//634 665//633
f 1614//1520 665//633 97//93
f 1613//1519 1614//1520 664//632
f 1612//1518 1613//1519 663//631
f 685//653 1612//1518 662//630
f 684//652 1609//1515 1612//1518
f 683//651 1606//1512 1609//1515
f 1616//1522 1619//1525 1618//1524
f 1617//1523 1620//1526 1619//1525
f 1619//1525 1622//1528 1621//1527
f 1620//1526 1623//1529 1622//1528
f 692//660 1615//1521 691//659
f 693//661 1616//1522 1615//1521
f 694//662 1617//1523 1616//1522
f 694//662 102//98 695//663
f 1617//1523 695//663 696//664
f 1620//1526 696//664 697//665
f 1623//1529 697//665 30//30
f 1623//1529 670//638 669//637
f 1622//1528 669//637 668//636
f 1621//1527 668//636 29//29
f 1618//1524 1621//1527 689//657
f 1615//1521 1618//1524 690//658
f 1624//1530 1625//1531 1628//1534
f 1625//1531 1626//1532 1629//1535
f 1627//1533 1628//1534 1631//1537
f 1628//1534 1629//1535 1632//1538
f 102//98 698//666 1624//1530
f 698//666 699//667 1625//1531
f 699//667 700//668 1626//1532
f 700//668 103//99 701//669
f 1626//1532 701//669 702//670
f 1629//1535 702//670 703//671
f 1632//1538 703//671 31//31
f 1631//1537 1632//1538 676//644
f 1630//1536 1631//1537 675//643
f 697//665 1630//1536 674//642
f 696//664 1627//1533 1630//1536
f 695//663 1624//1530 1627//1533
f 1633//1539 1634//1540 1637//1543
f 1635//1541 1638//1544 1637//1543
f 1636//1542 1637//1543 1640//1546
f 1638//1544 1641//1547 1640//1546
f 103//99 704//672 1633//1539
f 704//672 705//673 1634//1540
f 706//674 1635//1541 1634//1540
f 104//100 707//675 1635//1541
f 707//675 708//676 1638//1544
f 708//676 709//677 1641//1547
f 709//677 32//32 682//650
f 1641//1547 682//650 681//649
f 1639//1545 1640//1546 681//649
f 703//671 1639//1545 680//648
f 702//670 1636//1542 1639//1545
f 701//669 1633//1539 1636//1542
f 1643//1549 1646//1552 1645//1551
f 1644//1550 1647//1553 1646//1552
f 1646//1552 1649//1555 1648//1554
f 1647//1553 1650//1556 1649//1555
f 710//678 1642//1548 707//675
f 711//679 1643//1549 1642//1548
f 712//680 1644//1550 1643//1549
f 101//97 691//659 1644//1550
f 691//659 690//658 1647//1553
f 690//658 689//657 1650//1556
f 689//657 29//29 688//656
f 1650//1556 688//656 687//655
f 1649//1555 687//655 686//654
f 1648//1554 686//654 32//32
f 1645//1551 1648//1554 709//677
f 1642//1548 1645//1551 708//676
f 1651//1557 1652//1558 1655//1561
f 1653//1559 1656//1562 1655//1561
f 1654//1560 1655//1561 1658//1564
f 1656//1562 1659//1565 1658//1564
f 33//33 250//242 1651//1557
f 250//242 249//241 1652//1558
f 248//240 1653//1559 1652//1558
f 34//34 716//684 1653//1559
f 716//684 717//685 1656//1562
f 717//685 718//686 1659//1565
f 1659//1565 718//686 102//98
f 1659//1565 694//662 693//661
f 1658//1564 693//661 692//660
f 1657//1563 692//660 101//97
f 714//682 1654//1560 1657//1563
f 715//683 1651//1557 1654//1560
f 1660//1566 1661//1567 1664//1570
f 1662//1568 1665//1571 1664//1570
f 1663//1569 1664//1570 1667//1573
f 1664//1570 1665//1571 1668//1574
f 34//34 247//239 1660//1566
f 247//239 246//238 1661//1567
f 245//237 1662//1568 1661//1567
f 35//35 719//687 1662//1568
f 719//687 720//688 1665//1571
f 720//688 721//689 1668//1574
f 1668//1574 721//689 103//99
f 1667//1573 1668//1574 700//668
f 1666//1572 1667//1573 699//667
f 718//686 1666//1572 698//666
f 717//685 1663//1569 1666//1572
f 716//684 1660//1566 1663//1569
f 1669//1575 1670//1576 1673//1579
f 1671//1577 1674//1580 1673//1579
f 1672//1578 1673//1579 1676//1582
f 1674//1580 1677//1583 1676//1582
f 35//35 130//122 1669//1575
f 130//122 129//121 1670//1576
f 128//120 1671//1577 1670//1576
f 36//36 722//690 1671//1577
f 722//690 723//691 1674//1580
f 723//691 724//692 1677//1583
f 724//692 104//100 706//674
f 1677//1583 706//674 705//673
f 1675//1581 1676//1582 705//673
f 721//689 1675//1581 704//672
f 720//688 1672//1578 1675//1581
f 719//687 1669//1575 1672//1578
f 1678//1584 1679//1585 1682//1588
f 1680//1586 1683//1589 1682//1588
f 1682//1588 1685//1591 1684//1590
f 1683//1589 1686//1592 1685//1591
f 36//36 160//152 1678//1584
f 160//152 159//151 1679//1585
f 158//150 1680//1586 1679//1585
f 33//33 715//683 1680//1586
f 715//683 714//682 1683//1589
f 714//682 713//681 1686//1592
f 713//681 101//97 712//680
f 1686//1592 712//680 711//679
f 1685//1591 711//679 710//678
f 1684//1590 710//678 104//100
f 723//691 1681//1587 1684//1590
f 722//690 1678//1584 1681//1587
f 1687//1593 1688//1594 1691//1597
f 1689//1595 1692//1598 1691//1597
f 1690//1596 1691//1597 1694//1600
f 1692//1598 1695//1601 1694//1600
f 105//101 728//696 1687//1593
f 728//696 729//697 1688//1594
f 730//698 1689//1595 1688//1594
f 106//102 731//699 1689//1595
f 731//699 732//700 1692//1598
f 732//700 733//701 1695//1601
f 733//701 10//10 442//410
f 1695//1601 442//410 441//409
f 1693//1599 1694//1600 441//409
f 725//693 1693//1599 440//408
f 726//694 1690//1596 1693//1599
f 727//695 1687//1593 1690//1596
f 1696//1602 1697//1603 1700//1606
f 1698//1604 1701//1607 1700//1606
f 1699//1605 1700//1606 1703//1609
f 1701//1607 1704//1610 1703//1609
f 106//102 734//702 1696//1602
f 734//702 735//703 1697//1603
f 736//704 1698//1604 1697//1603
f 107//103 737//705 1698//1604
f 737//705 738//706 1701//1607
f 738//706 739//707 1704//1610
f 739//707 11//11 448//416
f 1704//1610 448//416 447//415
f 1702//1608 1703//1609 447//415
f 733//701 1702//1608 446//414
f 732//700 1699//1605 1702//1608
f 731//699 1696//1602 1699//1605
f 1705//1611 1706//1612 1709//1615
f 1707//1613 1710//1616 1709//1615
f 1708//1614 1709//1615 1712//1618
f 1710//1616 1713//1619 1712//1618
f 107//103 740//708 1705//1611
f 740//708 741//709 1706//1612
f 742//710 1707//1613 1706//1612
f 108//104 743//711 1707//1613
f 743//711 744//712 1710//1616
f 744//712 745//713 1713//1619
f 745//713 12//12 454//422
f 1713//1619 454//422 453//421
f 1711//1617 1712//1618 453//421
f 739//707 1711//1617 452//420
f 738//706 1708//1614 1711//1617
f 737//705 1705//1611 1708//1614
f 1714//1620 1715//1621 1718//1624
f 1716//1622 1719//1625 1718//1624
f 1717//1623 1718//1624 1721//1627
f 1719//1625 1722//1628 1721//1627
f 108//104 746//714 1714//1620
f 746//714 747//715 1715//1621
f 748//716 1716//1622 1715//1621
f 105//101 727//695 1716//1622
f 727//695 726//694 1719//1625
f 726//694 725//693 1722//1628
f 725//693 9//9 460//428
f 1722//1628 460//428 459//427
f 1720//1626 1721//1627 459//427
f 745//713 1720//1626 458//426
f 744//712 1717//1623 1720//1626
f 743//711 1714//1620 1717//1623
f 1723//696 1724//697 1727//697
f 1725//698 1728//698 1727//697
f 1726//696 1727//697 1730//697
f 1728//698 1731//698 1730//697
f 109//101 752//696 1723//696
f 752//696 753//697 1724//697
f 754//698 1725//698 1724//697
f 110//102 755//102 1725//698
f 755//102 756//102 1728//698
f 756//102 757//102 1731//698
f 757//102 106//102 730//698
f 1731//698 730//698 729//697
f 1729//696 1730//697 729//697
f 749//101 1729//696 728//696
f 750//101 1726//696 1729//696
f 751//101 1723//696 1726//696
f 1732//702 1733//703 1736//703
f 1734//704 1737//704 1736//703
f 1735//702 1736//703 1739//703
f 1737//704 1740//704 1739//703
f 110//102 758//702 1732//702
f 758//702 759//703 1733//703
f 760//704 1734//704 1733//703
f 111//103 761//103 1734//704
f 761//103 762//103 1737//704
f 762//103 763//103 1740//704
f 763//103 107//103 736//704
f 1740//704 736//704 735//703
f 1738//702 1739//703 735//703
f 757//102 1738//702 734//702
f 756//102 1735//702 1738//702
f 755//102 1732//702 1735//702
f 1741//708 1742//709 1745//709
f 1743//710 1746//710 1745//709
f 1744//708 1745//709 1748//709
f 1746//710 1749//710 1748//709
f 111//103 764//708 1741//708
f 764//708 765//709 1742//709
f 766//710 1743//710 1742//709
f 112//104 767//104 1743//710
f 767//104 768//104 1746//710
f 768//104 769//104 1749//710
f 769//104 108//104 742//710
f 1749//710 742//710 741//709
f 1747//708 1748//709 741//709
f 763//103 1747//708 740//708
f 762//103 1744//708 1747//708
f 761//103 1741//708 1744//708
f 1750//714 1751//715 1754//715
f 1752//716 1755//716 1754//715
f 1753//714 1754//715 1757//715
f 1755//716 1758//716 1757//715
f 112//104 770//714 1750//714
f 770//714 771//715 1751//715
f 772//716 1752//716 1751//715
f 109//101 751//101 1752//716
f 751//101 750//101 1755//716
f 750//101 749//101 1758//716
f 749//101 105//101 748//716
f 1758//716 748//716 747//715
f 1756//714 1757//715 747//715
f 769//104 1756//714 746//714
f 768//104 1753//714 1756//714
f 767//104 1750//714 1753//714
f 1759//1629 1760//1630 1763//1633
f 1761//1631 1764//1634 1763//1633
f 1762//1632 1763//1633 1766//1636
f 1764//1634 1767//1637 1766//1636
f 37//37 262//254 1759//1629
f 262//254 261//253 1760//1630
f 260//252 1761//1631 1760//1630
f 38//38 776//720 1761//1631
f 776//720 777//721 1764//1634
f 777//721 778//722 1767//1637
f 778//722 110//102 754//698
f 1767//1637 754//698 753//697
f 1765//1635 1766//1636 753//697
f 773//717 1765//1635 752//696
f 774//718 1762//1632 1765//1635
f 775//719 1759//1629 1762//1632
f 1768//1638 1769//1639 1772//1642
f 1770//1640 1773//1643 1772//1642
f 1771//1641 1772//1642 1775//1645
f 1773//1643 1776//1646 1775//1645
f 38//38 259//251 1768//1638
f 259//251 258//250 1769//1639
f 257//249 1770//1640 1769//1639
f 39//39 779//723 1770//1640
f 779//723 780//724 1773//1643
f 780//724 781//725 1776//1646
f 781//725 111//103 760//704
f 1776//1646 760//704 759//703
f 1774//1644 1775//1645 759//703
f 778//722 1774//1644 758//702
f 777//721 1771//1641 1774//1644
f 776//720 1768//1638 1771//1641
f 1777//1647 1778//1648 1781//1651
f 1779//1649 1782//1652 1781//1651
f 1780//1650 1781//1651 1784//1654
f 1782//1652 1785//1655 1784//1654
f 39//39 256//248 1777//1647
f 256//248 255//247 1778//1648
f 254//246 1779//1649 1778//1648
f 40//40 782//726 1779//1649
f 782//726 783//727 1782//1652
f 783//727 784//728 1785//1655
f 784//728 112//104 766//710
f 1785//1655 766//710 765//709
f 1783//1653 1784//1654 765//709
f 781//725 1783//1653 764//708
f 780//724 1780//1650 1783//1653
f 779//723 1777//1647 1780//1650
f 1786//1656 1787//1657 1790//1660
f 1788//1658 1791//1661 1790//1660
f 1789//1659 1790//1660 1793//1663
f 1791//1661 1794//1664 1793//1663
f 40//40 253//245 1786//1656
f 253//245 252//244 1787//1657
f 251//243 1788//1658 1787//1657
f 37//37 775//719 1788//1658
f 775//719 774//718 1791//1661
f 774//718 773//717 1794//1664
f 773//717 109//101 772//716
f 1794//1664 772//716 771//715
f 1792//1662 1793//1663 771//715
f 784//728 1792//1662 770//714
f 783//727 1789//1659 1792//1662
f 782//726 1786//1656 1789//1659
