# Blender 5.0.1
# www.blender.org
mtllib cactus.mtl
g 1_cactus_Cube.001
v -10.172174 -0.899793 -11.002232
v -10.471905 -0.899793 -11.094727
v -10.379410 -0.899793 -11.394457
v -10.079679 -0.899793 -11.301962
v -10.058427 1.060614 -10.786947
v -10.687189 1.060614 -10.980979
v -10.493157 1.060614 -11.609741
v -9.864395 1.060614 -11.415709
v -10.006352 7.778614 -10.688387
v -10.785749 7.778614 -10.928905
v -10.545232 7.778614 -11.708302
v -9.765835 7.778614 -11.467784
v -10.587784 3.745895 -9.462456
v -11.049553 3.720962 -9.643663
v -10.932266 4.050587 -9.970423
v -10.470496 4.075520 -9.789215
v -10.903814 5.108403 -9.009196
v -11.425739 5.032903 -9.244468
v -11.207624 5.150270 -9.765536
v -10.685699 5.225770 -9.530264
v -11.277698 6.726273 -9.073654
v -11.558604 6.681212 -9.201136
v -11.435958 6.720035 -9.485110
v -11.155051 6.765096 -9.357628
v -10.248886 5.577287 -12.944197
v -9.533157 5.595594 -12.821489
v -9.606136 6.205379 -12.457884
v -10.319412 6.187071 -12.581382
v -10.179293 6.608500 -13.789339
v -9.508451 6.680081 -13.723715
v -9.592364 6.926040 -13.106258
v -10.263206 6.854458 -13.171882
v -10.184310 7.834631 -13.768484
v -9.860991 7.885077 -13.741199
v -9.892336 7.909689 -13.415260
v -10.215655 7.859241 -13.442544
v -10.167454 9.874547 -10.993297
v -10.480840 9.874547 -11.090006
v -10.384130 9.874547 -11.403392
v -10.070745 9.874547 -11.306683
v -10.119726 -0.504960 -10.902966
v -10.571171 -0.504960 -11.042278
v -10.431858 -0.504960 -11.493723
v -9.980413 -0.504960 -11.354410
v -10.087360 0.207925 -10.841708
v -10.632428 0.207925 -11.009912
v -10.464224 0.207925 -11.554980
v -9.919156 0.207925 -11.386776
v -10.071353 1.900954 -10.811411
v -10.662725 1.900954 -10.993905
v -10.480231 1.900954 -11.585278
v -9.888859 1.900954 -11.402783
v -10.069664 2.723115 -10.774586
v -10.672284 2.729452 -10.926451
v -10.459510 2.731105 -11.544103
v -9.929275 2.731105 -11.380406
v -10.105455 3.822567 -10.734230
v -10.681116 3.822567 -10.914067
v -10.438039 3.851875 -11.496810
v -9.973983 3.851875 -11.353303
v -10.128504 4.553991 -10.911403
v -10.559505 4.553991 -11.044641
v -10.424883 4.562425 -11.478565
v -9.994811 4.562425 -11.345779
v -10.084696 5.184449 -10.967121
v -10.572187 5.184449 -11.112922
v -10.381585 5.106412 -11.553555
v -9.977206 5.068823 -11.387946
v -10.102531 6.018487 -10.904359
v -10.591466 6.018487 -11.051113
v -10.455186 6.089146 -11.757373
v -9.850877 6.090844 -11.598514
v -10.055426 6.815589 -10.785639
v -10.691442 6.815589 -10.981265
v -10.495236 6.820242 -11.627327
v -9.856768 6.820242 -11.432492
v -10.251919 3.139517 -10.508587
v -10.732624 3.204615 -10.632325
v -10.397301 3.434114 -10.001048
v -10.865540 3.430693 -10.154975
v -10.805692 3.887953 -10.336690
v -10.338381 3.891373 -10.183215
v -10.752337 4.389779 -9.179605
v -11.244141 4.330631 -9.396173
v -11.056722 4.506531 -9.862587
v -10.564918 4.565679 -9.646019
v -11.050047 5.793202 -8.987047
v -11.521695 5.718872 -9.200852
v -11.317323 5.791367 -9.676682
v -10.845675 5.865698 -9.462877
v -11.169777 6.349423 -8.997358
v -11.583985 6.282979 -9.185335
v -11.403138 6.340224 -9.604067
v -10.988930 6.406671 -9.416089
v -10.430349 5.391434 -11.895073
v -9.847851 5.366569 -11.734021
v -10.194586 6.040582 -13.481917
v -9.467999 6.087548 -13.391886
v -9.560977 6.536584 -12.837158
v -10.287563 6.489616 -12.927190
v -10.209227 7.357434 -13.836920
v -9.682087 7.434497 -13.791279
v -9.736519 7.505107 -13.267653
v -10.263659 7.428045 -13.313294
v -10.051173 8.730323 -10.773218
v -10.700918 8.730323 -10.973725
v -10.500411 8.730323 -11.623470
v -9.850666 8.730323 -11.422963
v -10.101126 9.429900 -10.867760
v -10.606377 9.429900 -11.023678
v -10.450459 9.429900 -11.528929
v -9.945208 9.429900 -11.373011
v -10.518524 2.624726 -10.835656
v -10.368970 2.600684 -10.781073
v -10.217657 2.628095 -10.754295
v -10.115760 2.860956 -10.692685
v -10.147162 2.960291 -10.630573
v -10.189504 3.054022 -10.576720
v -10.348452 2.996447 -10.604715
v -10.450338 2.891887 -10.694644
v -10.556914 2.804663 -10.790549
v -10.024907 2.996828 -10.786003
v -10.019326 3.260467 -10.787427
v -10.040272 3.527438 -10.772257
v -10.104335 3.608680 -10.608258
v -10.122121 3.447692 -10.535447
v -10.164790 3.290301 -10.500154
v -10.155522 7.895828 -13.413319
v -10.063070 7.923659 -13.393835
v -9.964651 7.925610 -13.397211
v -9.788716 5.898918 -11.633419
v -9.766698 5.716584 -11.674367
v -9.779540 5.540666 -11.713160
v -10.754572 3.608680 -10.812109
v -10.784807 3.453393 -10.741323
v -10.778591 3.313106 -10.683887
v -10.643601 3.144718 -10.579163
v -10.526587 3.120218 -10.534682
v -10.396643 3.117919 -10.509169
v -10.725433 3.114626 -10.711541
v -10.718728 3.012712 -10.779116
v -10.699599 2.906096 -10.843421
v -10.712770 3.527438 -10.981806
v -10.720396 3.261272 -11.002481
v -10.714501 3.000051 -10.988365
v -11.206202 6.781228 -9.406213
v -11.286319 6.780381 -9.454977
v -11.372451 6.754560 -9.481661
v -10.569471 2.729188 -11.445058
v -10.644501 2.726807 -11.300572
v -10.682752 2.724262 -11.128607
v -10.316464 2.732255 -11.579746
v -10.164380 2.732638 -11.559402
v -10.027302 2.732255 -11.490484
v -9.894344 2.729188 -11.236580
v -9.911806 2.726651 -11.076776
v -9.970959 2.723638 -10.918762
v -10.219951 7.859981 -13.706066
v -10.243390 7.877305 -13.611980
v -10.238455 7.874509 -13.513648
v -11.233218 6.760048 -9.119674
v -11.187423 6.784280 -9.197861
v -11.160632 6.783025 -9.287740
v -10.059182 3.856935 -11.451706
v -10.178823 3.858622 -11.512693
v -10.312057 3.856935 -11.529862
v -11.515666 6.709226 -9.150063
v -11.439601 6.731861 -9.100069
v -11.349416 6.735894 -9.074615
v -10.012810 3.826276 -10.915900
v -9.960119 3.834090 -11.074430
v -9.944069 3.843442 -11.223887
v -10.535924 3.843442 -11.407135
v -10.607319 3.834090 -11.275167
v -10.653830 3.826276 -11.115240
v -9.941040 3.005688 -11.373165
v -9.952991 3.298090 -11.365725
v -9.964260 3.587191 -11.358850
v -10.442923 3.587191 -11.506837
v -10.448308 3.298090 -11.518790
v -10.453926 3.005688 -11.531576
v -10.310509 -0.920829 -11.400537
v -10.218075 -0.931211 -11.385378
v -10.133172 -0.920829 -11.345812
v -9.996139 6.028400 -11.013625
v -9.917516 6.042704 -11.172937
v -9.867122 6.061818 -11.367074
v -10.477984 -0.920829 -11.163628
v -10.462826 -0.931211 -11.256062
v -10.423260 -0.920829 -11.340964
v -10.489426 5.545441 -11.890101
v -10.512354 5.715272 -11.858238
v -10.504248 5.896070 -11.813234
v -9.977057 5.340105 -11.898700
v -10.121646 5.333657 -11.966245
v -10.275559 5.346674 -11.971081
v -10.107740 5.812750 -10.927169
v -10.108454 5.603642 -10.945554
v -10.103145 5.396965 -10.958322
v -9.988071 5.283634 -11.112397
v -9.917715 5.340504 -11.282532
v -9.865417 5.369942 -11.482224
v -10.008286 5.107849 -11.070300
v -9.967088 5.076125 -11.175122
v -9.953773 5.067420 -11.286707
v -9.948400 5.148038 -11.435007
v -9.916610 5.213941 -11.499409
v -9.891868 5.277600 -11.578874
v -10.046250 5.067420 -11.461735
v -10.144483 5.069252 -11.512321
v -10.255480 5.080360 -11.543949
v -10.253773 5.181068 -11.616040
v -10.128641 5.235902 -11.658360
v -9.999255 5.287532 -11.696902
v -10.411179 5.181068 -11.608675
v -10.426188 5.239418 -11.677601
v -10.428226 5.301597 -11.760665
v -10.241076 -0.920829 -10.996152
v -10.333509 -0.931212 -11.011311
v -10.418412 -0.920829 -11.050877
v -10.624658 6.028400 -11.199327
v -10.609620 6.042529 -11.372698
v -10.554714 6.061123 -11.558658
v -10.501680 6.012540 -10.940623
v -10.376279 6.010556 -10.874743
v -10.236238 6.012540 -10.860360
v -10.576206 5.812750 -11.066575
v -10.566606 5.603642 -11.081086
v -10.563951 5.396965 -11.094664
v -10.480692 5.184039 -10.985215
v -10.362264 5.183798 -10.920330
v -10.228635 5.184039 -10.909096
v -10.073600 -0.920829 -11.233061
v -10.088758 -0.931211 -11.140627
v -10.128325 -0.920829 -11.055724
v -10.489861 5.080360 -11.462561
v -10.550756 5.079360 -11.353713
v -10.578786 5.107849 -11.240836
v -10.584522 5.283634 -11.283718
v -10.564768 5.342516 -11.462263
v -10.517969 5.377991 -11.659764
v -11.488648 6.730406 -9.436601
v -11.538496 6.727962 -9.357185
v -11.561234 6.707429 -9.268536
v -9.863912 7.932947 -13.482041
v -9.844034 7.939614 -13.578281
v -9.845407 7.918419 -13.674459
v -9.928340 7.897099 -13.774790
v -10.024354 7.893260 -13.796427
v -10.119211 7.867318 -13.790896
v -10.122788 9.900154 -11.049810
v -10.082197 9.912792 -11.138602
v -10.065694 9.900154 -11.234827
v -10.127258 9.900154 -11.351348
v -10.216050 9.912791 -11.391939
v -10.312275 9.900154 -11.408442
v -10.428796 9.900154 -11.346878
v -10.469387 9.912791 -11.258086
v -10.485890 9.900154 -11.161861
v -10.424326 9.900154 -11.045341
v -10.335534 9.912792 -11.004749
v -10.239309 9.900154 -10.988246
v -10.152493 -0.851206 -10.964983
v -10.135779 -0.764670 -10.933349
v -10.126163 -0.646749 -10.915150
v -10.241324 -0.504960 -10.873067
v -10.370778 -0.504960 -10.890541
v -10.487567 -0.504960 -10.949056
v -10.558987 -0.646749 -11.048716
v -10.540788 -0.764670 -11.058331
v -10.509153 -0.851206 -11.075046
v -10.601069 -0.504960 -11.163877
v -10.583595 -0.504960 -11.293330
v -10.525081 -0.504960 -11.410119
v -10.425421 -0.646749 -11.481539
v -10.415805 -0.764670 -11.463340
v -10.399091 -0.851206 -11.431705
v -10.310260 -0.504960 -11.523622
v -10.180806 -0.504960 -11.506147
v -10.064017 -0.504960 -11.447633
v -9.992598 -0.646749 -11.347973
v -10.010797 -0.764670 -11.338357
v -10.042431 -0.851206 -11.321643
v -9.950515 -0.504960 -11.232812
v -9.967989 -0.504960 -11.103358
v -10.026504 -0.504960 -10.986569
v -10.112547 -0.346818 -10.889377
v -10.104705 -0.174102 -10.874536
v -10.096283 0.011405 -10.858595
v -10.234177 0.207925 -10.805609
v -10.390477 0.207925 -10.826708
v -10.531487 0.207925 -10.897357
v -10.615541 0.011405 -11.018835
v -10.599601 -0.174102 -11.027257
v -10.584760 -0.346818 -11.035099
v -10.668528 0.207925 -11.156729
v -10.647429 0.207925 -11.313029
v -10.576779 0.207925 -11.454039
v -10.455301 0.011405 -11.538094
v -10.446879 -0.174102 -11.522153
v -10.439037 -0.346818 -11.507312
v -10.317408 0.207925 -11.591080
v -10.161107 0.207925 -11.569981
v -10.020098 0.207925 -11.499331
v -9.936043 0.011405 -11.377853
v -9.951983 -0.174102 -11.369431
v -9.966825 -0.346818 -11.361589
v -9.883057 0.207925 -11.239960
v -9.904156 0.207925 -11.083659
v -9.974805 0.207925 -10.942650
v -10.078019 0.413678 -10.824028
v -10.069353 0.626091 -10.807627
v -10.062458 0.842593 -10.794576
v -10.227787 1.060614 -10.745305
v -10.408087 1.060614 -10.769643
v -10.570747 1.060614 -10.851141
v -10.679561 0.842593 -10.985010
v -10.666510 0.626091 -10.991905
v -10.650108 0.413678 -11.000571
v -10.728831 1.060614 -11.150339
v -10.704494 1.060614 -11.330639
v -10.622995 1.060614 -11.493299
v -10.489126 0.842593 -11.602113
v -10.482231 0.626091 -11.589062
v -10.473565 0.413678 -11.572660
v -10.323797 1.060614 -11.651383
v -10.143497 1.060614 -11.627046
v -9.980837 1.060614 -11.545547
v -9.872024 0.842593 -11.411678
v -9.885075 0.626091 -11.404783
v -9.901476 0.413678 -11.396117
v -9.822753 1.060614 -11.246349
v -9.847091 1.060614 -11.066050
v -9.928589 1.060614 -10.903389
v -10.058356 1.277581 -10.786813
v -10.061190 1.491374 -10.792176
v -10.065874 1.699872 -10.801041
v -10.230641 1.900954 -10.772244
v -10.400220 1.900954 -10.795135
v -10.553208 1.900954 -10.871787
v -10.673096 1.699872 -10.988426
v -10.681960 1.491374 -10.983742
v -10.687324 1.277581 -10.980908
v -10.701892 1.900954 -11.153193
v -10.679001 1.900954 -11.322772
v -10.602349 1.900954 -11.475760
v -10.485710 1.699872 -11.595648
v -10.490395 1.491374 -11.604512
v -10.493228 1.277581 -11.609876
v -10.320943 1.900954 -11.624444
v -10.151364 1.900954 -11.601553
v -9.998376 1.900954 -11.524901
v -9.878489 1.699872 -11.408262
v -9.869624 1.491374 -11.412947
v -9.864261 1.277581 -11.415780
v -9.849692 1.900954 -11.243495
v -9.872583 1.900954 -11.073916
v -9.949235 1.900954 -10.920928
v -10.076571 2.092501 -10.821288
v -10.079523 2.283900 -10.824180
v -10.078199 2.484543 -10.813591
v -10.649689 2.485167 -10.979940
v -10.647243 2.284056 -10.996873
v -10.652848 2.092501 -10.999124
v -10.464792 2.495458 -11.555274
v -10.469913 2.286629 -11.565553
v -10.475013 2.092501 -11.575400
v -9.918558 2.495458 -11.386682
v -9.908507 2.286629 -11.392300
v -9.898736 2.092501 -11.397565
v -10.119918 4.051703 -10.834445
v -10.125488 4.232814 -10.879481
v -10.127713 4.398716 -10.901731
v -10.244724 4.552842 -10.882468
v -10.368397 4.552458 -10.899085
v -10.479872 4.552842 -10.955171
v -10.565947 4.398716 -11.037435
v -10.580835 4.232814 -11.020822
v -10.611540 4.051703 -10.987484
v -10.553032 3.956482 -10.820367
v -10.412611 3.987812 -10.762401
v -10.264184 3.956482 -10.730081
v -10.587646 4.555908 -11.161411
v -10.570474 4.558208 -11.285788
v -10.514160 4.560509 -11.398070
v -10.427477 4.415583 -11.481517
v -10.430447 4.255354 -11.484984
v -10.433924 4.071024 -11.489804
v -10.308817 4.563575 -11.507575
v -10.185455 4.563958 -11.491109
v -10.074288 4.563575 -11.435174
v -9.991100 4.415583 -11.346716
v -9.986796 4.255354 -11.347864
v -9.981293 4.071024 -11.349850
v -9.966515 4.560508 -11.228932
v -9.983378 4.558208 -11.104406
v -10.039381 4.555908 -10.991973
v -10.129769 4.703225 -10.918703
v -10.127119 4.851686 -10.927003
v -10.116161 5.004643 -10.939671
v -10.556334 5.004643 -11.073875
v -10.552278 4.851686 -11.057820
v -10.554141 4.703225 -11.049755
v -10.406255 4.977044 -11.500343
v -10.417354 4.845630 -11.479845
v -10.422536 4.706598 -11.475297
v -9.992991 4.965225 -11.360501
v -9.999015 4.842675 -11.347663
v -9.998535 4.706598 -11.344425
v -10.094356 6.215055 -10.878316
v -10.083553 6.409039 -10.849525
v -10.070463 6.607021 -10.818471
v -10.226973 6.814955 -10.741922
v -10.409331 6.814743 -10.765914
v -10.573742 6.814955 -10.848675
v -10.661555 6.607021 -10.999589
v -10.634614 6.409039 -11.017451
v -10.611093 6.215055 -11.034682
v -10.733673 6.816647 -11.154743
v -10.709202 6.817916 -11.339792
v -10.626801 6.819184 -11.507092
v -10.479278 6.616327 -11.610771
v -10.465848 6.429703 -11.614619
v -10.456235 6.258623 -11.651471
v -10.323282 6.820877 -11.671175
v -10.140105 6.821089 -11.647447
v -9.974877 6.820877 -11.564950
v -9.883281 6.616327 -11.431236
v -9.898464 6.429832 -11.447827
v -9.894809 6.259140 -11.492994
v -9.972624 6.178812 -11.707179
v -10.126693 6.202029 -11.767262
v -10.291820 6.177757 -11.790452
v -9.814946 6.819184 -11.258882
v -9.840235 6.817916 -11.073569
v -9.923454 6.816647 -10.906005
v -10.038781 7.041326 -10.751513
v -10.023244 7.279940 -10.720795
v -10.011529 7.527133 -10.698185
v -10.216286 7.778614 -10.636769
v -10.439781 7.778615 -10.666937
v -10.641411 7.778614 -10.767960
v -10.775951 7.527133 -10.934081
v -10.753636 7.279939 -10.946125
v -10.723802 7.041326 -10.962647
v -10.837367 7.778614 -11.138838
v -10.807199 7.778615 -11.362333
v -10.706177 7.778614 -11.563963
v -10.540055 7.527133 -11.698503
v -10.528248 7.280404 -11.677522
v -10.512435 7.043187 -11.651687
v -10.335299 7.778614 -11.759919
v -10.111803 7.778615 -11.729752
v -9.910173 7.778614 -11.628729
v -9.775633 7.527133 -11.462607
v -9.797610 7.280404 -11.452271
v -9.826433 7.043187 -11.440867
v -9.714217 7.778614 -11.257851
v -9.744385 7.778615 -11.034355
v -9.845407 7.778614 -10.832726
v -10.277530 3.255249 -10.390921
v -10.311874 3.328199 -10.269905
v -10.352436 3.384103 -10.139382
v -10.511788 3.370983 -10.011208
v -10.642218 3.349265 -10.044931
v -10.767247 3.369117 -10.095195
v -10.822643 3.382734 -10.290458
v -10.784206 3.332909 -10.417820
v -10.753207 3.275456 -10.533096
v -10.915753 3.534149 -10.217247
v -10.920665 3.658701 -10.273778
v -10.883053 3.783563 -10.316337
v -10.767126 3.861347 -10.459405
v -10.730050 3.838593 -10.591332
v -10.699594 3.824076 -10.732551
v -10.691359 3.951084 -10.326606
v -10.561239 3.972801 -10.293033
v -10.436519 3.952949 -10.242919
v -10.298775 3.862715 -10.309232
v -10.252565 3.838935 -10.440348
v -10.195512 3.824076 -10.574303
v -10.288013 3.787917 -10.120868
v -10.282791 3.663365 -10.064186
v -10.320095 3.538502 -10.021477
v -10.444557 3.489387 -9.856599
v -10.492915 3.555833 -9.713623
v -10.541087 3.639366 -9.579713
v -10.708725 3.695279 -9.459082
v -10.839993 3.673496 -9.493649
v -10.960600 3.681679 -9.557921
v -11.002162 3.621731 -9.752460
v -10.955537 3.544242 -9.878757
v -10.909917 3.482546 -10.015335
v -11.085866 3.792477 -9.742637
v -11.074868 3.881241 -9.839990
v -11.021891 3.972272 -9.920869
v -10.903022 3.989187 -10.036652
v -10.872763 3.945718 -10.121989
v -10.840611 3.914025 -10.223110
v -10.811325 4.101203 -9.973797
v -10.680057 4.122986 -9.939230
v -10.559450 4.114802 -9.874957
v -10.441947 4.006822 -9.863905
v -10.410233 3.957309 -9.956901
v -10.375623 3.920866 -10.064554
v -10.434184 4.004005 -9.690242
v -10.445182 3.915241 -9.592890
v -10.498158 3.824210 -9.512010
v -10.631717 3.881333 -9.369444
v -10.673427 4.038548 -9.295049
v -10.713453 4.210407 -9.233645
v -10.889668 4.352349 -9.165224
v -11.032315 4.328223 -9.203088
v -11.157924 4.320087 -9.283352
v -11.194792 4.159138 -9.441790
v -11.145893 3.996083 -9.494276
v -11.097472 3.847885 -9.559586
v -11.268609 4.362543 -9.531709
v -11.239849 4.407827 -9.668756
v -11.166381 4.458488 -9.786116
v -11.022714 4.367096 -9.879432
v -10.991226 4.242593 -9.898536
v -10.961372 4.136073 -9.926625
v -10.919391 4.543960 -9.876968
v -10.776743 4.568087 -9.839106
v -10.651134 4.576222 -9.758841
v -10.541375 4.418366 -9.671288
v -10.518760 4.285058 -9.699308
v -10.495617 4.169521 -9.736485
v -10.540449 4.533767 -9.510484
v -10.569208 4.488482 -9.373436
v -10.642677 4.437821 -9.256077
v -10.790617 4.569530 -9.127304
v -10.828492 4.749394 -9.079576
v -10.866158 4.929108 -9.039262
v -11.052176 5.075240 -8.991612
v -11.204434 5.049314 -9.032092
v -11.336864 5.034058 -9.119943
v -11.386720 4.855674 -9.273477
v -11.342110 4.679291 -9.309866
v -11.293915 4.504147 -9.351482
v -11.447339 5.049282 -9.394975
v -11.411577 5.077859 -9.547779
v -11.328367 5.113300 -9.679193
v -11.171505 4.982997 -9.791257
v -11.133036 4.817762 -9.817003
v -11.094135 4.657847 -9.841279
v -11.059261 5.183434 -9.783119
v -10.907004 5.209359 -9.742640
v -10.774575 5.224615 -9.654789
v -10.650945 5.056429 -9.557042
v -10.619418 4.887865 -9.586715
v -10.590837 4.723229 -9.617101
v -10.664100 5.209391 -9.379756
v -10.699862 5.180813 -9.226953
v -10.783072 5.145373 -9.095537
v -10.941657 5.287016 -8.992215
v -10.979060 5.462390 -8.985046
v -11.015399 5.631971 -8.984415
v -11.185108 5.766423 -8.970753
v -11.323030 5.742856 -9.007435
v -11.442371 5.725880 -9.087374
v -11.503559 5.556320 -9.205474
v -11.482576 5.385976 -9.212757
v -11.457164 5.210587 -9.224992
v -11.539562 5.725212 -9.338151
v -11.505263 5.741605 -9.477641
v -11.428086 5.764754 -9.597694
v -11.293530 5.638407 -9.697028
v -11.267845 5.479533 -9.718540
v -11.239473 5.316301 -9.741337
v -11.182261 5.818146 -9.692976
v -11.044340 5.841713 -9.656294
v -10.924998 5.858690 -9.576355
v -10.805370 5.714058 -9.475969
v -10.764329 5.555948 -9.490829
v -10.723967 5.392730 -9.508560
v -10.827807 5.859358 -9.325579
v -10.862106 5.842964 -9.186089
v -10.939283 5.819815 -9.066035
v -11.082378 5.943529 -8.989668
v -11.112824 6.084985 -8.992268
v -11.141814 6.219605 -8.994834
v -11.288576 6.326516 -8.982981
v -11.409762 6.305793 -9.015214
v -11.514508 6.290274 -9.085513
v -11.569473 6.151002 -9.188916
v -11.554414 6.014281 -9.192647
v -11.538567 5.870881 -9.196601
v -11.599367 6.286928 -9.306135
v -11.568872 6.299520 -9.428879
v -11.500723 6.318153 -9.534534
v -11.382753 6.210107 -9.621246
v -11.361767 6.076042 -9.638962
v -11.340013 5.936853 -9.657383
v -11.284339 6.363132 -9.618444
v -11.163153 6.383856 -9.586211
v -11.058408 6.399375 -9.515911
v -10.955093 6.278710 -9.427164
v -10.920177 6.146747 -9.438581
v -10.883824 6.009501 -9.450451
v -10.973549 6.402720 -9.295290
v -11.004043 6.390128 -9.172546
v -11.072193 6.371494 -9.066891
v -11.197145 6.476474 -8.999828
v -11.224722 6.589160 -9.010539
v -11.253313 6.675879 -9.037787
v -11.587118 6.622331 -9.189276
v -11.602445 6.528566 -9.181959
v -11.598188 6.412141 -9.181831
v -11.441376 6.668464 -9.526726
v -11.437528 6.580770 -9.563807
v -11.423089 6.467567 -9.587254
v -11.107572 6.722012 -9.375237
v -11.059804 6.641363 -9.392387
v -11.022045 6.531901 -9.405251
v -10.363047 5.445791 -12.182228
v -10.314644 5.480660 -12.456070
v -10.277152 5.519881 -12.715791
v -10.076510 5.498296 -12.965814
v -9.877975 5.475571 -12.948882
v -9.685965 5.508282 -12.898931
v -9.596525 5.532729 -12.589510
v -9.675581 5.487072 -12.325801
v -9.761256 5.442809 -12.044215
v -9.452237 5.736679 -12.722090
v -9.439737 5.903815 -12.617305
v -9.492192 6.069288 -12.523710
v -9.660206 6.137611 -12.282814
v -9.726514 6.087540 -12.076530
v -9.794218 6.064526 -11.851332
v -9.778104 6.284371 -12.436399
v -9.975821 6.307096 -12.453595
v -10.167015 6.274385 -12.503809
v -10.335928 6.124763 -12.410677
v -10.360249 6.079220 -12.209059
v -10.395297 6.059883 -11.991736
v -10.400742 6.045988 -12.680651
v -10.414059 5.878851 -12.785172
v -10.362421 5.713378 -12.878502
v -10.228161 5.666708 -13.124093
v -10.213311 5.779496 -13.266399
v -10.202674 5.907003 -13.382034
v -10.016774 5.990023 -13.537100
v -9.814387 5.982422 -13.537761
v -9.620454 6.015641 -13.487992
v -9.467892 5.946438 -13.283260
v -9.474766 5.811424 -13.158538
v -9.494546 5.691484 -13.007890
v -9.390051 6.196007 -13.253534
v -9.382381 6.320606 -13.098152
v -9.440765 6.440935 -12.950955
v -9.558537 6.449401 -12.767670
v -9.561271 6.363593 -12.688902
v -9.575148 6.281481 -12.589443
v -9.738789 6.587142 -12.781975
v -9.941175 6.594743 -12.781315
v -10.135109 6.561522 -12.831083
v -10.293319 6.409968 -12.866444
v -10.299570 6.331665 -12.796843
v -10.307781 6.256703 -12.705963
v -10.365512 6.381158 -13.065541
v -10.373181 6.256559 -13.220922
v -10.314797 6.136230 -13.368120
v -10.187382 6.171580 -13.576969
v -10.181883 6.305942 -13.662810
v -10.178913 6.449601 -13.735060
v -10.015387 6.591229 -13.858624
v -9.828615 6.599571 -13.868793
v -9.649472 6.630273 -13.822828
v -9.486444 6.516363 -13.664154
v -9.474329 6.366825 -13.586330
v -9.469163 6.225783 -13.494242
v -9.436044 6.745742 -13.574436
v -9.428436 6.816075 -13.403055
v -9.481815 6.879901 -13.237641
v -9.575360 6.812532 -13.046339
v -9.566432 6.713134 -12.979506
v -9.562623 6.622823 -12.908774
v -9.756271 6.943311 -13.036974
v -9.943043 6.934969 -13.026806
v -10.122185 6.904267 -13.072769
v -10.267830 6.745771 -13.117245
v -10.273986 6.652249 -13.055986
v -10.280842 6.568621 -12.991503
v -10.335613 6.788797 -13.321161
v -10.343221 6.718466 -13.492542
v -10.289843 6.654639 -13.657957
v -10.183845 6.788577 -13.821268
v -10.191237 6.979986 -13.836244
v -10.200142 7.172888 -13.839662
v -10.082000 7.365320 -13.897950
v -9.935760 7.383125 -13.909304
v -9.794469 7.407353 -13.873055
v -9.634396 7.250786 -13.789606
v -9.586707 7.057205 -13.781248
v -9.543299 6.863667 -13.761017
v -9.622575 7.461053 -13.666048
v -9.613459 7.483813 -13.521168
v -9.652265 7.499568 -13.380435
v -9.695898 7.354822 -13.234848
v -9.656053 7.203801 -13.198414
v -9.620401 7.058668 -13.156250
v -9.863746 7.497223 -13.206623
v -10.009986 7.479415 -13.195269
v -10.151277 7.455188 -13.231518
v -10.261643 7.276922 -13.284904
v -10.260583 7.126583 -13.253408
v -10.260947 6.983579 -13.216502
v -10.323171 7.401488 -13.438524
v -10.332287 7.378727 -13.583405
v -10.293481 7.362974 -13.724138
v -10.217163 7.523785 -13.833414
v -10.217909 7.664194 -13.822884
v -10.205424 7.770924 -13.799067
v -9.816888 7.831545 -13.766280
v -9.768984 7.733721 -13.784884
v -9.725500 7.598423 -13.791461
v -9.854555 7.861120 -13.374596
v -9.812839 7.770942 -13.333099
v -9.774496 7.648043 -13.298928
v -10.243092 7.800498 -13.407383
v -10.261764 7.701415 -13.371099
v -10.266159 7.573404 -13.340881
v -10.010428 8.030089 -10.696102
v -10.021057 8.276142 -10.716218
v -10.035539 8.511358 -10.743628
v -10.226185 8.730323 -10.730186
v -10.412501 8.730324 -10.755337
v -10.580590 8.730323 -10.839555
v -10.730509 8.511357 -10.958091
v -10.757918 8.276142 -10.943609
v -10.778034 8.030088 -10.932981
v -10.743950 8.730323 -11.148737
v -10.718800 8.730324 -11.335053
v -10.634582 8.730323 -11.503142
v -10.516046 8.511357 -11.653061
v -10.530527 8.276142 -11.680470
v -10.541156 8.030088 -11.700586
v -10.325399 8.730323 -11.666502
v -10.139083 8.730324 -11.641352
v -9.970994 8.730323 -11.557134
v -9.821075 8.511357 -11.438598
v -9.793666 8.276142 -11.453079
v -9.773550 8.030088 -11.463708
v -9.807634 8.730323 -11.247952
v -9.832785 8.730324 -11.061635
v -9.917003 8.730323 -10.893546
v -10.065261 8.927622 -10.799882
v -10.078091 9.107293 -10.824162
v -10.089949 9.273373 -10.846607
v -10.237217 9.429899 -10.834298
v -10.382099 9.429901 -10.853855
v -10.512808 9.429899 -10.919344
v -10.627529 9.273373 -11.012501
v -10.649974 9.107293 -11.000643
v -10.674254 8.927622 -10.987813
v -10.639838 9.429899 -11.159769
v -10.620281 9.429901 -11.304651
v -10.554792 9.429899 -11.435360
v -10.461636 9.273373 -11.550081
v -10.473494 9.107293 -11.572526
v -10.486323 8.927622 -11.596807
v -10.314367 9.429899 -11.562390
v -10.169485 9.429901 -11.542833
v -10.038776 9.429899 -11.477345
v -9.924055 9.273373 -11.384188
v -9.901610 9.107293 -11.396046
v -9.877330 8.927622 -11.408875
v -9.911746 9.429899 -11.236919
v -9.931303 9.429901 -11.092037
v -9.996792 9.429899 -10.961329
v -10.111908 9.580911 -10.888168
v -10.125632 9.713662 -10.914144
v -10.145634 9.815403 -10.952000
v -10.522137 9.815403 -11.068186
v -10.559993 9.713662 -11.048184
v -10.585968 9.580911 -11.034460
v -10.405951 9.815403 -11.444689
v -10.425952 9.713662 -11.482545
v -10.439676 9.580911 -11.508520
v -10.029448 9.815403 -11.328503
v -9.991591 9.713662 -11.348504
v -9.965616 9.580911 -11.362228
v -10.313823 2.806914 -10.696414
v -10.458412 2.743895 -10.771578
v -10.339143 2.722534 -10.737353
v -10.216139 2.759454 -10.709355
v -10.231796 2.862065 -10.660722
v -10.276914 2.941620 -10.624879
v -10.373029 2.842200 -10.695309
v -10.077631 3.222678 -10.635498
v -10.064367 3.033341 -10.692445
v -10.051837 3.240459 -10.689713
v -10.068044 3.446161 -10.665565
v -10.092091 3.329834 -10.596786
v -10.130237 3.191274 -10.567264
v -10.096404 3.098426 -10.624690
v -9.915634 5.205687 -11.317035
v -9.962390 5.195378 -11.168644
v -9.937992 5.154963 -11.246897
v -9.928842 5.145232 -11.343588
v -9.901664 5.211020 -11.405972
v -9.881615 5.277702 -11.456430
v -9.913733 5.251389 -11.302626
v -9.901653 0.011405 -11.237989
v -9.921752 0.011405 -11.089089
v -9.989057 0.011405 -10.954758
v -9.919207 -0.174103 -11.236129
v -9.938363 -0.174102 -11.094215
v -10.002510 -0.174103 -10.966186
v -9.935551 -0.346817 -11.234397
v -9.953829 -0.346818 -11.098989
v -10.015036 -0.346817 -10.976827
v -10.572782 2.984489 -10.679268
v -10.647118 3.064713 -10.662409
v -10.645893 2.976436 -10.727129
v -10.617617 2.885965 -10.772787
v -10.522280 2.940106 -10.689013
v -10.443371 3.024873 -10.603123
v -10.547613 3.042446 -10.621791
v -10.762418 3.231150 -10.844428
v -10.766109 3.215138 -10.755753
v -10.773263 3.335799 -10.807447
v -10.751016 3.446161 -10.879027
v -10.750225 3.243161 -10.904363
v -10.738443 3.044151 -10.889887
v -10.755844 3.117489 -10.819321
v -10.315437 0.011405 -11.572483
v -10.166537 0.011405 -11.552384
v -10.032206 0.011405 -11.485080
v -10.313577 -0.174103 -11.554930
v -10.171663 -0.174102 -11.535773
v -10.043633 -0.174103 -11.471626
v -10.311845 -0.346817 -11.538586
v -10.176436 -0.346818 -11.520308
v -10.054275 -0.346817 -11.459101
v -10.590816 5.436889 -11.250978
v -10.597023 5.627419 -11.232850
v -10.608337 5.827500 -11.215402
v -10.577223 5.482772 -11.440352
v -10.588507 5.656928 -11.417551
v -10.597942 5.847456 -11.394353
v -10.538239 5.516418 -11.653250
v -10.554773 5.686348 -11.627289
v -10.555999 5.871922 -11.594501
v -10.649931 0.011405 -11.158699
v -10.629832 0.011405 -11.307599
v -10.562528 0.011405 -11.441931
v -10.632378 -0.174103 -11.160560
v -10.613221 -0.174102 -11.302473
v -10.549074 -0.174103 -11.430503
v -10.616034 -0.346817 -11.162292
v -10.597755 -0.346818 -11.297700
v -10.536549 -0.346817 -11.419862
v -10.236147 0.011405 -10.824205
v -10.385047 0.011405 -10.844304
v -10.519379 0.011405 -10.911609
v -10.238008 -0.174103 -10.841759
v -10.379921 -0.174103 -10.860915
v -10.507951 -0.174103 -10.925062
v -10.239739 -0.346818 -10.858103
v -10.375148 -0.346818 -10.876381
v -10.497310 -0.346817 -10.937588
v -10.003195 5.827499 -11.038978
v -10.004936 5.627419 -11.062092
v -10.001075 5.436889 -11.081722
v -9.919524 5.847721 -11.202678
v -9.918546 5.656923 -11.231314
v -9.918631 5.481767 -11.258347
v -9.853064 5.872984 -11.404960
v -9.842948 5.686326 -11.439038
v -9.849797 5.512397 -11.470609
v -10.543637 3.579525 -11.414796
v -10.552040 3.292148 -11.424429
v -10.560772 3.001854 -11.434896
v -10.618790 3.570256 -11.282292
v -10.628928 3.284144 -11.291450
v -10.637217 2.996619 -11.296334
v -10.671931 3.560848 -11.127095
v -10.682506 3.274393 -11.141155
v -10.684609 2.990112 -11.135670
v -9.963932 -0.646749 -11.231390
v -9.980685 -0.646749 -11.107276
v -10.036787 -0.646749 -10.995305
v -9.984044 -0.766095 -11.229304
v -9.999778 -0.767520 -11.113168
v -10.052226 -0.766095 -11.008361
v -10.019092 -0.856906 -11.225728
v -10.033127 -0.862606 -11.123459
v -10.079164 -0.856906 -11.031066
v -10.308838 -0.646749 -11.510204
v -10.184724 -0.646749 -11.493451
v -10.072753 -0.646749 -11.437349
v -10.306752 -0.766095 -11.490092
v -10.190616 -0.767520 -11.474359
v -10.085809 -0.766095 -11.421910
v -10.303176 -0.856906 -11.455045
v -10.200907 -0.862606 -11.441010
v -10.108514 -0.856906 -11.394973
v -10.587652 -0.646749 -11.165298
v -10.570899 -0.646749 -11.289412
v -10.514797 -0.646749 -11.401383
v -10.567540 -0.766095 -11.167384
v -10.551806 -0.767520 -11.283521
v -10.499358 -0.766095 -11.388328
v -10.532493 -0.856906 -11.170960
v -10.518457 -0.862606 -11.273230
v -10.472421 -0.856906 -11.365623
v -10.242746 -0.646749 -10.886484
v -10.366860 -0.646749 -10.903237
v -10.478831 -0.646749 -10.959339
v -10.244832 -0.766095 -10.906596
v -10.360969 -0.767520 -10.922330
v -10.465775 -0.766095 -10.974778
v -10.248408 -0.856906 -10.941644
v -10.350677 -0.862606 -10.955679
v -10.443070 -0.856906 -11.001716
v -10.049318 5.188520 -11.566874
v -10.010131 5.145232 -11.497441
v -10.093811 5.145519 -11.541615
v -10.179217 5.157599 -11.578251
v -10.078835 5.212765 -11.607953
v -9.970329 5.254359 -11.618772
v -9.978241 5.205184 -11.549514
v -10.235479 5.271404 -11.756719
v -10.304898 5.215518 -11.663674
v -10.326882 5.257662 -11.729912
v -10.314010 5.304212 -11.823514
v -10.188643 5.301321 -11.827059
v -10.077876 5.299474 -11.775593
v -10.188500 5.256477 -11.711343
v -10.148180 9.947237 -11.265769
v -10.243739 9.963098 -11.302212
v -10.343217 9.947237 -11.325956
v -10.171925 9.963098 -11.166291
v -10.275792 9.979949 -11.198344
v -10.379660 9.963098 -11.230397
v -10.208367 9.947237 -11.070732
v -10.307845 9.963098 -11.094477
v -10.403404 9.947237 -11.130919
v -9.907445 3.001854 -11.233008
v -9.920765 3.292148 -11.229195
v -9.933305 3.579525 -11.225901
v -9.921250 2.996515 -11.076618
v -9.932282 3.284118 -11.076168
v -9.946493 3.570255 -11.073892
v -9.968802 2.989696 -10.920839
v -9.972305 3.274288 -10.922579
v -9.990952 3.560848 -10.915522
v -10.158889 7.933118 -13.505165
v -10.061184 7.964360 -13.491440
v -9.957743 7.964501 -13.488192
v -10.157910 7.939495 -13.608457
v -10.053175 7.972201 -13.600854
v -9.943690 7.972919 -13.590380
v -10.139388 7.917806 -13.707941
v -10.040416 7.948053 -13.707396
v -9.938242 7.949190 -13.690968
v -11.240967 6.812320 -9.325298
v -11.329557 6.812612 -9.371093
v -11.418490 6.783842 -9.405863
v -11.276048 6.814721 -9.231976
v -11.373727 6.814011 -9.274260
v -11.466003 6.784249 -9.318181
v -11.318475 6.787786 -9.145836
v -11.412494 6.786359 -9.179064
v -11.495998 6.759308 -9.226400
v -10.534469 5.210080 -11.497779
v -10.491449 5.157599 -11.522434
v -10.545455 5.158055 -11.427147
v -10.572941 5.195377 -11.345008
v -10.551821 5.253695 -11.482790
v -10.505539 5.286930 -11.634216
v -10.497762 5.220907 -11.585481
v -10.210433 -0.959509 -11.074641
v -10.306989 -0.972537 -11.097250
v -10.399495 -0.959509 -11.132985
v -10.174698 -0.972537 -11.167148
v -10.275792 -0.986381 -11.198344
v -10.376886 -0.972537 -11.229541
v -10.152089 -0.959509 -11.263703
v -10.244596 -0.972537 -11.299438
v -10.341151 -0.959509 -11.322047
v -10.490570 5.803900 -10.956801
v -10.483536 5.591423 -10.970157
v -10.481557 5.381197 -10.980950
v -10.370939 5.800949 -10.892618
v -10.366813 5.588202 -10.906332
v -10.363803 5.379351 -10.915938
v -10.236825 5.803900 -10.880562
v -10.235433 5.591423 -10.895883
v -10.230860 5.381197 -10.905727
v -10.313096 3.591791 -11.540646
v -10.175688 3.593324 -11.522839
v -10.052232 3.591791 -11.460034
v -10.314197 3.301654 -11.553227
v -10.172047 3.302843 -11.534614
v -10.044198 3.301654 -11.469822
v -10.315330 3.007988 -11.566598
v -10.168182 3.008755 -11.547106
v -10.035686 3.007988 -11.480247
v -10.228677 0.842593 -10.753706
v -10.405634 0.842593 -10.777593
v -10.565278 0.842593 -10.857579
v -10.230200 0.626091 -10.768078
v -10.401437 0.626091 -10.791192
v -10.555922 0.626091 -10.868593
v -10.232114 0.413678 -10.786139
v -10.396162 0.413678 -10.808284
v -10.544162 0.413678 -10.882436
v -10.720430 0.842593 -11.151229
v -10.696544 0.842593 -11.328186
v -10.616557 0.842593 -11.487830
v -10.706059 0.626091 -11.152752
v -10.682944 0.626091 -11.323989
v -10.605543 0.626091 -11.478474
v -10.687997 0.413678 -11.154666
v -10.665853 0.413678 -11.318714
v -10.591701 0.413678 -11.466714
v -10.322907 0.842593 -11.642982
v -10.145950 0.842593 -11.619096
v -9.986306 0.842593 -11.539109
v -10.321384 0.626091 -11.628611
v -10.150147 0.626091 -11.605496
v -9.995663 0.626091 -11.528095
v -10.319470 0.413678 -11.610549
v -10.155422 0.413678 -11.588405
v -10.007422 0.413678 -11.514253
v -9.831154 0.842593 -11.245460
v -9.855041 0.842593 -11.068502
v -9.935027 0.842593 -10.908858
v -9.845526 0.626091 -11.243937
v -9.868640 0.626091 -11.072700
v -9.946041 0.626091 -10.918215
v -9.863587 0.413678 -11.242023
v -9.885732 0.413678 -11.077974
v -9.959884 0.413678 -10.929975
v -10.229431 1.699872 -10.760825
v -10.403555 1.699872 -10.784329
v -10.560643 1.699872 -10.863035
v -10.228396 1.491374 -10.751063
v -10.406405 1.491374 -10.775092
v -10.566998 1.491374 -10.855554
v -10.227771 1.277581 -10.745157
v -10.408130 1.277581 -10.769503
v -10.570844 1.277581 -10.851027
v -10.713311 1.699872 -11.151983
v -10.689807 1.699872 -11.326107
v -10.611101 1.699872 -11.483195
v -10.723073 1.491374 -11.150949
v -10.699044 1.491374 -11.328958
v -10.618583 1.491374 -11.489551
v -10.728979 1.277581 -11.150323
v -10.704634 1.277581 -11.330682
v -10.623109 1.277581 -11.493396
v -10.322153 1.699872 -11.635863
v -10.148029 1.699872 -11.612359
v -9.990941 1.699872 -11.533653
v -10.323188 1.491374 -11.645625
v -10.145179 1.491374 -11.621596
v -9.984586 1.491374 -11.541135
v -10.323813 1.277581 -11.651531
v -10.143455 1.277581 -11.627186
v -9.980741 1.277581 -11.545661
v -9.838273 1.699872 -11.244705
v -9.861777 1.699872 -11.070581
v -9.940483 1.699872 -10.913493
v -9.828511 1.491374 -11.245740
v -9.852540 1.491374 -11.067731
v -9.933002 1.491374 -10.907138
v -9.822605 1.277581 -11.246366
v -9.846951 1.277581 -11.066007
v -9.928475 1.277581 -10.903293
v -10.224065 2.462297 -10.779057
v -10.384926 2.447752 -10.803574
v -10.538825 2.462713 -10.869511
v -10.230424 2.278339 -10.787409
v -10.392466 2.274703 -10.809983
v -10.540849 2.278443 -10.881535
v -10.231793 2.092501 -10.783122
v -10.397043 2.092501 -10.805429
v -10.546126 2.092501 -10.880123
v -10.681443 2.493099 -11.137939
v -10.651626 2.493833 -11.307791
v -10.577776 2.494691 -11.453776
v -10.683318 2.286040 -11.150806
v -10.659419 2.286223 -11.315096
v -10.585889 2.286438 -11.461500
v -10.691014 2.092501 -11.154346
v -10.668708 2.092501 -11.319595
v -10.594013 2.092501 -11.468678
v -10.317573 2.495918 -11.591660
v -10.160923 2.496071 -11.570590
v -10.019650 2.495918 -11.499713
v -10.318674 2.286744 -11.602786
v -10.157685 2.286783 -11.581074
v -10.012459 2.286744 -11.508287
v -10.319791 2.092501 -11.613566
v -10.154541 2.092501 -11.591260
v -10.005458 2.092501 -11.516565
v -9.882457 2.494691 -11.239150
v -9.902361 2.493729 -11.078173
v -9.969286 2.492683 -10.924809
v -9.871346 2.286438 -11.240982
v -9.892766 2.286197 -11.078912
v -9.964564 2.285935 -10.930662
v -9.860570 2.092501 -11.242343
v -9.882876 2.092501 -11.077093
v -9.957571 2.092501 -10.928010
v -10.246012 4.396416 -10.871927
v -10.371838 4.395649 -10.888759
v -10.485160 4.396416 -10.946003
v -10.247704 4.236915 -10.848998
v -10.378670 4.240732 -10.867897
v -10.497318 4.236915 -10.926519
v -10.249516 4.077766 -10.803859
v -10.391388 4.096256 -10.828533
v -10.522176 4.077766 -10.888811
v -10.594165 4.402549 -11.156834
v -10.576221 4.407149 -11.284067
v -10.518523 4.411749 -11.399005
v -10.606408 4.235781 -11.146758
v -10.583983 4.242440 -11.280993
v -10.523510 4.249413 -11.400192
v -10.629142 4.047472 -11.127344
v -10.595033 4.054786 -11.276381
v -10.529263 4.063358 -11.402585
v -10.309488 4.417882 -11.511471
v -10.184280 4.418649 -11.494941
v -10.071577 4.417882 -11.437998
v -10.310252 4.258919 -11.516001
v -10.182918 4.260108 -11.499387
v -10.068436 4.258919 -11.441292
v -10.311109 4.075624 -11.521889
v -10.181165 4.077158 -11.505090
v -10.064444 4.075624 -11.445660
v -9.962572 4.411749 -11.227167
v -9.979897 4.407149 -11.099632
v -10.036976 4.402549 -10.984393
v -9.957992 4.249413 -11.225250
v -9.975574 4.242440 -11.092586
v -10.033092 4.235781 -10.969004
v -9.952061 4.063358 -11.223913
v -9.969397 4.054786 -11.082422
v -10.025947 4.047472 -10.939950
v -10.234286 5.010767 -10.904984
v -10.362551 5.010943 -10.918402
v -10.477002 5.010767 -10.978982
v -10.241541 4.853102 -10.897423
v -10.363976 4.853107 -10.912968
v -10.474107 4.853102 -10.968979
v -10.244127 4.702765 -10.890442
v -10.365849 4.702612 -10.906841
v -10.475625 4.702765 -10.961936
v -10.579242 4.986979 -11.190238
v -10.555843 4.971651 -11.312062
v -10.496254 4.972544 -11.423342
v -10.578834 4.847461 -11.171856
v -10.560738 4.843860 -11.292751
v -10.504951 4.844313 -11.402170
v -10.582086 4.703992 -11.164333
v -10.565463 4.704912 -11.286338
v -10.510279 4.705832 -11.396436
v -10.291624 4.972544 -11.519331
v -10.171958 4.966073 -11.494884
v -10.066848 4.964664 -11.441575
v -10.303821 4.844619 -11.505508
v -10.183566 4.843040 -11.487221
v -10.075802 4.842649 -11.433043
v -10.308240 4.707058 -11.503589
v -10.186641 4.707212 -11.487249
v -10.076989 4.707058 -11.432215
v -9.967082 4.964664 -11.252752
v -9.982376 4.969682 -11.134872
v -10.032130 4.986979 -11.023406
v -9.971693 4.842343 -11.235773
v -9.987732 4.843368 -11.115849
v -10.041028 4.847461 -11.006369
v -9.970529 4.705832 -11.229817
v -9.987027 4.704912 -11.107753
v -10.042089 4.703992 -10.997595
v -10.230142 6.605752 -10.776135
v -10.399597 6.605330 -10.797762
v -10.552258 6.605752 -10.875023
v -10.232803 6.406755 -10.807627
v -10.390749 6.405995 -10.826837
v -10.532862 6.406755 -10.899372
v -10.234866 6.211255 -10.835876
v -10.382929 6.209989 -10.852657
v -10.515890 6.211255 -10.921359
v -10.700918 6.609137 -11.163132
v -10.678334 6.611674 -11.337967
v -10.601791 6.614213 -11.496408
v -10.671477 6.412843 -11.173292
v -10.650896 6.417743 -11.342171
v -10.580312 6.423307 -11.499363
v -10.645882 6.221390 -11.185324
v -10.627631 6.230325 -11.354526
v -10.563719 6.241932 -11.523529
v -10.318783 6.617597 -11.653371
v -10.147692 6.618019 -11.632272
v -9.993396 6.617597 -11.555538
v -10.313625 6.437083 -11.657689
v -10.150340 6.441042 -11.638430
v -10.002686 6.437169 -11.566700
v -10.307270 6.282818 -11.697489
v -10.144712 6.296876 -11.678294
v -9.996453 6.283162 -11.610598
v -9.844736 6.614213 -11.267429
v -9.868955 6.611674 -11.092067
v -9.947132 6.609137 -10.933098
v -9.865479 6.423393 -11.287141
v -9.892307 6.417764 -11.114637
v -9.967526 6.412843 -10.960314
v -9.872101 6.242276 -11.324079
v -9.908468 6.230412 -11.142592
v -9.984056 6.221390 -10.987280
v -10.217429 7.527133 -10.647558
v -10.436630 7.527133 -10.677148
v -10.634386 7.527133 -10.776229
v -10.220001 7.279876 -10.672262
v -10.429442 7.279854 -10.700471
v -10.618382 7.279876 -10.795175
v -10.223387 7.041072 -10.705507
v -10.419811 7.040989 -10.731771
v -10.596975 7.041072 -10.820691
v -10.826578 7.527133 -11.139981
v -10.796988 7.527133 -11.359182
v -10.697907 7.527133 -11.556938
v -10.802020 7.280045 -11.143075
v -10.773764 7.280172 -11.352785
v -10.679096 7.280298 -11.542014
v -10.769213 7.041750 -11.148026
v -10.742757 7.042257 -11.345527
v -10.653981 7.042764 -11.523847
v -10.334155 7.527133 -11.749130
v -10.114954 7.527133 -11.719541
v -9.917198 7.527133 -11.620460
v -10.331450 7.280468 -11.726068
v -10.121927 7.280490 -11.697885
v -9.932905 7.280468 -11.603208
v -10.327665 7.043442 -11.697745
v -10.130914 7.043526 -11.671586
v -9.953423 7.043442 -11.582772
v -9.725006 7.527133 -11.256707
v -9.754596 7.527133 -11.037506
v -9.853677 7.527133 -10.839750
v -9.749268 7.280298 -11.255307
v -9.777606 7.280171 -11.045570
v -9.872355 7.280045 -10.856315
v -9.781185 7.042765 -11.255436
v -9.807968 7.042257 -11.057831
v -9.897071 7.041749 -10.879405
v -10.466689 3.318527 -10.150590
v -10.597465 3.296398 -10.184120
v -10.723278 3.317780 -10.233050
v -10.427639 3.263280 -10.281058
v -10.559780 3.243754 -10.313592
v -10.685481 3.266461 -10.361591
v -10.397844 3.196899 -10.401199
v -10.533399 3.186174 -10.431197
v -10.657656 3.210371 -10.477926
v -10.874075 3.491323 -10.349422
v -10.880208 3.621792 -10.402317
v -10.843680 3.752385 -10.441520
v -10.835423 3.444604 -10.475040
v -10.841817 3.580696 -10.527834
v -10.806076 3.720334 -10.570782
v -10.802646 3.387396 -10.588422
v -10.808838 3.529794 -10.644477
v -10.774650 3.686252 -10.701836
v -10.653183 3.926923 -10.448347
v -10.523026 3.949051 -10.415118
v -10.397831 3.927669 -10.366489
v -10.615585 3.910549 -10.576937
v -10.483425 3.934997 -10.540359
v -10.354309 3.910735 -10.494358
v -10.583185 3.910572 -10.708676
v -10.444955 3.940988 -10.661231
v -10.304438 3.910572 -10.621235
v -10.247034 3.754126 -10.250117
v -10.240282 3.623657 -10.196920
v -10.276191 3.493065 -10.157417
v -10.202519 3.720769 -10.379737
v -10.198617 3.580320 -10.324358
v -10.235301 3.441671 -10.286042
v -10.152057 3.686252 -10.506050
v -10.158430 3.526426 -10.440919
v -10.198990 3.373925 -10.403351
v -10.659396 3.585250 -9.580220
v -10.789650 3.563738 -9.614415
v -10.910892 3.575630 -9.674446
v -10.609335 3.498452 -9.717981
v -10.739267 3.477042 -9.751963
v -10.861680 3.492129 -9.808058
v -10.559734 3.428994 -9.864325
v -10.689804 3.407516 -9.898173
v -10.813590 3.425263 -9.950919
v -11.042504 3.702838 -9.840606
v -11.036424 3.802253 -9.925964
v -10.988428 3.903270 -9.995619
v -10.999806 3.633905 -9.956554
v -10.998255 3.742872 -10.030394
v -10.954651 3.852893 -10.089223
v -10.957609 3.579676 -10.084196
v -10.959841 3.697042 -10.148067
v -10.919784 3.815028 -10.197516
v -10.784713 4.043303 -10.036144
v -10.654459 4.064815 -10.001949
v -10.533217 4.052922 -9.941918
v -10.756358 4.003098 -10.117640
v -10.626456 4.024509 -10.083673
v -10.504075 4.009422 -10.027594
v -10.725495 3.974417 -10.215414
v -10.595550 3.995896 -10.181626
v -10.471888 3.978148 -10.128941
v -10.401605 3.925714 -9.775759
v -10.407685 3.826301 -9.690400
v -10.455681 3.725283 -9.620746
v -10.365949 3.867646 -9.879097
v -10.367470 3.758680 -9.805242
v -10.411042 3.648659 -9.746397
v -10.327868 3.823735 -9.995664
v -10.325513 3.706370 -9.931732
v -10.365446 3.588383 -9.882222
v -10.846313 4.170397 -9.221272
v -10.985409 4.146962 -9.258146
v -11.108862 4.142432 -9.334805
v -10.801897 3.995282 -9.285202
v -10.937781 3.972496 -9.321161
v -11.059606 3.972120 -9.393871
v -10.756129 3.834433 -9.362607
v -10.889340 3.812211 -9.397780
v -11.010178 3.816188 -9.466320
v -11.221320 4.199409 -9.569636
v -11.196268 4.253796 -9.698455
v -11.127460 4.312841 -9.808351
v -11.175169 4.046318 -9.613321
v -11.154463 4.111617 -9.732630
v -11.090805 4.180778 -9.833826
v -11.130053 3.908821 -9.668932
v -11.114105 3.985897 -9.777677
v -11.055817 4.066014 -9.869135
v -10.889853 4.407106 -9.891805
v -10.750758 4.430542 -9.854931
v -10.627305 4.435071 -9.778271
v -10.862757 4.285859 -9.908383
v -10.726871 4.308646 -9.872424
v -10.605047 4.309022 -9.799714
v -10.836960 4.182973 -9.933462
v -10.703749 4.205195 -9.898289
v -10.582911 4.201217 -9.829749
v -10.514847 4.378094 -9.543440
v -10.539899 4.323709 -9.414622
v -10.608707 4.264662 -9.304726
v -10.489484 4.234824 -9.580264
v -10.510190 4.169524 -9.460956
v -10.573848 4.100364 -9.359758
v -10.463037 4.108584 -9.627137
v -10.478984 4.031508 -9.518393
v -10.537273 3.951391 -9.426933
v -11.013815 4.895055 -9.021887
v -11.165569 4.869241 -9.062227
v -11.297758 4.855001 -9.149640
v -10.973733 4.714579 -9.062760
v -11.123314 4.689167 -9.102514
v -11.253888 4.676342 -9.188373
v -10.932246 4.533710 -9.111464
v -11.078589 4.508893 -9.150339
v -11.206772 4.498047 -9.233742
v -11.408792 4.874598 -9.423092
v -11.373760 4.905984 -9.574951
v -11.291403 4.944046 -9.705518
v -11.364632 4.701203 -9.456527
v -11.330957 4.735781 -9.605305
v -11.250591 4.776731 -9.733148
v -11.317142 4.530163 -9.493369
v -11.285534 4.569109 -9.637140
v -11.208171 4.613999 -9.760530
v -11.023849 5.017048 -9.808633
v -10.872095 5.042863 -9.768291
v -10.739906 5.057102 -9.680879
v -10.987795 4.852577 -9.833820
v -10.838214 4.877990 -9.794065
v -10.707640 4.890815 -9.708208
v -10.952507 4.693666 -9.857120
v -10.806163 4.718484 -9.818244
v -10.677980 4.729329 -9.734840
v -10.628871 5.037506 -9.407427
v -10.663904 5.006120 -9.255568
v -10.746261 4.968058 -9.125001
v -10.596896 4.865954 -9.440054
v -10.630570 4.831376 -9.291275
v -10.710937 4.790424 -9.163433
v -10.567611 4.697213 -9.475214
v -10.599218 4.658267 -9.331443
v -10.676581 4.613377 -9.208052
v -11.154984 5.603583 -8.967626
v -11.297667 5.579221 -9.005571
v -11.421254 5.562320 -9.088203
v -11.122777 5.432265 -8.967829
v -11.269860 5.407172 -9.006941
v -11.397423 5.390584 -9.092034
v -11.088503 5.255230 -8.974709
v -11.238991 5.229581 -9.014723
v -11.369688 5.213541 -9.101677
v -11.522392 5.564660 -9.347336
v -11.487301 5.583610 -9.491444
v -11.407832 5.609435 -9.615456
v -11.502435 5.396817 -9.358759
v -11.466759 5.418859 -9.507051
v -11.385309 5.447849 -9.634641
v -11.477985 5.224191 -9.374084
v -11.442047 5.249548 -9.525487
v -11.359245 5.281853 -9.655727
v -11.153945 5.666795 -9.713818
v -11.011264 5.691158 -9.675873
v -10.887676 5.708058 -9.593241
v -11.124128 5.509658 -9.735758
v -10.977045 5.534751 -9.696646
v -10.849483 5.551338 -9.611552
v -11.092628 5.348087 -9.758843
v -10.942140 5.373736 -9.718829
v -10.811441 5.389775 -9.631874
v -10.786537 5.705718 -9.334108
v -10.821629 5.686770 -9.190000
v -10.901098 5.660943 -9.065988
v -10.744471 5.545105 -9.344828
v -10.780147 5.523064 -9.196536
v -10.861596 5.494074 -9.068946
v -10.703145 5.379127 -9.359467
v -10.739083 5.353769 -9.208065
v -10.821885 5.321465 -9.077824
v -11.264471 6.195953 -8.979989
v -11.389593 6.174557 -9.013269
v -11.497740 6.158534 -9.085853
v -11.239455 6.060494 -8.976947
v -11.368646 6.038404 -9.011309
v -11.480322 6.021929 -9.086245
v -11.213134 5.918022 -8.973864
v -11.346574 5.895210 -9.009356
v -11.461964 5.878396 -9.086737
v -11.585355 6.155081 -9.313639
v -11.553870 6.168081 -9.440369
v -11.483507 6.187320 -9.549455
v -11.570847 6.018676 -9.321406
v -11.538380 6.032306 -9.452236
v -11.465767 6.052363 -9.564851
v -11.555649 5.875968 -9.329542
v -11.522233 5.890659 -9.464617
v -11.447346 5.911953 -9.580878
v -11.260097 6.233759 -9.636090
v -11.134974 6.255155 -9.602810
v -11.026827 6.271179 -9.530228
v -11.235136 6.100533 -9.654282
v -11.105946 6.122623 -9.619920
v -10.994269 6.139099 -9.544984
v -11.209257 5.962360 -9.673187
v -11.075817 5.985172 -9.637695
v -10.960428 6.001986 -9.560315
v -10.939213 6.274632 -9.302442
v -10.970697 6.261631 -9.175712
v -11.041060 6.242393 -9.066626
v -10.903745 6.142351 -9.309822
v -10.936213 6.128721 -9.178992
v -11.008824 6.108664 -9.066378
v -10.866743 6.004414 -9.317509
v -10.900158 5.989723 -9.182435
v -10.975045 5.968430 -9.066174
v -11.350039 6.663432 -9.026045
v -11.448792 6.652725 -9.051842
v -11.532193 6.634212 -9.108711
v -11.333303 6.569774 -8.997389
v -11.444088 6.552374 -9.026738
v -11.539354 6.536719 -9.090899
v -11.312168 6.454296 -8.985907
v -11.429502 6.434230 -9.017116
v -11.530919 6.419205 -9.085181
v -11.600446 6.631520 -9.286160
v -11.576828 6.647677 -9.384717
v -11.520916 6.656696 -9.470303
v -11.616704 6.533670 -9.292001
v -11.589135 6.546656 -9.403843
v -11.526741 6.562148 -9.500302
v -11.613081 6.415965 -9.298791
v -11.583555 6.428157 -9.417634
v -11.517572 6.446199 -9.519931
v -11.346876 6.692872 -9.537793
v -11.250347 6.715542 -9.511322
v -11.164721 6.722093 -9.455128
v -11.329502 6.603147 -9.576789
v -11.219274 6.623537 -9.547271
v -11.123451 6.636201 -9.483278
v -11.308065 6.489748 -9.601174
v -11.190731 6.509812 -9.569965
v -11.089314 6.524838 -9.501900
v -11.096469 6.724784 -9.277679
v -11.122312 6.720589 -9.178447
v -11.175999 6.699609 -9.093535
v -11.046101 6.639250 -9.282176
v -11.074226 6.629255 -9.170166
v -11.136065 6.610772 -9.073875
v -11.007153 6.528078 -9.288291
v -11.036678 6.515885 -9.169448
v -11.102661 6.497845 -9.067151
v -10.114264 5.440318 -12.728757
v -9.925706 5.416327 -12.708269
v -9.742715 5.447326 -12.659972
v -10.162721 5.404291 -12.465802
v -9.985348 5.381100 -12.445322
v -9.813209 5.407549 -12.394600
v -10.220808 5.376555 -12.199210
v -10.052271 5.356897 -12.185157
v -9.890079 5.373970 -12.122938
v -9.518372 5.671954 -12.502526
v -9.505061 5.837506 -12.413057
v -9.553404 6.001890 -12.335141
v -9.601742 5.623105 -12.251094
v -9.587830 5.787354 -12.178260
v -9.629981 5.951527 -12.115081
v -9.692827 5.578455 -11.980646
v -9.678350 5.748652 -11.926401
v -9.711388 5.921151 -11.875649
v -9.822277 6.217175 -12.270111
v -10.009199 6.241165 -12.291126
v -10.190556 6.210167 -12.339951
v -9.875746 6.167307 -12.077585
v -10.050026 6.191998 -12.106191
v -10.221705 6.162778 -12.150294
v -9.929125 6.147356 -11.876391
v -10.092160 6.173010 -11.920732
v -10.259379 6.144859 -11.954257
v -10.414900 5.985538 -12.497397
v -10.429844 5.819986 -12.586338
v -10.383137 5.655603 -12.663727
v -10.435122 5.940895 -12.281647
v -10.450469 5.776253 -12.355024
v -10.410435 5.613745 -12.416154
v -10.464430 5.915067 -12.047937
v -10.477779 5.743294 -12.106570
v -10.446344 5.577454 -12.151340
v -10.023317 5.847380 -13.429893
v -9.818803 5.835273 -13.426391
v -9.622527 5.868890 -13.376017
v -10.033688 5.711457 -13.305919
v -9.828333 5.695065 -13.297849
v -9.630831 5.728872 -13.247089
v -10.050535 5.591886 -13.154713
v -9.846787 5.571825 -13.142044
v -9.650323 5.605400 -13.091349
v -9.388295 6.066125 -13.152611
v -9.379618 6.205089 -13.007506
v -9.437737 6.340468 -12.871381
v -9.393724 5.941272 -13.037090
v -9.383759 6.093314 -12.904101
v -9.440924 6.242455 -12.780921
v -9.412864 5.828953 -12.896931
v -9.401551 5.990987 -12.777510
v -9.456887 6.150769 -12.668668
v -9.737893 6.509025 -12.719811
v -9.942409 6.521132 -12.723313
v -10.138683 6.487515 -12.773687
v -9.740852 6.431634 -12.649396
v -9.946126 6.448025 -12.657492
v -10.143547 6.414218 -12.708278
v -9.752609 6.356303 -12.558876
v -9.956030 6.376364 -12.571651
v -10.152168 6.342789 -12.622452
v -10.372915 6.290280 -12.997092
v -10.381594 6.151315 -13.142198
v -10.323473 6.015936 -13.278323
v -10.380652 6.201818 -12.918276
v -10.390699 6.049775 -13.051239
v -10.333617 5.900636 -13.174393
v -10.389627 6.119234 -12.816870
v -10.401266 5.957201 -12.936185
v -10.346257 5.797420 -13.044922
v -10.009409 6.424388 -13.803193
v -9.816511 6.429133 -13.811937
v -9.631698 6.460803 -13.764517
v -10.008516 6.272554 -13.728177
v -9.811360 6.273417 -13.734902
v -9.622578 6.305764 -13.686460
v -10.011406 6.129758 -13.638004
v -9.811279 6.126493 -13.642055
v -9.619650 6.159323 -13.592879
v -9.412224 6.592778 -13.514073
v -9.404998 6.676586 -13.342356
v -9.460724 6.754326 -13.177083
v -9.398777 6.453834 -13.437987
v -9.391734 6.551048 -13.269013
v -9.449015 6.642729 -13.106992
v -9.392466 6.323411 -13.349899
v -9.385308 6.434158 -13.186467
v -9.443443 6.539977 -13.030554
v -9.744864 6.837747 -12.978207
v -9.937762 6.833002 -12.969461
v -10.122576 6.801332 -13.016883
v -9.739799 6.746519 -12.914140
v -9.936955 6.745656 -12.907414
v -10.125738 6.713309 -12.955856
v -9.738599 6.664645 -12.847740
v -9.938725 6.667910 -12.843690
v -10.130355 6.635080 -12.892864
v -10.342050 6.669356 -13.267326
v -10.349276 6.585549 -13.439045
v -10.293550 6.507809 -13.604317
v -10.349539 6.565240 -13.204329
v -10.356581 6.468024 -13.373303
v -10.299300 6.376345 -13.535324
v -10.357539 6.470992 -13.135844
v -10.364697 6.360245 -13.299277
v -10.306561 6.254426 -13.455190
v -10.063176 7.176405 -13.903934
v -9.906087 7.192920 -13.915499
v -9.754588 7.218895 -13.876630
v -10.044388 6.977546 -13.903222
v -9.876364 6.991944 -13.914716
v -9.714643 7.019666 -13.873224
v -10.027752 6.779051 -13.890042
v -9.849553 6.790667 -13.901100
v -9.678364 6.820010 -13.857178
v -9.571226 7.285053 -13.656698
v -9.562284 7.316966 -13.503125
v -9.604773 7.341799 -13.354103
v -9.520031 7.101053 -13.641287
v -9.511465 7.144544 -13.479832
v -9.557856 7.181015 -13.323377
v -9.473475 6.918224 -13.615353
v -9.465387 6.974819 -13.447678
v -9.515531 7.024589 -13.285480
v -9.832863 7.351303 -13.170576
v -9.989953 7.334787 -13.159012
v -10.141452 7.308813 -13.197880
v -9.802902 7.206244 -13.131435
v -9.970926 7.191846 -13.119941
v -10.132646 7.164124 -13.161432
v -9.776494 7.068193 -13.087476
v -9.954693 7.056578 -13.076419
v -10.125883 7.027237 -13.120340
v -10.324813 7.242656 -13.417812
v -10.333755 7.210741 -13.571384
v -10.291266 7.185909 -13.720407
v -10.327258 7.082736 -13.393370
v -10.335825 7.039245 -13.554825
v -10.289433 7.002775 -13.711281
v -10.330770 6.929022 -13.362165
v -10.338859 6.872424 -13.529840
v -10.288715 6.822656 -13.692038
v -10.113267 7.787300 -13.844599
v -10.006433 7.809162 -13.853308
v -9.900927 7.820431 -13.826680
v -10.110221 7.676578 -13.875747
v -9.986004 7.695515 -13.885881
v -9.865250 7.714517 -13.855012
v -10.098741 7.533981 -13.891043
v -9.962423 7.552081 -13.901989
v -9.830561 7.574693 -13.868159
v -9.774453 7.852943 -13.673676
v -9.768784 7.870254 -13.565806
v -9.795039 7.869107 -13.459614
v -9.718230 7.753263 -13.677246
v -9.710215 7.768196 -13.552416
v -9.742162 7.773573 -13.430714
v -9.669590 7.619878 -13.673800
v -9.660604 7.636804 -13.537567
v -9.696316 7.646944 -13.405147
v -9.948668 7.857916 -13.330247
v -10.057458 7.849226 -13.322720
v -10.161008 7.824785 -13.348166
v -9.921016 7.761850 -13.280532
v -10.045721 7.746206 -13.270694
v -10.165987 7.723912 -13.301268
v -9.892920 7.637846 -13.241299
v -10.029236 7.619745 -13.230353
v -10.161099 7.597134 -13.264183
v -10.287481 7.792272 -13.501169
v -10.295106 7.788135 -13.610222
v -10.266895 7.776109 -13.715231
v -10.313006 7.685165 -13.479033
v -10.321510 7.673526 -13.604159
v -10.289076 7.664856 -13.725565
v -10.322069 7.551949 -13.458542
v -10.331055 7.535023 -13.594775
v -10.295343 7.524883 -13.727196
v -10.222732 8.511358 -10.697600
v -10.422017 8.511358 -10.724501
v -10.601807 8.511358 -10.814581
v -10.219533 8.276141 -10.667418
v -10.430831 8.276142 -10.695939
v -10.621457 8.276141 -10.791449
v -10.217186 8.030089 -10.645265
v -10.437301 8.030089 -10.674976
v -10.635880 8.030089 -10.774470
v -10.776536 8.511358 -11.145284
v -10.749636 8.511358 -11.344569
v -10.659555 8.511358 -11.524359
v -10.806719 8.276141 -11.142085
v -10.778197 8.276141 -11.353383
v -10.682688 8.276141 -11.544009
v -10.828872 8.030089 -11.139738
v -10.799160 8.030089 -11.359853
v -10.699666 8.030089 -11.558433
v -10.328853 8.511358 -11.699088
v -10.129567 8.511358 -11.672188
v -9.949778 8.511358 -11.582108
v -10.332051 8.276141 -11.729271
v -10.120753 8.276141 -11.700749
v -9.930127 8.276141 -11.605240
v -10.334398 8.030089 -11.751424
v -10.114284 8.030089 -11.721712
v -9.915704 8.030089 -11.622218
v -9.775048 8.511358 -11.251405
v -9.801949 8.511358 -11.052119
v -9.892029 8.511358 -10.872330
v -9.744865 8.276141 -11.254603
v -9.773387 8.276141 -11.043305
v -9.868896 8.276141 -10.852679
v -9.722713 8.030089 -11.256950
v -9.752424 8.030089 -11.036836
v -9.851918 8.030088 -10.838256
v -10.234748 9.273374 -10.811004
v -10.388902 9.273374 -10.831812
v -10.527974 9.273374 -10.901491
v -10.232129 9.107293 -10.786287
v -10.396119 9.107294 -10.808424
v -10.544065 9.107293 -10.882549
v -10.229296 8.927622 -10.759549
v -10.403928 8.927622 -10.783121
v -10.561474 8.927623 -10.862057
v -10.663133 9.273374 -11.157300
v -10.642324 9.273374 -11.311454
v -10.572645 9.273374 -11.450526
v -10.687849 9.107293 -11.154681
v -10.665712 9.107293 -11.318671
v -10.591587 9.107293 -11.466618
v -10.714587 8.927622 -11.151848
v -10.691015 8.927622 -11.326480
v -10.612080 8.927623 -11.484026
v -10.316836 9.273374 -11.585685
v -10.162683 9.273374 -11.564877
v -10.023610 9.273374 -11.495197
v -10.319455 9.107293 -11.610401
v -10.155465 9.107293 -11.588264
v -10.007519 9.107293 -11.514139
v -10.322289 8.927622 -11.637139
v -10.147656 8.927622 -11.613567
v -9.990110 8.927623 -11.534632
v -9.888452 9.273374 -11.239388
v -9.909260 9.273374 -11.085235
v -9.978939 9.273374 -10.946162
v -9.863735 9.107293 -11.242007
v -9.885872 9.107293 -11.078017
v -9.959997 9.107293 -10.930071
v -9.836997 8.927622 -11.244841
v -9.860569 8.927622 -11.070209
v -9.939505 8.927623 -10.912663
v -10.246548 9.822343 -10.927984
v -10.354496 9.829282 -10.943304
v -10.452305 9.822343 -10.991479
v -10.242504 9.715396 -10.885606
v -10.367055 9.717130 -10.902606
v -10.479527 9.715396 -10.958750
v -10.239598 9.580913 -10.856771
v -10.375537 9.580912 -10.875121
v -10.498177 9.580913 -10.936567
v -10.546152 9.822343 -11.169100
v -10.530832 9.829282 -11.277048
v -10.482657 9.822343 -11.374857
v -10.588531 9.715396 -11.165056
v -10.571530 9.717130 -11.289607
v -10.515387 9.715396 -11.402079
v -10.617365 9.580913 -11.162150
v -10.599015 9.580912 -11.298089
v -10.537569 9.580913 -11.420729
v -10.305037 9.822343 -11.468704
v -10.197088 9.829282 -11.453384
v -10.099279 9.822343 -11.405210
v -10.309080 9.715396 -11.511083
v -10.184529 9.717131 -11.494082
v -10.072058 9.715396 -11.437939
v -10.311986 9.580913 -11.539917
v -10.176047 9.580912 -11.521567
v -10.053408 9.580913 -11.460121
v -10.005432 9.822343 -11.227589
v -10.020752 9.829282 -11.119640
v -10.068927 9.822343 -11.021832
v -9.963054 9.715396 -11.231632
v -9.980054 9.717130 -11.107081
v -10.036198 9.715396 -10.994610
v -9.934219 9.580913 -11.234538
v -9.952569 9.580912 -11.098599
v -10.014015 9.580913 -10.975960
vn 0.3333 -0.7006 0.6309
vn -0.6309 -0.7006 0.3333
vn -0.3333 -0.7006 -0.6309
vn 0.6309 -0.7006 -0.3333
vn 0.4671 -0.0201 0.8840
vn -0.8840 -0.0201 0.4671
vn -0.4671 -0.0201 -0.8840
vn 0.8840 -0.0201 -0.4671
vn 0.4672 -0.0046 0.8842
vn -0.8842 -0.0046 0.4672
vn -0.4672 -0.0046 -0.8842
vn 0.8842 -0.0046 -0.4672
vn 0.4694 -0.4735 0.7453
vn -0.8059 -0.5426 0.2368
vn -0.4687 0.4062 -0.7844
vn 0.8417 0.4777 -0.2515
vn 0.3684 -0.0442 0.9286
vn -0.9069 -0.2282 0.3542
vn -0.3753 0.0620 -0.9248
vn 0.9049 0.2465 -0.3470
vn 0.1432 0.6701 0.7283
vn -0.8006 0.5187 0.3001
vn -0.3885 0.6491 -0.6540
vn 0.5552 0.8005 -0.2257
vn -0.6234 -0.7061 -0.3359
vn 0.7262 -0.6814 -0.0909
vn 0.6275 0.6209 0.4698
vn -0.7664 0.6086 0.2057
vn -0.6027 -0.2077 -0.7705
vn 0.7670 -0.0563 -0.6391
vn 0.6055 0.4154 0.6789
vn -0.7937 0.2561 0.5518
vn -0.5622 0.5469 -0.6204
vn 0.4640 0.7070 -0.5338
vn 0.3645 0.7851 0.5008
vn -0.6617 0.6250 0.4142
vn 0.3505 0.6612 0.6633
vn -0.6633 0.6612 0.3505
vn -0.3505 0.6612 -0.6633
vn 0.6633 0.6612 -0.3505
vn 0.4650 -0.0967 0.8800
vn -0.8800 -0.0967 0.4650
vn -0.4650 -0.0967 -0.8800
vn 0.8800 -0.0967 -0.4650
vn 0.4664 0.0582 0.8827
vn -0.8827 0.0582 0.4664
vn -0.4664 0.0582 -0.8827
vn 0.8827 0.0582 -0.4664
vn 0.6284 -0.1853 0.7555
vn -0.8899 -0.2211 0.3990
vn -0.4695 0.0510 -0.8814
vn 0.8849 0.0513 -0.4630
vn 0.7946 0.3439 0.5003
vn -0.9375 0.3451 -0.0450
vn -0.4796 0.0395 -0.8766
vn 0.8913 0.0395 -0.4516
vn 0.4699 0.0521 0.8812
vn -0.8851 0.0528 0.4625
vn -0.4703 0.0270 -0.8821
vn 0.8859 0.0264 -0.4631
vn 0.6286 0.0184 0.7775
vn -0.9451 -0.0072 0.3266
vn -0.2591 -0.5101 -0.8201
vn 0.8211 -0.3861 -0.4205
vn 0.5314 -0.1193 0.8387
vn -0.8969 -0.1104 0.4282
vn -0.7797 0.4510 -0.4345
vn 0.9070 0.4212 0.0028
vn 0.4690 -0.1680 0.8671
vn -0.8743 -0.1637 0.4569
vn -0.4727 -0.1202 -0.8730
vn 0.8793 -0.1276 -0.4589
vn 0.3295 -0.5329 0.7794
vn -0.8294 -0.4700 0.3019
vn 0.6027 -0.6639 0.4427
vn -0.7449 -0.6672 0.0060
vn -0.6281 0.6945 -0.3509
vn 0.7197 0.6915 0.0625
vn 0.3942 -0.1819 0.9009
vn -0.8790 -0.3405 0.3337
vn -0.3555 0.0359 -0.9340
vn 0.9055 0.2117 -0.3679
vn 0.3429 0.0896 0.9351
vn -0.9263 -0.1132 0.3594
vn -0.3729 0.0648 -0.9256
vn 0.8980 0.2685 -0.3487
vn 0.3433 0.0921 0.9347
vn -0.9269 -0.1116 0.3582
vn -0.3723 0.0639 -0.9259
vn 0.8979 0.2677 -0.3494
vn -0.7174 -0.6038 -0.3475
vn 0.7350 -0.6772 -0.0333
vn -0.5970 -0.4531 -0.6621
vn 0.7886 -0.3678 -0.4928
vn 0.5988 0.5130 0.6150
vn -0.7868 0.4186 0.4536
vn -0.6344 -0.0167 -0.7729
vn 0.7306 0.1888 -0.6562
vn 0.5994 0.3203 0.7336
vn -0.7783 0.1046 0.6192
vn 0.4618 0.1511 0.8740
vn -0.8740 0.1511 0.4618
vn -0.4618 0.1511 -0.8740
vn 0.8740 0.1511 -0.4618
vn -0.5024 -0.2146 0.8376
vn -0.2550 -0.2042 0.9451
vn 0.0721 -0.2393 0.9683
vn 0.5542 -0.3103 0.7724
vn 0.4310 -0.3488 0.8322
vn 0.3180 -0.3854 0.8662
vn -0.0881 -0.5437 0.8346
vn -0.2838 -0.4840 0.8277
vn -0.4759 -0.4186 0.7735
vn 0.8898 -0.0712 0.4507
vn 0.9412 0.0181 0.3373
vn 0.9367 0.0981 0.3362
vn 0.9285 0.1551 0.3375
vn 0.9072 -0.0187 0.4202
vn 0.7622 -0.2453 0.5990
vn -0.4619 0.7304 0.5031
vn -0.1736 0.8099 0.5603
vn 0.1304 0.8229 0.5530
vn 0.9519 0.1547 0.2646
vn 0.9531 -0.0433 0.2997
vn 0.9407 -0.2496 0.2298
vn -0.9513 0.1586 -0.2643
vn -0.9801 -0.0019 -0.1985
vn -0.9785 -0.2060 0.0055
vn -0.5277 -0.6734 0.5177
vn -0.2543 -0.7495 0.6113
vn -0.0175 -0.7229 0.6907
vn -0.8273 -0.3814 0.4125
vn -0.8440 -0.3768 0.3817
vn -0.8648 -0.3721 0.3371
vn -0.9606 0.0951 -0.2610
vn -0.9649 0.0080 -0.2626
vn -0.9867 -0.0963 -0.1313
vn 0.3718 0.8467 -0.3806
vn 0.1077 0.8387 -0.5338
vn -0.1720 0.7595 -0.6274
vn -0.7896 0.0463 -0.6119
vn -0.9382 0.0280 -0.3450
vn -0.9952 -0.0326 -0.0925
vn -0.0560 0.0494 -0.9972
vn 0.2946 0.0484 -0.9544
vn 0.6085 0.0496 -0.7920
vn 0.9968 0.0469 -0.0646
vn 0.9727 0.0290 0.2304
vn 0.8882 -0.0270 0.4587
vn -0.6689 0.6174 -0.4140
vn -0.7369 0.6651 -0.1211
vn -0.7263 0.6625 0.1832
vn 0.2850 0.7775 0.5606
vn 0.4291 0.8514 0.3017
vn 0.5224 0.8526 0.0109
vn 0.6164 0.0387 -0.7865
vn 0.2951 0.0382 -0.9547
vn -0.0646 0.0387 -0.9972
vn -0.6428 0.6104 0.4628
vn -0.3904 0.6811 0.6195
vn -0.0991 0.6977 0.7095
vn 0.9089 0.1146 0.4009
vn 0.9747 0.0565 0.2164
vn 0.9975 0.0414 -0.0581
vn -0.7891 0.0415 -0.6129
vn -0.9254 0.0566 -0.3746
vn -0.9757 0.1149 -0.1868
vn 0.8867 0.0490 -0.4598
vn 0.8887 0.0466 -0.4562
vn 0.8904 0.0438 -0.4530
vn -0.4783 0.0435 -0.8771
vn -0.4755 0.0463 -0.8785
vn -0.4724 0.0486 -0.8801
vn -0.1070 -0.7655 -0.6345
vn 0.1790 -0.7945 -0.5802
vn 0.4459 -0.7655 -0.4639
vn 0.8155 -0.1085 0.5685
vn 0.9362 -0.0679 0.3448
vn 0.9834 0.0576 0.1719
vn -0.6345 -0.7655 0.1070
vn -0.5802 -0.7945 -0.1790
vn -0.4639 -0.7655 -0.4459
vn -0.9501 -0.2158 -0.2254
vn -0.9843 -0.0080 -0.1761
vn -0.9577 0.1915 -0.2147
vn 0.2515 -0.9590 -0.1302
vn 0.0218 -0.9857 -0.1674
vn -0.2380 -0.9349 -0.2634
vn 0.5539 -0.0902 0.8277
vn 0.5760 -0.0569 0.8154
vn 0.5989 -0.0199 0.8006
vn 0.8746 0.0010 0.4849
vn 0.9476 -0.0437 0.3164
vn 0.9682 -0.1919 0.1603
vn 0.8672 0.0022 0.4980
vn 0.9606 -0.0809 0.2660
vn 0.9724 -0.2312 -0.0321
vn 0.7335 -0.5765 -0.3601
vn 0.7290 -0.6111 -0.3084
vn 0.7599 -0.6048 -0.2384
vn 0.5459 -0.4200 -0.7250
vn 0.3149 -0.3989 -0.8612
vn 0.0949 -0.4244 -0.9005
vn 0.0669 -0.7127 -0.6983
vn 0.1718 -0.8320 -0.5274
vn 0.2844 -0.8837 -0.3716
vn -0.2812 -0.7139 -0.6413
vn -0.3822 -0.7340 -0.5614
vn -0.5467 -0.6809 -0.4873
vn 0.1070 -0.7655 0.6345
vn -0.1790 -0.7945 0.5802
vn -0.4459 -0.7655 0.4639
vn -0.9938 -0.0928 0.0612
vn -0.9815 -0.0427 -0.1865
vn -0.9319 0.0933 -0.3505
vn -0.6324 -0.1085 0.7670
vn -0.2872 -0.1054 0.9520
vn 0.1104 -0.1121 0.9875
vn -0.9055 -0.0834 0.4160
vn -0.9144 -0.0552 0.4010
vn -0.9255 -0.0272 0.3778
vn -0.6585 0.0028 0.7526
vn -0.2887 -0.0019 0.9574
vn 0.1414 0.0102 0.9899
vn 0.6345 -0.7655 -0.1070
vn 0.5802 -0.7945 0.1790
vn 0.4639 -0.7655 0.4459
vn -0.7259 -0.3223 -0.6076
vn -0.9292 -0.1633 -0.3315
vn -0.9970 -0.0554 -0.0545
vn -0.9992 -0.0357 -0.0201
vn -0.9788 -0.0848 -0.1863
vn -0.9216 -0.2386 -0.3063
vn -0.5560 0.6796 -0.4785
vn -0.7117 0.6684 -0.2160
vn -0.7934 0.6045 0.0712
vn 0.4516 0.8463 0.2826
vn 0.5105 0.8597 -0.0158
vn 0.5091 0.8012 -0.3146
vn 0.2446 0.7332 -0.6345
vn -0.0527 0.7149 -0.6972
vn -0.3477 0.6408 -0.6845
vn 0.4924 0.7305 0.4733
vn 0.6178 0.7629 0.1906
vn 0.6734 0.7305 -0.1135
vn 0.4733 0.7305 -0.4924
vn 0.1906 0.7629 -0.6178
vn -0.1135 0.7305 -0.6734
vn -0.4924 0.7305 -0.4733
vn -0.6178 0.7629 -0.1906
vn -0.6734 0.7305 0.1135
vn -0.4733 0.7305 0.4924
vn -0.1906 0.7629 0.6178
vn 0.1135 0.7305 0.6734
vn 0.4054 -0.4967 0.7674
vn 0.4499 -0.2693 0.8515
vn 0.4630 -0.1333 0.8763
vn 0.0532 -0.0946 0.9941
vn -0.2936 -0.0933 0.9514
vn -0.6041 -0.0946 0.7913
vn -0.8763 -0.1333 0.4630
vn -0.8515 -0.2693 0.4499
vn -0.7674 -0.4967 0.4054
vn -0.9941 -0.0946 0.0532
vn -0.9514 -0.0933 -0.2936
vn -0.7913 -0.0946 -0.6041
vn -0.4630 -0.1333 -0.8763
vn -0.4499 -0.2693 -0.8515
vn -0.4054 -0.4967 -0.7674
vn -0.0532 -0.0946 -0.9941
vn 0.2936 -0.0933 -0.9514
vn 0.6041 -0.0946 -0.7913
vn 0.8763 -0.1333 -0.4630
vn 0.8515 -0.2693 -0.4499
vn 0.7674 -0.4967 -0.4054
vn 0.9941 -0.0946 -0.0532
vn 0.9514 -0.0933 0.2936
vn 0.7913 -0.0946 0.6041
vn 0.4652 -0.0918 0.8804
vn 0.4658 -0.0774 0.8815
vn 0.4665 -0.0537 0.8829
vn 0.0535 -0.0196 0.9984
vn -0.2948 -0.0194 0.9554
vn -0.6068 -0.0196 0.7946
vn -0.8829 -0.0537 0.4665
vn -0.8815 -0.0774 0.4658
vn -0.8804 -0.0918 0.4652
vn -0.9984 -0.0196 0.0535
vn -0.9554 -0.0194 -0.2948
vn -0.7946 -0.0196 -0.6068
vn -0.4665 -0.0537 -0.8829
vn -0.4658 -0.0774 -0.8815
vn -0.4652 -0.0918 -0.8804
vn -0.0535 -0.0196 -0.9984
vn 0.2948 -0.0194 -0.9554
vn 0.6068 -0.0196 -0.7946
vn 0.8829 -0.0537 -0.4665
vn 0.8815 -0.0774 -0.4658
vn 0.8804 -0.0918 -0.4652
vn 0.9984 -0.0196 -0.0535
vn 0.9554 -0.0194 0.2948
vn 0.7946 -0.0196 0.6068
vn 0.4671 0.0138 0.8841
vn 0.4668 0.0381 0.8835
vn 0.4665 0.0531 0.8829
vn 0.0533 0.0569 0.9970
vn -0.2944 0.0561 0.9540
vn -0.6059 0.0569 0.7935
vn -0.8829 0.0531 0.4665
vn -0.8835 0.0381 0.4668
vn -0.8841 0.0138 0.4671
vn -0.9970 0.0569 0.0533
vn -0.9540 0.0561 -0.2944
vn -0.7935 0.0569 -0.6059
vn -0.4665 0.0531 -0.8829
vn -0.4668 0.0381 -0.8835
vn -0.4671 0.0138 -0.8841
vn -0.0533 0.0569 -0.9970
vn 0.2944 0.0561 -0.9540
vn 0.6059 0.0569 -0.7935
vn 0.8829 0.0531 -0.4665
vn 0.8835 0.0381 -0.4668
vn 0.8841 0.0138 -0.4671
vn 0.9970 0.0569 -0.0533
vn 0.9540 0.0561 0.2944
vn 0.7935 0.0569 0.6059
vn 0.4686 0.0415 0.8824
vn 0.4785 -0.0076 0.8781
vn 0.5136 -0.0827 0.8540
vn -0.8852 -0.0801 0.4582
vn -0.8854 -0.0051 0.4648
vn -0.8840 0.0421 0.4655
vn -0.4677 0.0536 -0.8823
vn -0.4668 0.0559 -0.8826
vn -0.4664 0.0576 -0.8827
vn 0.8837 0.0538 -0.4650
vn 0.8830 0.0561 -0.4660
vn 0.8827 0.0577 -0.4663
vn 0.5682 0.2736 0.7760
vn 0.4939 0.1671 0.8533
vn 0.4752 0.0877 0.8755
vn 0.0552 0.0595 0.9967
vn -0.2948 0.0615 0.9536
vn -0.6080 0.0597 0.7917
vn -0.8865 0.0889 0.4541
vn -0.8897 0.1686 0.4242
vn -0.9078 0.2753 0.3162
vn -0.6035 0.6818 0.4136
vn -0.1955 0.7547 0.6262
vn 0.2603 0.6801 0.6854
vn -0.9979 0.0414 0.0494
vn -0.9545 0.0326 -0.2963
vn -0.7954 0.0281 -0.6055
vn -0.4732 0.0271 -0.8805
vn -0.4764 0.0301 -0.8787
vn -0.4788 0.0346 -0.8772
vn -0.0565 0.0270 -0.9980
vn 0.2949 0.0273 -0.9551
vn 0.6094 0.0268 -0.7924
vn 0.8878 0.0264 -0.4596
vn 0.8896 0.0294 -0.4558
vn 0.8910 0.0342 -0.4528
vn 0.9983 0.0270 -0.0511
vn 0.9553 0.0313 0.2939
vn 0.7962 0.0401 0.6037
vn 0.4691 0.0442 0.8820
vn 0.4805 0.0396 0.8761
vn 0.5249 0.0371 0.8504
vn -0.9073 0.0183 0.4201
vn -0.8893 0.0309 0.4563
vn -0.8845 0.0423 0.4646
vn -0.4142 -0.1823 -0.8918
vn -0.4577 -0.0515 -0.8876
vn -0.4689 0.0096 -0.8832
vn 0.8745 -0.1693 -0.4544
vn 0.8850 -0.0486 -0.4631
vn 0.8857 0.0101 -0.4641
vn 0.5099 -0.1437 0.8481
vn 0.4917 -0.1606 0.8558
vn 0.4779 -0.1686 0.8621
vn 0.0594 -0.1617 0.9850
vn -0.2904 -0.1575 0.9438
vn -0.6023 -0.1601 0.7821
vn -0.8769 -0.1621 0.4525
vn -0.8817 -0.1525 0.4464
vn -0.8887 -0.1348 0.4383
vn -0.9863 -0.1566 0.0524
vn -0.9467 -0.1459 -0.2871
vn -0.7930 -0.1340 -0.5943
vn -0.4886 -0.0663 -0.8700
vn -0.5246 0.0567 -0.8495
vn -0.6130 0.2560 -0.7474
vn -0.0607 -0.1047 -0.9926
vn 0.2902 -0.0995 -0.9518
vn 0.6045 -0.1075 -0.7894
vn 0.8882 -0.0790 -0.4526
vn 0.9039 0.0369 -0.4261
vn 0.9223 0.2271 -0.3126
vn 0.5010 0.8060 -0.3151
vn 0.1180 0.8816 -0.4571
vn -0.2772 0.8084 -0.5193
vn 0.9883 -0.1445 -0.0492
vn 0.9443 -0.1559 0.2899
vn 0.7883 -0.1640 0.5930
vn 0.4649 -0.1540 0.8718
vn 0.4646 -0.1223 0.8770
vn 0.4660 -0.0729 0.8818
vn 0.0537 -0.0046 0.9985
vn -0.2949 -0.0045 0.9555
vn -0.6070 -0.0046 0.7947
vn -0.8818 -0.0727 0.4659
vn -0.8778 -0.1213 0.4633
vn -0.8747 -0.1518 0.4602
vn -0.9985 -0.0046 0.0537
vn -0.9555 -0.0045 -0.2949
vn -0.7947 -0.0046 -0.6070
vn -0.4663 -0.0703 -0.8818
vn -0.4655 -0.1115 -0.8780
vn -0.4670 -0.1290 -0.8748
vn -0.0537 -0.0046 -0.9985
vn 0.2949 -0.0045 -0.9555
vn 0.6070 -0.0046 -0.7947
vn 0.8822 -0.0707 -0.4656
vn 0.8790 -0.1132 -0.4632
vn 0.8775 -0.1328 -0.4609
vn 0.9985 -0.0046 -0.0537
vn 0.9555 -0.0045 0.2949
vn 0.7947 -0.0046 0.6070
vn 0.5347 -0.6052 0.5898
vn 0.5969 -0.6314 0.4950
vn 0.6113 -0.6518 0.4488
vn 0.2349 -0.8797 0.4135
vn -0.1013 -0.9387 0.3296
vn -0.4244 -0.8834 0.1989
vn -0.7569 -0.6534 0.0090
vn -0.7801 -0.6235 0.0527
vn -0.8095 -0.5684 0.1471
vn -0.9282 -0.3245 -0.1820
vn -0.9545 0.0064 -0.2980
vn -0.8694 0.3419 -0.3566
vn -0.6486 0.6867 -0.3282
vn -0.6923 0.6704 -0.2670
vn -0.7822 0.6010 -0.1643
vn -0.2755 0.9206 -0.2768
vn 0.0530 0.9814 -0.1842
vn 0.3812 0.9211 -0.0793
vn 0.7214 0.6854 0.0995
vn 0.7206 0.6698 0.1792
vn 0.7343 0.6001 0.3173
vn 0.9203 0.3341 0.2037
vn 0.9512 -0.0005 0.3085
vn 0.8594 -0.3266 0.3933
vn 0.5833 -0.6604 0.4729
vn 0.5549 -0.6352 0.5372
vn 0.5172 -0.5771 0.6320
vn 0.0905 -0.6361 0.7663
vn -0.2302 -0.6915 0.6848
vn -0.5258 -0.6711 0.5227
vn -0.7732 -0.6153 0.1536
vn -0.7518 -0.6541 0.0831
vn -0.7429 -0.6686 0.0332
vn -0.9442 -0.3113 -0.1080
vn -0.9199 -0.0775 -0.3844
vn -0.7750 0.1577 -0.6120
vn -0.5383 0.5769 -0.6143
vn -0.5838 0.6639 -0.4673
vn -0.6120 0.6935 -0.3802
vn -0.0741 0.5768 -0.8135
vn 0.2564 0.6348 -0.7289
vn 0.5592 0.6139 -0.5571
vn 0.7899 0.5973 -0.1388
vn 0.7470 0.6637 -0.0388
vn 0.7242 0.6890 0.0292
vn 0.9642 0.2470 0.0963
vn 0.9298 0.0148 0.3679
vn 0.7777 -0.2238 0.5875
vn 0.4283 -0.3524 0.8321
vn 0.4046 -0.2618 0.8762
vn 0.3948 -0.2056 0.8955
vn -0.0123 -0.2914 0.9565
vn -0.3424 -0.3476 0.8729
vn -0.6314 -0.3676 0.6828
vn -0.8730 -0.3552 0.3342
vn -0.8601 -0.3931 0.3250
vn -0.8388 -0.4564 0.2969
vn -0.9618 -0.2602 -0.0846
vn -0.8900 -0.1709 -0.4227
vn -0.7014 -0.0762 -0.7087
vn -0.3495 0.0428 -0.9359
vn -0.3582 0.0986 -0.9284
vn -0.3950 0.2193 -0.8922
vn 0.0503 0.1322 -0.9899
vn 0.3763 0.1892 -0.9070
vn 0.6608 0.2203 -0.7175
vn 0.9013 0.2191 -0.3737
vn 0.8917 0.2620 -0.3691
vn 0.8745 0.3494 -0.3365
vn 0.9871 0.1506 0.0534
vn 0.9174 0.0640 0.3928
vn 0.7344 -0.0454 0.6772
vn 0.3932 -0.1680 0.9040
vn 0.3884 -0.1411 0.9106
vn 0.3802 -0.1002 0.9195
vn -0.0443 -0.1386 0.9894
vn -0.3789 -0.1962 0.9044
vn -0.6674 -0.2285 0.7087
vn -0.8966 -0.2760 0.3464
vn -0.8881 -0.3099 0.3396
vn -0.8822 -0.3311 0.3349
vn -0.9805 -0.1846 -0.0668
vn -0.9063 -0.1218 -0.4046
vn -0.7206 -0.0427 -0.6920
vn -0.3740 0.0594 -0.9255
vn -0.3711 0.0545 -0.9270
vn -0.3655 0.0469 -0.9296
vn 0.0397 0.1566 -0.9869
vn 0.3758 0.2143 -0.9016
vn 0.6653 0.2468 -0.7046
vn 0.9066 0.2362 -0.3496
vn 0.9076 0.2273 -0.3531
vn 0.9073 0.2193 -0.3587
vn 0.9766 0.2020 0.0737
vn 0.9012 0.1389 0.4106
vn 0.7142 0.0599 0.6973
vn 0.3569 0.0123 0.9341
vn 0.3487 0.0536 0.9357
vn 0.3440 0.0797 0.9356
vn -0.0717 0.0067 0.9974
vn -0.4055 -0.0517 0.9126
vn -0.6917 -0.0923 0.7163
vn -0.9248 -0.1214 0.3605
vn -0.9215 -0.1439 0.3607
vn -0.9159 -0.1796 0.3590
vn -0.9927 -0.1024 -0.0633
vn -0.9128 -0.0687 -0.4025
vn -0.7223 -0.0154 -0.6914
vn -0.3737 0.0648 -0.9253
vn -0.3744 0.0643 -0.9250
vn -0.3750 0.0634 -0.9249
vn 0.0432 0.1440 -0.9886
vn 0.3781 0.2003 -0.9038
vn 0.6643 0.2435 -0.7067
vn 0.8987 0.2673 -0.3476
vn 0.9002 0.2632 -0.3469
vn 0.9023 0.2563 -0.3466
vn 0.9642 0.2547 0.0742
vn 0.8840 0.2188 0.4131
vn 0.6927 0.1671 0.7016
vn 0.3432 0.0906 0.9349
vn 0.3433 0.0914 0.9348
vn 0.3433 0.0919 0.9347
vn -0.0719 0.0096 0.9974
vn -0.4062 -0.0489 0.9125
vn -0.6926 -0.0900 0.7157
vn -0.9269 -0.1118 0.3583
vn -0.9268 -0.1121 0.3584
vn -0.9266 -0.1126 0.3587
vn -0.9927 -0.1018 -0.0645
vn -0.9124 -0.0689 -0.4035
vn -0.7217 -0.0160 -0.6920
vn -0.3724 0.0640 -0.9259
vn -0.3724 0.0642 -0.9258
vn -0.3726 0.0645 -0.9258
vn 0.0435 0.1430 -0.9888
vn 0.3783 0.1994 -0.9040
vn 0.6642 0.2426 -0.7071
vn 0.8979 0.2679 -0.3493
vn 0.8979 0.2682 -0.3491
vn 0.9643 0.2544 0.0731
vn 0.8844 0.2194 0.4120
vn 0.6933 0.1686 0.7006
vn 0.3351 0.1291 0.9333
vn 0.3015 0.2607 0.9171
vn 0.2308 0.4745 0.8495
vn -0.8935 0.2941 0.3392
vn -0.9318 0.0629 0.3575
vn -0.9304 -0.0739 0.3590
vn -0.4026 0.4495 -0.7974
vn -0.3934 0.2333 -0.8893
vn -0.3779 0.1010 -0.9203
vn 0.7217 0.6299 -0.2871
vn 0.8399 0.4311 -0.3296
vn 0.8876 0.3040 -0.3460
vn -0.6732 -0.7031 -0.2289
vn -0.6553 -0.7282 -0.2008
vn -0.6396 -0.7330 -0.2316
vn -0.2511 -0.8962 -0.3658
vn 0.0817 -0.9398 -0.3319
vn 0.4013 -0.8819 -0.2474
vn 0.6917 -0.7211 0.0397
vn 0.6789 -0.7284 0.0921
vn 0.6816 -0.7270 0.0826
vn 0.9277 -0.3603 0.0982
vn 0.9667 -0.0438 0.2520
vn 0.8825 0.2786 0.3789
vn 0.6372 0.6537 0.4082
vn 0.6625 0.6734 0.3280
vn 0.7328 0.6470 0.2108
vn 0.2489 0.8438 0.4755
vn -0.0951 0.8995 0.4265
vn -0.4276 0.8357 0.3446
vn -0.7482 0.6538 0.1124
vn -0.7337 0.6795 0.0090
vn -0.7365 0.6611 -0.1433
vn -0.9638 0.2642 0.0366
vn -0.9924 -0.0618 -0.1064
vn -0.8937 -0.3835 -0.2329
vn -0.6084 -0.6378 -0.4724
vn -0.5968 -0.5557 -0.5787
vn -0.5931 -0.4866 -0.6415
vn -0.2076 -0.5742 -0.7920
vn 0.1370 -0.5912 -0.7948
vn 0.4639 -0.5323 -0.7081
vn 0.7851 -0.4102 -0.4640
vn 0.7790 -0.4948 -0.3852
vn 0.7617 -0.5956 -0.2551
vn 0.9737 -0.1285 -0.1883
vn 0.9915 0.0941 0.0895
vn 0.8824 0.3079 0.3557
vn 0.6051 0.5166 0.6058
vn 0.6121 0.5452 0.5728
vn 0.6199 0.5841 0.5240
vn 0.2085 0.6213 0.7553
vn -0.1361 0.6304 0.7642
vn -0.4625 0.5729 0.6767
vn -0.7896 0.4250 0.4427
vn -0.7886 0.4770 0.3880
vn -0.7810 0.5469 0.3016
vn -0.9719 0.1892 0.1403
vn -0.9894 -0.0281 -0.1426
vn -0.8800 -0.2414 -0.4091
vn -0.5975 -0.4317 -0.6757
vn -0.5978 -0.3826 -0.7045
vn -0.5994 -0.3057 -0.7398
vn -0.2212 -0.2461 -0.9437
vn 0.1199 -0.2308 -0.9656
vn 0.4449 -0.1726 -0.8788
vn 0.7819 -0.1783 -0.5973
vn 0.7882 -0.2750 -0.5506
vn 0.7894 -0.3382 -0.5124
vn 0.9541 0.0879 -0.2864
vn 0.9767 0.2107 0.0416
vn 0.8761 0.3213 0.3595
vn 0.6029 0.4614 0.6509
vn 0.6013 0.4950 0.6272
vn 0.6005 0.5127 0.6136
vn 0.2177 0.4450 0.8686
vn -0.1312 0.4231 0.8965
vn -0.4644 0.3665 0.8062
vn -0.7933 0.3351 0.5084
vn -0.7904 0.3921 0.4706
vn -0.7880 0.4209 0.4493
vn -0.9751 0.1129 0.1907
vn -0.9902 -0.0086 -0.1393
vn -0.8815 -0.1156 -0.4579
vn -0.6097 -0.1197 -0.7836
vn -0.6178 -0.0639 -0.7837
vn -0.6264 -0.0310 -0.7789
vn -0.2600 0.0097 -0.9656
vn 0.0790 0.0508 -0.9956
vn 0.4045 0.1090 -0.9080
vn 0.7311 0.1681 -0.6612
vn 0.7372 0.1246 -0.6641
vn 0.7494 0.0535 -0.6600
vn 0.9231 0.2568 -0.2863
vn 0.9525 0.2988 0.0580
vn 0.8602 0.3234 0.3943
vn 0.6019 0.3273 0.7284
vn 0.6034 0.3442 0.7193
vn 0.6044 0.3724 0.7042
vn 0.2252 0.2774 0.9340
vn -0.1168 0.2260 0.9671
vn -0.4474 0.1713 0.8778
vn -0.7805 0.1137 0.6148
vn -0.7839 0.1392 0.6051
vn -0.7886 0.1842 0.5867
vn -0.9692 0.0400 0.2429
vn -0.9946 0.0003 -0.1040
vn -0.8981 -0.0198 -0.4394
vn -0.6402 0.0188 -0.7680
vn -0.6416 0.1383 -0.7545
vn -0.6185 0.3449 -0.7061
vn 0.5927 0.5326 -0.6041
vn 0.6857 0.3421 -0.6425
vn 0.7234 0.2264 -0.6523
vn 0.4733 0.6298 0.6158
vn 0.5545 0.4561 0.6960
vn 0.5902 0.3490 0.7279
vn -0.7355 0.4417 0.5138
vn -0.7721 0.2498 0.5843
vn -0.7781 0.1355 0.6133
vn 0.4662 0.0631 0.8824
vn 0.4643 0.1111 0.8787
vn 0.4625 0.1407 0.8754
vn 0.0528 0.1478 0.9876
vn -0.2917 0.1458 0.9453
vn -0.6002 0.1478 0.7861
vn -0.8754 0.1407 0.4625
vn -0.8787 0.1111 0.4643
vn -0.8824 0.0631 0.4662
vn -0.9876 0.1478 0.0528
vn -0.9453 0.1458 -0.2917
vn -0.7861 0.1478 -0.6002
vn -0.4625 0.1407 -0.8754
vn -0.4643 0.1111 -0.8787
vn -0.4662 0.0631 -0.8824
vn -0.0528 0.1478 -0.9876
vn 0.2917 0.1458 -0.9453
vn 0.6002 0.1478 -0.7861
vn 0.8754 0.1407 -0.4625
vn 0.8787 0.1111 -0.4643
vn 0.8824 0.0631 -0.4662
vn 0.9876 0.1478 -0.0528
vn 0.9453 0.1458 0.2917
vn 0.7861 0.1478 0.6002
vn 0.4593 0.1824 0.8693
vn 0.4464 0.2949 0.8448
vn 0.4092 0.4825 0.7744
vn -0.7744 0.4825 0.4092
vn -0.8448 0.2949 0.4464
vn -0.8693 0.1824 0.4593
vn -0.4092 0.4825 -0.7744
vn -0.4464 0.2949 -0.8448
vn -0.4593 0.1824 -0.8693
vn 0.7744 0.4825 -0.4092
vn 0.8448 0.2949 -0.4464
vn 0.8693 0.1824 -0.4593
vn -0.1672 -0.4180 0.8929
vn -0.3891 -0.3444 0.8544
vn -0.2121 -0.3463 0.9138
vn 0.1035 -0.3895 0.9152
vn 0.0474 -0.4309 0.9011
vn -0.0416 -0.4592 0.8874
vn -0.2522 -0.4280 0.8679
vn 0.8687 -0.0561 0.4922
vn 0.8395 -0.1427 0.5243
vn 0.9282 -0.0099 0.3719
vn 0.9380 0.0684 0.3399
vn 0.8770 -0.0309 0.4795
vn 0.6819 -0.1973 0.7044
vn 0.7399 -0.1767 0.6491
vn 0.9670 -0.1697 0.1899
vn 0.9185 -0.0205 0.3949
vn 0.9621 -0.1473 0.2296
vn 0.9311 -0.3635 -0.0301
vn 0.9369 -0.3496 -0.0023
vn 0.9667 -0.2488 0.0597
vn 0.9616 -0.0635 0.2671
vn -0.3659 -0.5504 0.7505
vn -0.5481 -0.5417 0.6373
vn -0.5444 -0.5050 0.6698
vn -0.5075 -0.4956 0.7049
vn -0.3100 -0.5387 0.7834
vn -0.1723 -0.6117 0.7721
vn -0.3216 -0.6153 0.7197
vn -0.9876 -0.0536 -0.1477
vn -0.9805 -0.1746 0.0902
vn -0.9877 -0.0203 -0.1550
vn -0.9592 0.0680 -0.2744
vn -0.9683 -0.0185 -0.2491
vn -0.9832 -0.1638 -0.0802
vn -0.9838 -0.1756 0.0372
vn -0.9988 -0.0332 0.0350
vn -0.9969 -0.0478 0.0624
vn -0.9954 -0.0674 0.0676
vn -0.9884 -0.0576 -0.1407
vn -0.9920 -0.0358 -0.1210
vn -0.9898 -0.0253 -0.1403
vn -0.9678 -0.1178 -0.2226
vn -0.9817 -0.0178 -0.1895
vn -0.9695 0.0686 -0.2353
vn 0.8218 -0.0802 0.5642
vn 0.8322 -0.0541 0.5519
vn 0.8506 -0.0268 0.5251
vn 0.9261 -0.0471 0.3743
vn 0.9235 -0.0512 0.3801
vn 0.9332 -0.0580 0.3545
vn 0.9617 0.0365 0.2716
vn 0.9519 -0.0452 0.3031
vn 0.9573 -0.1361 0.2549
vn -0.7836 0.0441 -0.6197
vn -0.7813 0.0438 -0.6227
vn -0.7845 0.0435 -0.6186
vn -0.9144 0.0506 -0.4017
vn -0.9126 0.0372 -0.4071
vn -0.9238 0.0259 -0.3820
vn -0.9619 0.0699 -0.2642
vn -0.9590 0.0251 -0.2824
vn -0.9776 -0.0202 -0.2093
vn 0.9900 -0.1303 -0.0535
vn 0.9476 -0.1282 0.2924
vn 0.7877 -0.1303 0.6021
vn 0.9632 -0.2627 -0.0571
vn 0.9234 -0.2571 0.2850
vn 0.7635 -0.2627 0.5900
vn 0.8625 -0.5017 -0.0660
vn 0.8235 -0.5072 0.2541
vn 0.6753 -0.5017 0.5406
vn -0.0535 -0.1303 -0.9900
vn 0.2924 -0.1282 -0.9476
vn 0.6021 -0.1303 -0.7877
vn -0.0571 -0.2627 -0.9632
vn 0.2850 -0.2571 -0.9234
vn 0.5900 -0.2627 -0.7635
vn -0.0660 -0.5017 -0.8625
vn 0.2541 -0.5072 -0.8235
vn 0.5406 -0.5017 -0.6753
vn -0.9900 -0.1303 0.0535
vn -0.9476 -0.1282 -0.2924
vn -0.7877 -0.1303 -0.6021
vn -0.9632 -0.2627 0.0571
vn -0.9234 -0.2571 -0.2850
vn -0.7635 -0.2627 -0.5900
vn -0.8625 -0.5017 0.0660
vn -0.8235 -0.5072 -0.2541
vn -0.6753 -0.5017 -0.5406
vn 0.0535 -0.1303 0.9900
vn -0.2924 -0.1282 0.9476
vn -0.6021 -0.1303 0.7877
vn 0.0571 -0.2627 0.9632
vn -0.2850 -0.2571 0.9234
vn -0.5900 -0.2627 0.7635
vn 0.0660 -0.5017 0.8625
vn -0.2541 -0.5072 0.8235
vn -0.5406 -0.5017 0.6753
vn 0.2792 -0.7340 -0.6191
vn 0.4669 -0.6399 -0.6103
vn 0.2943 -0.6242 -0.7237
vn 0.1705 -0.6471 -0.7431
vn 0.2233 -0.7766 -0.5891
vn 0.3437 -0.8082 -0.4783
vn 0.4052 -0.7440 -0.5313
vn 0.0482 -0.9032 -0.4265
vn -0.0005 -0.8012 -0.5983
vn -0.0787 -0.8563 -0.5104
vn -0.1786 -0.8903 -0.4189
vn 0.0412 -0.9518 -0.3039
vn 0.1863 -0.9391 -0.2888
vn 0.1185 -0.8797 -0.4605
vn 0.3925 0.8960 -0.2074
vn 0.0952 0.9465 -0.3084
vn -0.2074 0.8960 -0.3925
vn 0.3084 0.9465 0.0952
vn -0.0000 1.0000 -0.0000
vn -0.3084 0.9465 -0.0952
vn 0.2074 0.8960 0.3925
vn -0.0952 0.9465 0.3084
vn -0.3925 0.8960 0.2074
vn 0.9965 0.0449 -0.0711
vn 0.9963 0.0450 -0.0731
vn 0.9967 0.0447 -0.0673
vn 0.9802 0.0305 0.1955
vn 0.9834 0.0411 0.1765
vn 0.9810 0.0520 0.1868
vn 0.9321 -0.0070 0.3621
vn 0.9512 0.0327 0.3068
vn 0.9416 0.0725 0.3287
vn -0.4614 0.8649 0.1976
vn -0.1688 0.9593 0.2264
vn 0.1393 0.9586 0.2483
vn -0.4468 0.8878 -0.1100
vn -0.1463 0.9853 -0.0885
vn 0.1690 0.9839 -0.0580
vn -0.4032 0.8192 -0.4079
vn -0.1091 0.9124 -0.3944
vn 0.1975 0.9129 -0.3572
vn 0.2204 0.9703 -0.0995
vn -0.0551 0.9734 -0.2225
vn -0.3169 0.8841 -0.3433
vn 0.0983 0.9794 0.1763
vn -0.1826 0.9816 0.0553
vn -0.4464 0.8920 -0.0708
vn -0.0142 0.8961 0.4437
vn -0.2929 0.8981 0.3281
vn -0.5515 0.8099 0.1998
vn -0.8681 -0.3440 -0.3579
vn -0.6481 -0.5357 -0.5413
vn -0.8932 -0.2909 -0.3429
vn -0.9830 -0.1096 -0.1471
vn -0.9493 -0.1773 -0.2595
vn -0.8273 -0.3839 -0.4102
vn -0.7026 -0.5249 -0.4804
vn 0.1861 -0.9172 0.3522
vn -0.0838 -0.9588 0.2716
vn -0.3522 -0.9172 0.1861
vn 0.2716 -0.9588 0.0838
vn -0.0000 -1.0000 -0.0000
vn -0.2716 -0.9588 -0.0838
vn 0.3522 -0.9172 -0.1861
vn 0.0838 -0.9588 -0.2716
vn -0.1861 -0.9172 -0.3522
vn -0.6445 -0.0833 0.7601
vn -0.6550 -0.0590 0.7533
vn -0.6626 -0.0333 0.7482
vn -0.2862 -0.0813 0.9547
vn -0.2858 -0.0595 0.9564
vn -0.2867 -0.0354 0.9574
vn 0.1301 -0.0861 0.9878
vn 0.1464 -0.0592 0.9874
vn 0.1545 -0.0298 0.9876
vn -0.0635 0.0423 -0.9971
vn 0.2950 0.0415 -0.9546
vn 0.6153 0.0425 -0.7871
vn -0.0611 0.0448 -0.9971
vn 0.2949 0.0438 -0.9545
vn 0.6131 0.0450 -0.7887
vn -0.0584 0.0470 -0.9972
vn 0.2947 0.0459 -0.9545
vn 0.6106 0.0472 -0.7905
vn 0.0534 -0.0525 0.9972
vn -0.2945 -0.0518 0.9543
vn -0.6061 -0.0525 0.7937
vn 0.0533 -0.0757 0.9957
vn -0.2940 -0.0747 0.9529
vn -0.6052 -0.0757 0.7925
vn 0.0532 -0.0898 0.9945
vn -0.2937 -0.0886 0.9518
vn -0.6044 -0.0898 0.7916
vn -0.9972 -0.0525 0.0534
vn -0.9543 -0.0518 -0.2945
vn -0.7937 -0.0525 -0.6061
vn -0.9957 -0.0757 0.0533
vn -0.9529 -0.0747 -0.2940
vn -0.7925 -0.0757 -0.6052
vn -0.9945 -0.0898 0.0532
vn -0.9518 -0.0886 -0.2937
vn -0.7916 -0.0898 -0.6044
vn -0.0534 -0.0525 -0.9972
vn 0.2945 -0.0518 -0.9543
vn 0.6061 -0.0525 -0.7937
vn -0.0533 -0.0757 -0.9957
vn 0.2940 -0.0747 -0.9529
vn 0.6052 -0.0757 -0.7925
vn -0.0532 -0.0898 -0.9945
vn 0.2937 -0.0886 -0.9518
vn 0.6044 -0.0898 -0.7916
vn 0.9972 -0.0525 -0.0534
vn 0.9543 -0.0518 0.2945
vn 0.7937 -0.0525 0.6061
vn 0.9957 -0.0757 -0.0533
vn 0.9529 -0.0747 0.2940
vn 0.7925 -0.0757 0.6052
vn 0.9945 -0.0898 -0.0532
vn 0.9518 -0.0886 0.2937
vn 0.7916 -0.0898 0.6044
vn 0.0534 0.0519 0.9972
vn -0.2945 0.0512 0.9543
vn -0.6061 0.0519 0.7937
vn 0.0535 0.0373 0.9979
vn -0.2947 0.0368 0.9549
vn -0.6065 0.0373 0.7942
vn 0.0535 0.0135 0.9985
vn -0.2948 0.0133 0.9555
vn -0.6069 0.0135 0.7947
vn -0.9972 0.0519 0.0534
vn -0.9543 0.0512 -0.2945
vn -0.7937 0.0519 -0.6061
vn -0.9979 0.0373 0.0535
vn -0.9549 0.0368 -0.2947
vn -0.7942 0.0373 -0.6065
vn -0.9985 0.0135 0.0535
vn -0.9555 0.0133 -0.2948
vn -0.7947 0.0135 -0.6069
vn -0.0534 0.0519 -0.9972
vn 0.2945 0.0512 -0.9543
vn 0.6061 0.0519 -0.7937
vn -0.0535 0.0373 -0.9979
vn 0.2947 0.0368 -0.9549
vn 0.6065 0.0373 -0.7942
vn -0.0535 0.0135 -0.9985
vn 0.2948 0.0133 -0.9555
vn 0.6069 0.0135 -0.7947
vn 0.9972 0.0519 -0.0534
vn 0.9543 0.0512 0.2945
vn 0.7937 0.0519 0.6061
vn 0.9979 0.0373 -0.0535
vn 0.9549 0.0368 0.2947
vn 0.7942 0.0373 0.6065
vn 0.9985 0.0135 -0.0535
vn 0.9555 0.0133 0.2948
vn 0.7947 0.0135 0.6069
vn 0.0497 -0.0972 0.9940
vn -0.2763 -0.0798 0.9578
vn -0.5584 -0.0953 0.8241
vn 0.0487 -0.0106 0.9988
vn -0.2887 -0.0043 0.9574
vn -0.5920 -0.0107 0.8059
vn 0.0518 0.0401 0.9979
vn -0.2941 0.0414 0.9549
vn -0.6041 0.0403 0.7959
vn -0.9999 -0.0084 -0.0057
vn -0.9474 0.0367 -0.3178
vn -0.7925 0.0507 -0.6078
vn -0.9991 0.0233 0.0352
vn -0.9519 0.0459 -0.3030
vn -0.7933 0.0541 -0.6064
vn -0.9976 0.0480 0.0495
vn -0.9536 0.0534 -0.2961
vn -0.7935 0.0562 -0.6060
vn -0.0544 0.0521 -0.9972
vn 0.2945 0.0511 -0.9543
vn 0.6070 0.0522 -0.7930
vn -0.0537 0.0546 -0.9971
vn 0.2945 0.0537 -0.9542
vn 0.6062 0.0546 -0.7934
vn -0.0534 0.0563 -0.9970
vn 0.2944 0.0555 -0.9541
vn 0.6059 0.0563 -0.7935
vn 0.9970 0.0502 -0.0588
vn 0.9645 0.0338 0.2619
vn 0.8399 -0.0140 0.5426
vn 0.9970 0.0535 -0.0552
vn 0.9582 0.0432 0.2827
vn 0.8088 0.0190 0.5877
vn 0.9970 0.0560 -0.0537
vn 0.9549 0.0527 0.2923
vn 0.7966 0.0469 0.6027
vn 0.0554 0.1036 0.9931
vn -0.2942 0.1062 0.9498
vn -0.6068 0.1039 0.7880
vn 0.0602 0.2047 0.9770
vn -0.2900 0.2094 0.9338
vn -0.6027 0.2051 0.7711
vn 0.1070 0.3809 0.9184
vn -0.2719 0.4045 0.8732
vn -0.6093 0.3817 0.6950
vn -0.9974 0.0599 0.0394
vn -0.9531 0.0383 -0.3002
vn -0.7961 0.0290 -0.6044
vn -0.9951 0.0982 0.0055
vn -0.9478 0.0500 -0.3151
vn -0.7958 0.0325 -0.6047
vn -0.9885 0.1305 -0.0770
vn -0.9379 0.0577 -0.3422
vn -0.7935 0.0371 -0.6074
vn -0.0590 0.0273 -0.9979
vn 0.2950 0.0277 -0.9551
vn 0.6116 0.0270 -0.7907
vn -0.0617 0.0301 -0.9976
vn 0.2951 0.0304 -0.9550
vn 0.6140 0.0299 -0.7887
vn -0.0639 0.0343 -0.9974
vn 0.2951 0.0342 -0.9549
vn 0.6158 0.0341 -0.7871
vn 0.9984 0.0277 -0.0491
vn 0.9562 0.0366 0.2906
vn 0.8011 0.0582 0.5957
vn 0.9983 0.0314 -0.0486
vn 0.9599 0.0483 0.2763
vn 0.8177 0.0962 0.5675
vn 0.9980 0.0364 -0.0514
vn 0.9667 0.0565 0.2495
vn 0.8580 0.1287 0.4973
vn 0.1016 0.0405 0.9940
vn -0.2910 0.0307 0.9562
vn -0.6357 0.0327 0.7713
vn 0.0665 0.0462 0.9967
vn -0.2932 0.0443 0.9550
vn -0.6140 0.0420 0.7882
vn 0.0558 0.0493 0.9972
vn -0.2945 0.0497 0.9544
vn -0.6079 0.0483 0.7926
vn -0.9999 -0.0156 0.0047
vn -0.9451 -0.0520 -0.3228
vn -0.7766 -0.1111 -0.6201
vn -0.9992 0.0137 0.0381
vn -0.9523 0.0006 -0.3053
vn -0.7928 -0.0211 -0.6091
vn -0.9982 0.0322 0.0504
vn -0.9549 0.0245 -0.2959
vn -0.7959 0.0170 -0.6052
vn 0.0206 -0.1963 -0.9803
vn 0.3163 -0.1789 -0.9316
vn 0.5930 -0.1884 -0.7829
vn -0.0319 -0.0610 -0.9976
vn 0.3043 -0.0550 -0.9510
vn 0.6051 -0.0566 -0.7941
vn -0.0521 0.0073 -0.9986
vn 0.2960 0.0087 -0.9552
vn 0.6077 0.0082 -0.7941
vn 0.9948 -0.0930 -0.0420
vn 0.9597 -0.0240 0.2801
vn 0.8261 0.0126 0.5634
vn 0.9987 -0.0194 -0.0477
vn 0.9569 0.0075 0.2902
vn 0.8036 0.0243 0.5947
vn 0.9986 0.0169 -0.0502
vn 0.9552 0.0254 0.2949
vn 0.7959 0.0342 0.6045
vn 0.0665 -0.1610 0.9847
vn -0.2897 -0.1556 0.9444
vn -0.6059 -0.1585 0.7796
vn 0.0773 -0.1523 0.9853
vn -0.2890 -0.1460 0.9461
vn -0.6121 -0.1491 0.7766
vn 0.0920 -0.1356 0.9865
vn -0.2882 -0.1288 0.9489
vn -0.6211 -0.1320 0.7726
vn -0.9869 -0.1526 0.0518
vn -0.9503 -0.1340 -0.2809
vn -0.8046 -0.1046 -0.5846
vn -0.9888 -0.1402 0.0522
vn -0.9584 -0.1084 -0.2641
vn -0.8310 -0.0425 -0.5546
vn -0.9913 -0.1196 0.0549
vn -0.9697 -0.0755 -0.2323
vn -0.8776 0.0384 -0.4778
vn -0.0697 -0.0353 -0.9969
vn 0.2876 -0.0269 -0.9574
vn 0.6087 -0.0397 -0.7924
vn -0.0901 0.1300 -0.9874
vn 0.2776 0.1481 -0.9492
vn 0.6110 0.1246 -0.7817
vn -0.1578 0.4414 -0.8833
vn 0.2349 0.4898 -0.8396
vn 0.5992 0.4355 -0.6718
vn 0.9917 -0.1223 -0.0409
vn 0.9451 -0.1499 0.2902
vn 0.7928 -0.1639 0.5871
vn 0.9975 -0.0690 -0.0128
vn 0.9458 -0.1302 0.2975
vn 0.7999 -0.1546 0.5799
vn 0.9984 0.0039 0.0572
vn 0.9436 -0.1008 0.3155
vn 0.8082 -0.1356 0.5731
vn 0.0536 -0.0713 0.9960
vn -0.2941 -0.0702 0.9532
vn -0.6055 -0.0712 0.7927
vn 0.0539 -0.1191 0.9914
vn -0.2928 -0.1170 0.9490
vn -0.6030 -0.1187 0.7889
vn 0.0556 -0.1493 0.9872
vn -0.2914 -0.1463 0.9454
vn -0.6014 -0.1485 0.7850
vn -0.9960 -0.0710 0.0536
vn -0.9533 -0.0695 -0.2939
vn -0.7930 -0.0697 -0.6052
vn -0.9916 -0.1179 0.0533
vn -0.9495 -0.1143 -0.2922
vn -0.7905 -0.1128 -0.6020
vn -0.9878 -0.1467 0.0529
vn -0.9467 -0.1401 -0.2899
vn -0.7898 -0.1348 -0.5983
vn -0.0537 -0.0681 -0.9962
vn 0.2942 -0.0670 -0.9534
vn 0.6057 -0.0683 -0.7927
vn -0.0542 -0.1064 -0.9928
vn 0.2930 -0.1042 -0.9504
vn 0.6038 -0.1070 -0.7899
vn -0.0562 -0.1197 -0.9912
vn 0.2916 -0.1161 -0.9495
vn 0.6030 -0.1211 -0.7885
vn 0.9961 -0.0703 -0.0531
vn 0.9531 -0.0701 0.2943
vn 0.7927 -0.0714 0.6054
vn 0.9920 -0.1151 -0.0523
vn 0.9490 -0.1166 0.2930
vn 0.7894 -0.1196 0.6021
vn 0.9888 -0.1402 -0.0511
vn 0.9455 -0.1454 0.2914
vn 0.7873 -0.1506 0.5978
vn 0.2369 -0.8752 0.4217
vn -0.1062 -0.9360 0.3355
vn -0.4353 -0.8770 0.2036
vn 0.2067 -0.8561 0.4737
vn -0.1334 -0.9143 0.3825
vn -0.4587 -0.8518 0.2533
vn 0.1216 -0.8137 0.5684
vn -0.1842 -0.8613 0.4734
vn -0.4922 -0.7937 0.3575
vn -0.9329 -0.3118 -0.1799
vn -0.9560 0.0073 -0.2934
vn -0.8783 0.3314 -0.3447
vn -0.9449 -0.2894 -0.1534
vn -0.9622 0.0060 -0.2723
vn -0.8992 0.3092 -0.3097
vn -0.9620 -0.2555 -0.0963
vn -0.9706 0.0020 -0.2407
vn -0.9299 0.2602 -0.2599
vn -0.2957 0.9238 -0.2434
vn 0.0425 0.9889 -0.1424
vn 0.3803 0.9242 -0.0344
vn -0.3429 0.9263 -0.1563
vn 0.0114 0.9992 -0.0391
vn 0.3698 0.9266 0.0678
vn -0.4578 0.8887 0.0271
vn -0.0645 0.9766 0.2053
vn 0.3594 0.8881 0.2865
vn 0.9186 0.3270 0.2218
vn 0.9502 0.0026 0.3116
vn 0.8641 -0.3137 0.3935
vn 0.9149 0.3049 0.2646
vn 0.9439 -0.0029 0.3303
vn 0.8588 -0.2986 0.4162
vn 0.9103 0.2554 0.3259
vn 0.9310 -0.0142 0.3647
vn 0.8327 -0.2839 0.4753
vn 0.1460 -0.7599 0.6334
vn -0.1747 -0.8155 0.5517
vn -0.4765 -0.7812 0.4034
vn 0.1883 -0.8316 0.5224
vn -0.1343 -0.8877 0.4404
vn -0.4423 -0.8441 0.3029
vn 0.2176 -0.8674 0.4475
vn -0.1103 -0.9246 0.3646
vn -0.4255 -0.8744 0.2333
vn -0.9355 -0.3270 -0.1335
vn -0.9358 -0.0352 -0.3508
vn -0.8167 0.2628 -0.5138
vn -0.9304 -0.3323 -0.1549
vn -0.9469 -0.0088 -0.3213
vn -0.8445 0.3215 -0.4283
vn -0.9282 -0.3306 -0.1708
vn -0.9531 0.0033 -0.3028
vn -0.8614 0.3426 -0.3751
vn -0.1626 0.7821 -0.6016
vn 0.1653 0.8397 -0.5173
vn 0.4793 0.7924 -0.3774
vn -0.2237 0.8800 -0.4191
vn 0.0980 0.9373 -0.3346
vn 0.4166 0.8818 -0.2209
vn -0.2587 0.9138 -0.3131
vn 0.0634 0.9721 -0.2257
vn 0.3860 0.9144 -0.1222
vn 0.9474 0.2915 0.1318
vn 0.9389 -0.0001 0.3442
vn 0.8076 -0.2868 0.5153
vn 0.9329 0.3199 0.1653
vn 0.9454 -0.0051 0.3258
vn 0.8311 -0.3196 0.4550
vn 0.9237 0.3325 0.1902
vn 0.9494 -0.0042 0.3141
vn 0.8483 -0.3302 0.4138
vn -0.0071 -0.3196 0.9475
vn -0.3336 -0.3753 0.8648
vn -0.6218 -0.3911 0.6786
vn 0.0088 -0.3861 0.9224
vn -0.3142 -0.4413 0.8405
vn -0.6026 -0.4490 0.6597
vn 0.0399 -0.4932 0.8690
vn -0.2814 -0.5483 0.7875
vn -0.5721 -0.5438 0.6140
vn -0.9610 -0.2635 -0.0845
vn -0.8895 -0.1658 -0.4258
vn -0.6976 -0.0675 -0.7133
vn -0.9582 -0.2725 -0.0867
vn -0.8930 -0.1487 -0.4248
vn -0.7039 -0.0284 -0.7097
vn -0.9530 -0.2883 -0.0932
vn -0.9029 -0.1185 -0.4132
vn -0.7287 0.0476 -0.6831
vn 0.0530 0.1354 -0.9894
vn 0.3728 0.1914 -0.9080
vn 0.6540 0.2252 -0.7222
vn 0.0416 0.1977 -0.9794
vn 0.3579 0.2533 -0.8988
vn 0.6387 0.2828 -0.7156
vn 0.0040 0.3428 -0.9394
vn 0.3244 0.3993 -0.8575
vn 0.6118 0.4120 -0.6753
vn 0.9866 0.1553 0.0502
vn 0.9178 0.0609 0.3925
vn 0.7341 -0.0589 0.6764
vn 0.9836 0.1726 0.0516
vn 0.9194 0.0522 0.3898
vn 0.7392 -0.0928 0.6671
vn 0.9768 0.2042 0.0648
vn 0.9231 0.0369 0.3829
vn 0.7529 -0.1484 0.6412
vn -0.0314 -0.1997 0.9794
vn -0.3659 -0.2570 0.8945
vn -0.6550 -0.2855 0.6996
vn -0.0216 -0.2448 0.9693
vn -0.3552 -0.3017 0.8848
vn -0.6446 -0.3269 0.6911
vn -0.0151 -0.2750 0.9613
vn -0.3474 -0.3316 0.8771
vn -0.6368 -0.3540 0.6850
vn -0.9732 -0.2184 -0.0725
vn -0.9013 -0.1438 -0.4086
vn -0.7175 -0.0545 -0.6944
vn -0.9672 -0.2418 -0.0775
vn -0.8970 -0.1590 -0.4125
vn -0.7138 -0.0639 -0.6974
vn -0.9633 -0.2556 -0.0817
vn -0.8932 -0.1680 -0.4171
vn -0.7088 -0.0710 -0.7018
vn 0.0393 0.1597 -0.9864
vn 0.3749 0.2178 -0.9011
vn 0.6649 0.2462 -0.7051
vn 0.0405 0.1572 -0.9867
vn 0.3749 0.2153 -0.9017
vn 0.6646 0.2421 -0.7069
vn 0.0438 0.1486 -0.9879
vn 0.3754 0.2064 -0.9036
vn 0.6635 0.2339 -0.7106
vn 0.9813 0.1798 0.0695
vn 0.9082 0.1055 0.4050
vn 0.7236 0.0152 0.6900
vn 0.9843 0.1640 0.0651
vn 0.9129 0.0823 0.3999
vn 0.7299 -0.0167 0.6834
vn 0.9862 0.1543 0.0599
vn 0.9159 0.0686 0.3956
vn 0.7335 -0.0366 0.6787
vn -0.0700 -0.0041 0.9975
vn -0.4036 -0.0623 0.9128
vn -0.6898 -0.1022 0.7168
vn -0.0650 -0.0324 0.9974
vn -0.3988 -0.0905 0.9126
vn -0.6855 -0.1288 0.7166
vn -0.0565 -0.0773 0.9954
vn -0.3908 -0.1352 0.9105
vn -0.6784 -0.1710 0.7145
vn -0.9922 -0.1082 -0.0621
vn -0.9130 -0.0723 -0.4015
vn -0.7229 -0.0171 -0.6907
vn -0.9903 -0.1242 -0.0619
vn -0.9122 -0.0826 -0.4014
vn -0.7229 -0.0224 -0.6906
vn -0.9867 -0.1497 -0.0633
vn -0.9101 -0.0992 -0.4023
vn -0.7222 -0.0309 -0.6909
vn 0.0427 0.1451 -0.9885
vn 0.3780 0.2016 -0.9036
vn 0.6646 0.2441 -0.7062
vn 0.0420 0.1476 -0.9882
vn 0.3776 0.2044 -0.9031
vn 0.6649 0.2449 -0.7056
vn 0.0410 0.1515 -0.9876
vn 0.3769 0.2086 -0.9025
vn 0.6652 0.2458 -0.7051
vn 0.9650 0.2513 0.0754
vn 0.8848 0.2132 0.4143
vn 0.6936 0.1593 0.7025
vn 0.9675 0.2412 0.0760
vn 0.8882 0.1978 0.4148
vn 0.6977 0.1385 0.7029
vn 0.9715 0.2248 0.0756
vn 0.8938 0.1730 0.4138
vn 0.7047 0.1053 0.7016
vn -0.0719 0.0094 0.9974
vn -0.4062 -0.0491 0.9125
vn -0.6926 -0.0902 0.7157
vn -0.0718 0.0088 0.9974
vn -0.4061 -0.0497 0.9125
vn -0.6924 -0.0907 0.7158
vn -0.0717 0.0078 0.9974
vn -0.4059 -0.0506 0.9125
vn -0.6922 -0.0914 0.7159
vn -0.9927 -0.1019 -0.0645
vn -0.9124 -0.0689 -0.4034
vn -0.9927 -0.1020 -0.0643
vn -0.9125 -0.0688 -0.4033
vn -0.7218 -0.0158 -0.6919
vn -0.9927 -0.1022 -0.0640
vn -0.9126 -0.0688 -0.4030
vn -0.7220 -0.0156 -0.6917
vn 0.0435 0.1431 -0.9888
vn 0.3782 0.1995 -0.9040
vn 0.6642 0.2427 -0.7070
vn 0.0434 0.1433 -0.9887
vn 0.3782 0.1997 -0.9039
vn 0.6642 0.2428 -0.7070
vn 0.0434 0.1436 -0.9887
vn 0.3782 0.2000 -0.9039
vn 0.6642 0.2431 -0.7069
vn 0.8844 0.2193 0.4120
vn 0.6933 0.1685 0.7007
vn 0.9643 0.2545 0.0733
vn 0.8844 0.2192 0.4121
vn 0.6933 0.1682 0.7008
vn 0.9642 0.2546 0.0736
vn 0.8842 0.2191 0.4125
vn 0.6931 0.1677 0.7011
vn -0.1170 0.4118 0.9037
vn -0.4327 0.3632 0.8251
vn -0.7002 0.3182 0.6391
vn -0.0951 0.1768 0.9796
vn -0.4257 0.1142 0.8976
vn -0.7087 0.0784 0.7012
vn -0.0778 0.0460 0.9959
vn -0.4115 -0.0132 0.9113
vn -0.6973 -0.0534 0.7148
vn -0.9512 0.3083 -0.0134
vn -0.8777 0.3457 -0.3318
vn -0.6966 0.3889 -0.6029
vn -0.9966 0.0670 -0.0475
vn -0.9186 0.0948 -0.3838
vn -0.7287 0.1518 -0.6678
vn -0.9960 -0.0651 -0.0617
vn -0.9159 -0.0330 -0.4001
vn -0.7255 0.0205 -0.6879
vn -0.0566 0.5219 -0.8511
vn 0.2570 0.5816 -0.7718
vn 0.5266 0.6155 -0.5864
vn 0.0055 0.3044 -0.9525
vn 0.3382 0.3560 -0.8711
vn 0.6192 0.4029 -0.6740
vn 0.0360 0.1788 -0.9832
vn 0.3703 0.2343 -0.8989
vn 0.6555 0.2782 -0.7021
vn 0.7775 0.6254 0.0660
vn 0.7020 0.5991 0.3851
vn 0.5229 0.5448 0.6556
vn 0.9071 0.4142 0.0746
vn 0.8311 0.3755 0.4103
vn 0.6392 0.3294 0.6949
vn 0.9542 0.2899 0.0743
vn 0.8747 0.2542 0.4126
vn 0.6837 0.2043 0.7006
vn -0.2720 -0.9356 -0.2250
vn 0.0513 -0.9828 -0.1774
vn 0.3636 -0.9266 -0.0962
vn -0.2811 -0.9446 -0.1692
vn 0.0308 -0.9933 -0.1112
vn 0.3351 -0.9415 -0.0359
vn -0.2709 -0.9465 -0.1753
vn 0.0177 -0.9944 -0.1045
vn 0.2953 -0.9542 -0.0474
vn 0.9021 -0.3871 0.1907
vn 0.9514 -0.0573 0.3026
vn 0.8807 0.2838 0.3793
vn 0.8966 -0.3777 0.2313
vn 0.9460 -0.0533 0.3197
vn 0.8907 0.2830 0.3556
vn 0.9117 -0.3328 0.2408
vn 0.9473 -0.0469 0.3170
vn 0.9169 0.2467 0.3136
vn 0.2643 0.8919 0.3668
vn -0.0740 0.9507 0.3012
vn -0.4032 0.8878 0.2218
vn 0.2880 0.9257 0.2451
vn -0.0467 0.9847 0.1680
vn -0.3744 0.9227 0.0918
vn 0.3480 0.9357 0.0575
vn 0.0037 0.9992 -0.0394
vn -0.3385 0.9345 -0.1099
vn -0.9567 0.2911 -0.0047
vn -0.9938 -0.0512 -0.0984
vn -0.9034 -0.3898 -0.1790
vn -0.9512 0.3030 -0.0581
vn -0.9933 -0.0320 -0.1115
vn -0.9152 -0.3655 -0.1697
vn -0.9519 0.2776 -0.1297
vn -0.9904 -0.0147 -0.1377
vn -0.9327 -0.3064 -0.1903
vn -0.2058 -0.6168 -0.7597
vn 0.1365 -0.6379 -0.7579
vn 0.4616 -0.5794 -0.6717
vn -0.2118 -0.7045 -0.6774
vn 0.1298 -0.7324 -0.6683
vn 0.4549 -0.6740 -0.5820
vn -0.2279 -0.8092 -0.5415
vn 0.1119 -0.8457 -0.5217
vn 0.4366 -0.7872 -0.4355
vn 0.9722 -0.1594 -0.1717
vn 0.9926 0.0754 0.0957
vn 0.8860 0.3006 0.3530
vn 0.9683 -0.2218 -0.1149
vn 0.9911 0.0377 0.1279
vn 0.8878 0.2914 0.3561
vn 0.9550 -0.2958 -0.0196
vn 0.9829 -0.0064 0.1839
vn 0.8866 0.2829 0.3659
vn 0.2121 0.6321 0.7453
vn -0.1349 0.6419 0.7548
vn -0.4633 0.5833 0.6672
vn 0.2199 0.6949 0.6847
vn -0.1288 0.7199 0.6821
vn -0.4598 0.6588 0.5955
vn 0.2331 0.7759 0.5862
vn -0.1147 0.8197 0.5612
vn -0.4477 0.7565 0.4767
vn -0.9730 0.1894 0.1322
vn -0.9888 -0.0360 -0.1448
vn -0.8776 -0.2609 -0.4021
vn -0.9721 0.2080 0.1083
vn -0.9892 -0.0469 -0.1392
vn -0.8797 -0.3005 -0.3686
vn -0.9690 0.2355 0.0741
vn -0.9905 -0.0571 -0.1251
vn -0.8859 -0.3463 -0.3087
vn -0.2139 -0.3753 -0.9019
vn 0.1307 -0.3717 -0.9191
vn 0.4585 -0.3129 -0.8318
vn -0.2099 -0.4770 -0.8534
vn 0.1357 -0.4830 -0.8650
vn 0.4640 -0.4240 -0.7777
vn -0.2086 -0.5433 -0.8132
vn 0.1368 -0.5560 -0.8198
vn 0.4648 -0.4970 -0.7328
vn 0.9665 0.0021 -0.2566
vn 0.9849 0.1638 0.0564
vn 0.8791 0.3170 0.3559
vn 0.9722 -0.0658 -0.2246
vn 0.9893 0.1266 0.0726
vn 0.8811 0.3130 0.3545
vn 0.9738 -0.1094 -0.1993
vn 0.9910 0.1033 0.0851
vn 0.8822 0.3100 0.3546
vn 0.2128 0.5315 0.8199
vn -0.1353 0.5272 0.8389
vn -0.4663 0.4699 0.7495
vn 0.2107 0.5935 0.7768
vn -0.1359 0.6013 0.7874
vn -0.4647 0.5436 0.6990
vn 0.2103 0.6245 0.7522
vn -0.1352 0.6372 0.7588
vn -0.4629 0.5794 0.6709
vn -0.9744 0.1490 0.1685
vn -0.9897 -0.0156 -0.1425
vn -0.8805 -0.1667 -0.4438
vn -0.9730 0.1753 0.1500
vn -0.9894 -0.0216 -0.1435
vn -0.8801 -0.2067 -0.4274
vn -0.9721 0.1889 0.1392
vn -0.9893 -0.0258 -0.1434
vn -0.8802 -0.2316 -0.4142
vn -0.2521 -0.0105 -0.9677
vn 0.0846 0.0277 -0.9960
vn 0.4072 0.0853 -0.9093
vn -0.2422 -0.0553 -0.9687
vn 0.0937 -0.0221 -0.9954
vn 0.4149 0.0352 -0.9092
vn -0.2317 -0.1300 -0.9641
vn 0.1057 -0.1041 -0.9889
vn 0.4277 -0.0465 -0.9027
vn 0.9242 0.2432 -0.2944
vn 0.9549 0.2928 0.0494
vn 0.8632 0.3244 0.3869
vn 0.9295 0.2137 -0.3005
vn 0.9597 0.2781 0.0417
vn 0.8668 0.3250 0.3781
vn 0.9396 0.1646 -0.3002
vn 0.9669 0.2524 0.0376
vn 0.8711 0.3244 0.3688
vn 0.2254 0.2874 0.9309
vn -0.1177 0.2367 0.9644
vn -0.4489 0.1819 0.8749
vn 0.2238 0.3154 0.9222
vn -0.1207 0.2689 0.9556
vn -0.4524 0.2139 0.8658
vn 0.2211 0.3652 0.9043
vn -0.1255 0.3275 0.9365
vn -0.4579 0.2719 0.8464
vn -0.9706 0.0453 0.2366
vn -0.9937 0.0004 -0.1118
vn -0.8938 -0.0263 -0.4477
vn -0.9721 0.0583 0.2270
vn -0.9927 -0.0004 -0.1208
vn -0.8892 -0.0422 -0.4556
vn -0.9738 0.0800 0.2128
vn -0.9915 -0.0029 -0.1302
vn -0.8849 -0.0702 -0.4604
vn -0.3083 0.3796 -0.8723
vn 0.0095 0.4290 -0.9033
vn 0.3180 0.4766 -0.8196
vn -0.2848 0.1642 -0.9444
vn 0.0513 0.2042 -0.9776
vn 0.3738 0.2650 -0.8888
vn -0.2682 0.0468 -0.9622
vn 0.0715 0.0888 -0.9935
vn 0.3981 0.1477 -0.9054
vn 0.7518 0.5904 -0.2935
vn 0.7764 0.6297 0.0264
vn 0.6899 0.6406 0.3373
vn 0.8709 0.3992 -0.2866
vn 0.9001 0.4327 0.0512
vn 0.8056 0.4564 0.3778
vn 0.9142 0.2904 -0.2827
vn 0.9424 0.3289 0.0602
vn 0.8494 0.3519 0.3934
vn 0.1625 0.6033 0.7808
vn -0.1564 0.5641 0.8108
vn -0.4627 0.5060 0.7279
vn 0.2003 0.4145 0.8877
vn -0.1343 0.3626 0.9222
vn -0.4584 0.3119 0.8322
vn 0.2195 0.3070 0.9260
vn -0.1208 0.2561 0.9591
vn -0.4500 0.2021 0.8698
vn -0.8964 0.3938 0.2034
vn -0.9235 0.3654 -0.1170
vn -0.8361 0.3439 -0.4274
vn -0.9559 0.1832 0.2296
vn -0.9841 0.1414 -0.1075
vn -0.8912 0.1276 -0.4352
vn -0.9679 0.0700 0.2414
vn -0.9943 0.0304 -0.1022
vn -0.9001 0.0125 -0.4355
vn 0.0530 0.1377 0.9891
vn -0.2921 0.1358 0.9467
vn -0.6011 0.1377 0.7872
vn 0.0532 0.1087 0.9926
vn -0.2932 0.1072 0.9500
vn -0.6033 0.1087 0.7900
vn 0.0535 0.0618 0.9967
vn -0.2943 0.0610 0.9538
vn -0.6058 0.0618 0.7932
vn -0.9891 0.1377 0.0530
vn -0.9467 0.1358 -0.2921
vn -0.7872 0.1377 -0.6011
vn -0.9926 0.1087 0.0532
vn -0.9500 0.1072 -0.2932
vn -0.7900 0.1087 -0.6033
vn -0.9967 0.0618 0.0535
vn -0.9538 0.0610 -0.2943
vn -0.7932 0.0618 -0.6058
vn -0.0530 0.1377 -0.9891
vn 0.2921 0.1358 -0.9467
vn 0.6011 0.1377 -0.7872
vn -0.0532 0.1087 -0.9926
vn 0.2932 0.1072 -0.9500
vn 0.6033 0.1087 -0.7900
vn -0.0535 0.0618 -0.9967
vn 0.2943 0.0610 -0.9538
vn 0.6058 0.0618 -0.7932
vn 0.9891 0.1377 -0.0530
vn 0.9467 0.1358 0.2921
vn 0.7872 0.1377 0.6011
vn 0.9926 0.1087 -0.0532
vn 0.9500 0.1072 0.2932
vn 0.7900 0.1087 0.6033
vn 0.9967 0.0618 -0.0535
vn 0.9538 0.0610 0.2943
vn 0.7932 0.0618 0.6058
vn 0.0669 0.4870 0.8708
vn -0.2566 0.4924 0.8317
vn -0.5460 0.4870 0.6817
vn 0.0562 0.2885 0.9558
vn -0.2828 0.2834 0.9164
vn -0.5851 0.2885 0.7579
vn 0.0530 0.1786 0.9825
vn -0.2903 0.1760 0.9406
vn -0.5974 0.1786 0.7818
vn -0.8708 0.4870 0.0669
vn -0.8317 0.4924 -0.2567
vn -0.6817 0.4870 -0.5460
vn -0.9558 0.2885 0.0562
vn -0.9164 0.2834 -0.2828
vn -0.7579 0.2885 -0.5851
vn -0.9825 0.1786 0.0530
vn -0.9406 0.1760 -0.2903
vn -0.7818 0.1786 -0.5974
vn -0.0669 0.4870 -0.8708
vn 0.2566 0.4924 -0.8317
vn 0.5460 0.4870 -0.6817
vn -0.0562 0.2885 -0.9558
vn 0.2828 0.2834 -0.9164
vn 0.5851 0.2885 -0.7579
vn -0.0530 0.1786 -0.9825
vn 0.2903 0.1760 -0.9406
vn 0.5974 0.1786 -0.7818
vn 0.8708 0.4870 -0.0669
vn 0.8317 0.4924 0.2567
vn 0.6817 0.4870 0.5460
vn 0.9558 0.2885 -0.0562
vn 0.9164 0.2834 0.2828
vn 0.7579 0.2885 0.5851
vn 0.9825 0.1786 -0.0530
vn 0.9406 0.1760 0.2903
vn 0.7818 0.1786 0.5974
s 1
usemtl 1_cactus
f 786//729 787//730 785//728 791//734
f 788//731 789//732 785//728 787//730
f 790//733 791//734 785//728 789//732
f 54//50 113//105 786//729 121//113
f 113//105 114//106 787//730 786//729
f 121//113 786//729 791//734 120//112
f 53//49 116//108 788//731 115//107
f 116//108 117//109 789//732 788//731
f 115//107 788//731 787//730 114//106
f 77//73 119//111 790//733 118//110
f 119//111 120//112 791//734 790//733
f 118//110 790//733 789//732 117//109
f 793//736 794//737 792//735 798//741
f 795//738 796//739 792//735 794//737
f 797//740 798//741 792//735 796//739
f 53//49 122//114 793//736 116//108
f 122//114 123//115 794//737 793//736
f 116//108 793//736 798//741 117//109
f 57//53 125//117 795//738 124//116
f 125//117 126//118 796//739 795//738
f 124//116 795//738 794//737 123//115
f 77//73 118//110 797//740 127//119
f 118//110 117//109 798//741 797//740
f 127//119 797//740 796//739 126//118
f 800//743 801//744 799//742 805//748
f 802//745 803//746 799//742 801//744
f 804//747 805//748 799//742 803//746
f 65//61 203//195 800//743 200//192
f 203//195 204//196 801//744 800//743
f 200//192 800//743 805//748 201//193
f 68//64 206//198 802//745 205//197
f 206//198 207//199 803//746 802//745
f 205//197 802//745 801//744 204//196
f 96//92 202//194 804//747 208//200
f 202//194 201//193 805//748 804//747
f 208//200 804//747 803//746 207//199
f 806//276 807//277 810//277 809//276
f 807//277 808//278 811//278 810//277
f 809//276 810//277 813//277 812//276
f 810//277 811//278 814//278 813//277
f 48//44 308//276 806//276 305//44
f 308//276 309//277 807//277 806//276
f 309//277 310//278 808//278 807//277
f 310//278 45//41 289//41 808//278
f 808//278 289//41 288//41 811//278
f 811//278 288//41 287//41 814//278
f 814//278 287//41 41//41 286//278
f 813//277 814//278 286//278 285//277
f 812//276 813//277 285//277 284//276
f 307//44 812//276 284//276 44//44
f 306//44 809//276 812//276 307//44
f 305//44 806//276 809//276 306//44
f 816//750 817//751 815//749 821//755
f 818//752 819//753 815//749 817//751
f 820//754 821//755 815//749 819//753
f 78//74 140//132 816//750 137//129
f 140//132 141//133 817//751 816//750
f 137//129 816//750 821//755 138//130
f 54//50 121//113 818//752 142//134
f 121//113 120//112 819//753 818//752
f 142//134 818//752 817//751 141//133
f 77//73 139//131 820//754 119//111
f 139//131 138//130 821//755 820//754
f 119//111 820//754 819//753 120//112
f 823//757 824//758 822//756 828//762
f 825//759 826//760 822//756 824//758
f 827//761 828//762 822//756 826//760
f 78//74 136//128 823//757 140//132
f 136//128 135//127 824//758 823//757
f 140//132 823//757 828//762 141//133
f 58//54 143//135 825//759 134//126
f 143//135 144//136 826//760 825//759
f 134//126 825//759 824//758 135//127
f 54//50 142//134 827//761 145//137
f 142//134 141//133 828//762 827//761
f 145//137 827//761 826//760 144//136
f 829//270 830//271 833//271 832//270
f 830//271 831//272 834//272 833//271
f 832//270 833//271 836//271 835//270
f 833//271 834//272 837//272 836//271
f 47//43 302//270 829//270 299//43
f 302//270 303//271 830//271 829//270
f 303//271 304//272 831//272 830//271
f 304//272 48//44 305//44 831//272
f 831//272 305//44 306//44 834//272
f 834//272 306//44 307//44 837//272
f 837//272 307//44 44//44 280//272
f 836//271 837//272 280//272 279//271
f 835//270 836//271 279//271 278//270
f 301//43 835//270 278//270 43//43
f 300//43 832//270 835//270 301//43
f 299//43 829//270 832//270 300//43
f 838//763 839//764 842//767 841//766
f 839//764 840//765 843//768 842//767
f 841//766 842//767 845//770 844//769
f 842//767 843//768 846//771 845//770
f 66//62 229//221 838//763 239//231
f 229//221 228//220 839//764 838//763
f 228//220 227//219 840//765 839//764
f 227//219 70//66 221//213 840//765
f 840//765 221//213 222//214 843//768
f 843//768 222//214 223//215 846//771
f 846//771 223//215 71//67 193//185
f 845//770 846//771 193//185 192//184
f 844//769 845//770 192//184 191//183
f 241//233 844//769 191//183 95//91
f 240//232 841//766 844//769 241//233
f 239//231 838//763 841//766 240//232
f 847//264 848//265 851//265 850//264
f 848//265 849//266 852//266 851//265
f 850//264 851//265 854//265 853//264
f 851//265 852//266 855//266 854//265
f 46//42 296//264 847//264 293//42
f 296//264 297//265 848//265 847//264
f 297//265 298//266 849//266 848//265
f 298//266 47//43 299//43 849//266
f 849//266 299//43 300//43 852//266
f 852//266 300//43 301//43 855//266
f 855//266 301//43 43//43 274//266
f 854//265 855//266 274//266 273//265
f 853//264 854//265 273//265 272//264
f 295//42 853//264 272//264 42//42
f 294//42 850//264 853//264 295//42
f 293//42 847//264 850//264 294//42
f 856//258 857//259 860//259 859//258
f 857//259 858//260 861//260 860//259
f 859//258 860//259 863//259 862//258
f 860//259 861//260 864//260 863//259
f 45//41 290//258 856//258 289//41
f 290//258 291//259 857//259 856//258
f 291//259 292//260 858//260 857//259
f 292//260 46//42 293//42 858//260
f 858//260 293//42 294//42 861//260
f 861//260 294//42 295//42 864//260
f 864//260 295//42 42//42 268//260
f 863//259 864//260 268//260 267//259
f 862//258 863//259 267//259 266//258
f 287//41 862//258 266//258 41//41
f 288//41 859//258 862//258 287//41
f 289//41 856//258 859//258 288//41
f 865//772 866//773 869//776 868//775
f 866//773 867//774 870//777 869//776
f 868//775 869//776 872//779 871//778
f 869//776 870//777 873//780 872//779
f 69//65 197//189 865//772 185//177
f 197//189 198//190 866//773 865//772
f 198//190 199//191 867//774 866//773
f 199//191 65//61 200//192 867//774
f 867//774 200//192 201//193 870//777
f 870//777 201//193 202//194 873//780
f 873//780 202//194 96//92 133//125
f 872//779 873//780 133//125 132//124
f 871//778 872//779 132//124 131//123
f 187//179 871//778 131//123 72//68
f 186//178 868//775 871//778 187//179
f 185//177 865//772 868//775 186//178
f 874//781 875//782 878//785 877//784
f 875//782 876//783 879//786 878//785
f 877//784 878//785 881//788 880//787
f 878//785 879//786 882//789 881//788
f 59//55 179//171 874//781 173//165
f 179//171 180//172 875//782 874//781
f 180//172 181//173 876//783 875//782
f 181//173 55//51 149//141 876//783
f 876//783 149//141 150//142 879//786
f 879//786 150//142 151//143 882//789
f 882//789 151//143 54//50 145//137
f 881//788 882//789 145//137 144//136
f 880//787 881//788 144//136 143//135
f 175//167 880//787 143//135 58//54
f 174//166 877//784 880//787 175//167
f 173//165 874//781 877//784 174//166
f 883//790 884//791 887//794 886//793
f 884//791 885//792 888//795 887//794
f 886//793 887//794 890//797 889//796
f 887//794 888//795 891//798 890//797
f 44//44 284//276 883//790 281//273
f 284//276 285//277 884//791 883//790
f 285//277 286//278 885//792 884//791
f 286//278 41//41 265//257 885//792
f 885//792 265//257 264//256 888//795
f 888//795 264//256 263//255 891//798
f 891//798 263//255 1//1 235//227
f 890//797 891//798 235//227 234//226
f 889//796 890//797 234//226 233//225
f 283//275 889//796 233//225 4//4
f 282//274 886//793 889//796 283//275
f 281//273 883//790 886//793 282//274
f 892//799 893//800 896//803 895//802
f 893//800 894//801 897//804 896//803
f 895//802 896//803 899//806 898//805
f 896//803 897//804 900//807 899//806
f 43//43 278//270 892//799 275//267
f 278//270 279//271 893//800 892//799
f 279//271 280//272 894//801 893//800
f 280//272 44//44 281//273 894//801
f 894//801 281//273 282//274 897//804
f 897//804 282//274 283//275 900//807
f 900//807 283//275 4//4 184//176
f 899//806 900//807 184//176 183//175
f 898//805 899//806 183//175 182//174
f 277//269 898//805 182//174 3//3
f 276//268 895//802 898//805 277//269
f 275//267 892//799 895//802 276//268
f 901//808 902//809 905//812 904//811
f 902//809 903//810 906//813 905//812
f 904//811 905//812 908//815 907//814
f 905//812 906//813 909//816 908//815
f 42//42 272//264 901//808 269//261
f 272//264 273//265 902//809 901//808
f 273//265 274//266 903//810 902//809
f 274//266 43//43 275//267 903//810
f 903//810 275//267 276//268 906//813
f 906//813 276//268 277//269 909//816
f 909//816 277//269 3//3 190//182
f 908//815 909//816 190//182 189//181
f 907//814 908//815 189//181 188//180
f 271//263 907//814 188//180 2//2
f 270//262 904//811 907//814 271//263
f 269//261 901//808 904//811 270//262
f 910//817 911//818 914//821 913//820
f 911//818 912//819 915//822 914//821
f 913//820 914//821 917//824 916//823
f 914//821 915//822 918//825 917//824
f 41//41 266//258 910//817 265//257
f 266//258 267//259 911//818 910//817
f 267//259 268//260 912//819 911//818
f 268//260 42//42 269//261 912//819
f 912//819 269//261 270//262 915//822
f 915//822 270//262 271//263 918//825
f 918//825 271//263 2//2 220//212
f 917//824 918//825 220//212 219//211
f 916//823 917//824 219//211 218//210
f 263//255 916//823 218//210 1//1
f 264//256 913//820 916//823 263//255
f 265//257 910//817 913//820 264//256
f 920//827 921//828 919//826 925//832
f 922//829 923//830 919//826 921//828
f 924//831 925//832 919//826 923//830
f 68//64 209//201 920//827 206//198
f 209//201 210//202 921//828 920//827
f 206//198 920//827 925//832 207//199
f 67//63 212//204 922//829 211//203
f 212//204 213//205 923//830 922//829
f 211//203 922//829 921//828 210//202
f 96//92 208//200 924//831 214//206
f 208//200 207//199 925//832 924//831
f 214//206 924//831 923//830 213//205
f 927//834 928//835 926//833 932//839
f 929//836 930//837 926//833 928//835
f 931//838 932//839 926//833 930//837
f 67//63 215//207 927//834 212//204
f 215//207 216//208 928//835 927//834
f 212//204 927//834 932//839 213//205
f 95//91 196//188 929//836 217//209
f 196//188 195//187 930//837 929//836
f 217//209 929//836 928//835 216//208
f 96//92 214//206 931//838 194//186
f 214//206 213//205 932//839 931//838
f 194//186 931//838 930//837 195//187
f 933//840 934//841 937//844 936//843
f 934//841 935//842 938//845 937//844
f 936//843 937//844 940//847 939//846
f 937//844 938//845 941//848 940//847
f 40//40 254//246 933//840 253//245
f 254//246 255//247 934//841 933//840
f 255//247 256//248 935//842 934//841
f 256//248 39//39 257//249 935//842
f 935//842 257//249 258//250 938//845
f 938//845 258//250 259//251 941//848
f 941//848 259//251 38//38 260//252
f 940//847 941//848 260//252 261//253
f 939//846 940//847 261//253 262//254
f 251//243 939//846 262//254 37//37
f 252//244 936//843 939//846 251//243
f 253//245 933//840 936//843 252//244
f 942//849 943//850 946//853 945//852
f 943//850 944//851 947//854 946//853
f 945//852 946//853 949//856 948//855
f 946//853 947//854 950//857 949//856
f 56//52 176//168 942//849 155//147
f 176//168 177//169 943//850 942//849
f 177//169 178//170 944//851 943//850
f 178//170 60//56 172//164 944//851
f 944//851 172//164 171//163 947//854
f 947//854 171//163 170//162 950//857
f 950//857 170//162 57//53 124//116
f 949//856 950//857 124//116 123//115
f 948//855 949//856 123//115 122//114
f 157//149 948//855 122//114 53//49
f 156//148 945//852 948//855 157//149
f 155//147 942//849 945//852 156//148
f 951//858 952//859 955//862 954//861
f 952//859 953//860 956//863 955//862
f 954//861 955//862 958//865 957//864
f 955//862 956//863 959//866 958//865
f 36//36 128//120 951//858 160//152
f 128//120 129//121 952//859 951//858
f 129//121 130//122 953//860 952//859
f 130//122 35//35 245//237 953//860
f 953//860 245//237 246//238 956//863
f 956//863 246//238 247//239 959//866
f 959//866 247//239 34//34 248//240
f 958//865 959//866 248//240 249//241
f 957//864 958//865 249//241 250//242
f 158//150 957//864 250//242 33//33
f 159//151 954//861 957//864 158//150
f 160//152 951//858 954//861 159//151
f 960//867 961//868 964//871 963//870
f 961//868 962//869 965//872 964//871
f 963//870 964//871 967//874 966//873
f 964//871 965//872 968//875 967//874
f 24//24 146//138 960//867 163//155
f 146//138 147//139 961//868 960//867
f 147//139 148//140 962//869 961//868
f 148//140 23//23 242//234 962//869
f 962//869 242//234 243//235 965//872
f 965//872 243//235 244//236 968//875
f 968//875 244//236 22//22 167//159
f 967//874 968//875 167//159 168//160
f 966//873 967//874 168//160 169//161
f 161//153 966//873 169//161 21//21
f 162//154 963//870 966//873 161//153
f 163//155 960//867 963//870 162//154
f 970//877 971//878 969//876 975//882
f 972//879 973//880 969//876 971//878
f 974//881 975//882 969//876 973//880
f 67//63 236//228 970//877 215//207
f 236//228 237//229 971//878 970//877
f 215//207 970//877 975//882 216//208
f 66//62 239//231 972//879 238//230
f 239//231 240//232 973//880 972//879
f 238//230 972//879 971//878 237//229
f 95//91 217//209 974//881 241//233
f 217//209 216//208 975//882 974//881
f 241//233 974//881 973//880 240//232
f 976//883 977//884 980//887 979//886
f 977//884 978//885 981//888 980//887
f 979//886 980//887 983//890 982//889
f 980//887 981//888 984//891 983//890
f 1//1 218//210 976//883 235//227
f 218//210 219//211 977//884 976//883
f 219//211 220//212 978//885 977//884
f 220//212 2//2 188//180 978//885
f 978//885 188//180 189//181 981//888
f 981//888 189//181 190//182 984//891
f 984//891 190//182 3//3 182//174
f 983//890 984//891 182//174 183//175
f 982//889 983//890 183//175 184//176
f 233//225 982//889 184//176 4//4
f 234//226 979//886 982//889 233//225
f 235//227 976//883 979//886 234//226
f 985//892 986//893 989//896 988//895
f 986//893 987//894 990//897 989//896
f 988//895 989//896 992//899 991//898
f 989//896 990//897 993//900 992//899
f 70//66 227//219 985//892 224//216
f 227//219 228//220 986//893 985//892
f 228//220 229//221 987//894 986//893
f 229//221 66//62 230//222 987//894
f 987//894 230//222 231//223 990//897
f 990//897 231//223 232//224 993//900
f 993//900 232//224 65//61 199//191
f 992//899 993//900 199//191 198//190
f 991//898 992//899 198//190 197//189
f 226//218 991//898 197//189 69//65
f 225//217 988//895 991//898 226//218
f 224//216 985//892 988//895 225//217
f 994//901 995//902 998//905 997//904
f 995//902 996//903 999//906 998//905
f 997//904 998//905 1001//908 1000//907
f 998//905 999//906 1002//909 1001//908
f 59//55 166//158 994//901 179//171
f 166//158 165//157 995//902 994//901
f 165//157 164//156 996//903 995//902
f 164//156 60//56 178//170 996//903
f 996//903 178//170 177//169 999//906
f 999//906 177//169 176//168 1002//909
f 1002//909 176//168 56//52 154//146
f 1001//908 1002//909 154//146 153//145
f 1000//907 1001//908 153//145 152//144
f 181//173 1000//907 152//144 55//51
f 180//172 997//904 1000//907 181//173
f 179//171 994//901 997//904 180//172
f 1003//910 1004//911 1007//914 1006//913
f 1004//911 1005//912 1008//915 1007//914
f 1006//913 1007//914 1010//917 1009//916
f 1007//914 1008//915 1011//918 1010//917
f 5//5 314//282 1003//910 313//281
f 314//282 315//283 1004//911 1003//910
f 315//283 316//284 1005//912 1004//911
f 316//284 6//6 317//285 1005//912
f 1005//912 317//285 318//286 1008//915
f 1008//915 318//286 319//287 1011//918
f 1011//918 319//287 46//42 292//260
f 1010//917 1011//918 292//260 291//259
f 1009//916 1010//917 291//259 290//258
f 311//279 1009//916 290//258 45//41
f 312//280 1006//913 1009//916 311//279
f 313//281 1003//910 1006//913 312//280
f 1012//919 1013//920 1016//923 1015//922
f 1013//920 1014//921 1017//924 1016//923
f 1015//922 1016//923 1019//926 1018//925
f 1016//923 1017//924 1020//927 1019//926
f 6//6 320//288 1012//919 317//285
f 320//288 321//289 1013//920 1012//919
f 321//289 322//290 1014//921 1013//920
f 322//290 7//7 323//291 1014//921
f 1014//921 323//291 324//292 1017//924
f 1017//924 324//292 325//293 1020//927
f 1020//927 325//293 47//43 298//266
f 1019//926 1020//927 298//266 297//265
f 1018//925 1019//926 297//265 296//264
f 319//287 1018//925 296//264 46//42
f 318//286 1015//922 1018//925 319//287
f 317//285 1012//919 1015//922 318//286
f 1021//928 1022//929 1025//932 1024//931
f 1022//929 1023//930 1026//933 1025//932
f 1024//931 1025//932 1028//935 1027//934
f 1025//932 1026//933 1029//936 1028//935
f 7//7 326//294 1021//928 323//291
f 326//294 327//295 1022//929 1021//928
f 327//295 328//296 1023//930 1022//929
f 328//296 8//8 329//297 1023//930
f 1023//930 329//297 330//298 1026//933
f 1026//933 330//298 331//299 1029//936
f 1029//936 331//299 48//44 304//272
f 1028//935 1029//936 304//272 303//271
f 1027//934 1028//935 303//271 302//270
f 325//293 1027//934 302//270 47//43
f 324//292 1024//931 1027//934 325//293
f 323//291 1021//928 1024//931 324//292
f 1030//937 1031//938 1034//941 1033//940
f 1031//938 1032//939 1035//942 1034//941
f 1033//940 1034//941 1037//944 1036//943
f 1034//941 1035//942 1038//945 1037//944
f 8//8 332//300 1030//937 329//297
f 332//300 333//301 1031//938 1030//937
f 333//301 334//302 1032//939 1031//938
f 334//302 5//5 313//281 1032//939
f 1032//939 313//281 312//280 1035//942
f 1035//942 312//280 311//279 1038//945
f 1038//945 311//279 45//41 310//278
f 1037//944 1038//945 310//278 309//277
f 1036//943 1037//944 309//277 308//276
f 331//299 1036//943 308//276 48//44
f 330//298 1033//940 1036//943 331//299
f 329//297 1030//937 1033//940 330//298
f 1039//946 1040//947 1043//950 1042//949
f 1040//947 1041//948 1044//951 1043//950
f 1042//949 1043//950 1046//953 1045//952
f 1043//950 1044//951 1047//954 1046//953
f 49//45 338//306 1039//946 337//305
f 338//306 339//307 1040//947 1039//946
f 339//307 340//308 1041//948 1040//947
f 340//308 50//46 341//309 1041//948
f 1041//948 341//309 342//310 1044//951
f 1044//951 342//310 343//311 1047//954
f 1047//954 343//311 6//6 316//284
f 1046//953 1047//954 316//284 315//283
f 1045//952 1046//953 315//283 314//282
f 335//303 1045//952 314//282 5//5
f 336//304 1042//949 1045//952 335//303
f 337//305 1039//946 1042//949 336//304
f 1048//955 1049//956 1052//959 1051//958
f 1049//956 1050//957 1053//960 1052//959
f 1051//958 1052//959 1055//962 1054//961
f 1052//959 1053//960 1056//963 1055//962
f 50//46 344//312 1048//955 341//309
f 344//312 345//313 1049//956 1048//955
f 345//313 346//314 1050//957 1049//956
f 346//314 51//47 347//315 1050//957
f 1050//957 347//315 348//316 1053//960
f 1053//960 348//316 349//317 1056//963
f 1056//963 349//317 7//7 322//290
f 1055//962 1056//963 322//290 321//289
f 1054//961 1055//962 321//289 320//288
f 343//311 1054//961 320//288 6//6
f 342//310 1051//958 1054//961 343//311
f 341//309 1048//955 1051//958 342//310
f 1057//964 1058//965 1061//968 1060//967
f 1058//965 1059//966 1062//969 1061//968
f 1060//967 1061//968 1064//971 1063//970
f 1061//968 1062//969 1065//972 1064//971
f 51//47 350//318 1057//964 347//315
f 350//318 351//319 1058//965 1057//964
f 351//319 352//320 1059//966 1058//965
f 352//320 52//48 353//321 1059//966
f 1059//966 353//321 354//322 1062//969
f 1062//969 354//322 355//323 1065//972
f 1065//972 355//323 8//8 328//296
f 1064//971 1065//972 328//296 327//295
f 1063//970 1064//971 327//295 326//294
f 349//317 1063//970 326//294 7//7
f 348//316 1060//967 1063//970 349//317
f 347//315 1057//964 1060//967 348//316
f 1066//973 1067//974 1070//977 1069//976
f 1067//974 1068//975 1071//978 1070//977
f 1069//976 1070//977 1073//980 1072//979
f 1070//977 1071//978 1074//981 1073//980
f 52//48 356//324 1066//973 353//321
f 356//324 357//325 1067//974 1066//973
f 357//325 358//326 1068//975 1067//974
f 358//326 49//45 337//305 1068//975
f 1068//975 337//305 336//304 1071//978
f 1071//978 336//304 335//303 1074//981
f 1074//981 335//303 5//5 334//302
f 1073//980 1074//981 334//302 333//301
f 1072//979 1073//980 333//301 332//300
f 355//323 1072//979 332//300 8//8
f 354//322 1069//976 1072//979 355//323
f 353//321 1066//973 1069//976 354//322
f 1075//982 1076//983 1079//986 1078//985
f 1076//983 1077//984 1080//987 1079//986
f 1078//985 1079//986 1082//989 1081//988
f 1079//986 1080//987 1083//990 1082//989
f 53//49 115//107 1075//982 361//329
f 115//107 114//106 1076//983 1075//982
f 114//106 113//105 1077//984 1076//983
f 113//105 54//50 362//330 1077//984
f 1077//984 362//330 363//331 1080//987
f 1080//987 363//331 364//332 1083//990
f 1083//990 364//332 50//46 340//308
f 1082//989 1083//990 340//308 339//307
f 1081//988 1082//989 339//307 338//306
f 359//327 1081//988 338//306 49//45
f 360//328 1078//985 1081//988 359//327
f 361//329 1075//982 1078//985 360//328
f 1084//991 1085//992 1088//995 1087//994
f 1085//992 1086//993 1089//996 1088//995
f 1087//994 1088//995 1091//998 1090//997
f 1088//995 1089//996 1092//999 1091//998
f 54//50 151//143 1084//991 362//330
f 151//143 150//142 1085//992 1084//991
f 150//142 149//141 1086//993 1085//992
f 149//141 55//51 365//333 1086//993
f 1086//993 365//333 366//334 1089//996
f 1089//996 366//334 367//335 1092//999
f 1092//999 367//335 51//47 346//314
f 1091//998 1092//999 346//314 345//313
f 1090//997 1091//998 345//313 344//312
f 364//332 1090//997 344//312 50//46
f 363//331 1087//994 1090//997 364//332
f 362//330 1084//991 1087//994 363//331
f 1093//1000 1094//1001 1097//1004 1096//1003
f 1094//1001 1095//1002 1098//1005 1097//1004
f 1096//1003 1097//1004 1100//1007 1099//1006
f 1097//1004 1098//1005 1101//1008 1100//1007
f 55//51 152//144 1093//1000 365//333
f 152//144 153//145 1094//1001 1093//1000
f 153//145 154//146 1095//1002 1094//1001
f 154//146 56//52 368//336 1095//1002
f 1095//1002 368//336 369//337 1098//1005
f 1098//1005 369//337 370//338 1101//1008
f 1101//1008 370//338 52//48 352//320
f 1100//1007 1101//1008 352//320 351//319
f 1099//1006 1100//1007 351//319 350//318
f 367//335 1099//1006 350//318 51//47
f 366//334 1096//1003 1099//1006 367//335
f 365//333 1093//1000 1096//1003 366//334
f 1102//1009 1103//1010 1106//1013 1105//1012
f 1103//1010 1104//1011 1107//1014 1106//1013
f 1105//1012 1106//1013 1109//1016 1108//1015
f 1106//1013 1107//1014 1110//1017 1109//1016
f 56//52 155//147 1102//1009 368//336
f 155//147 156//148 1103//1010 1102//1009
f 156//148 157//149 1104//1011 1103//1010
f 157//149 53//49 361//329 1104//1011
f 1104//1011 361//329 360//328 1107//1014
f 1107//1014 360//328 359//327 1110//1017
f 1110//1017 359//327 49//45 358//326
f 1109//1016 1110//1017 358//326 357//325
f 1108//1015 1109//1016 357//325 356//324
f 370//338 1108//1015 356//324 52//48
f 369//337 1105//1012 1108//1015 370//338
f 368//336 1102//1009 1105//1012 369//337
f 1111//1018 1112//1019 1115//1022 1114//1021
f 1112//1019 1113//1020 1116//1023 1115//1022
f 1114//1021 1115//1022 1118//1025 1117//1024
f 1115//1022 1116//1023 1119//1026 1118//1025
f 61//57 374//342 1111//1018 373//341
f 374//342 375//343 1112//1019 1111//1018
f 375//343 376//344 1113//1020 1112//1019
f 376//344 62//58 377//345 1113//1020
f 1113//1020 377//345 378//346 1116//1023
f 1116//1023 378//346 379//347 1119//1026
f 1119//1026 379//347 58//54 380//348
f 1118//1025 1119//1026 380//348 381//349
f 1117//1024 1118//1025 381//349 382//350
f 371//339 1117//1024 382//350 57//53
f 372//340 1114//1021 1117//1024 371//339
f 373//341 1111//1018 1114//1021 372//340
f 1120//1027 1121//1028 1124//1031 1123//1030
f 1121//1028 1122//1029 1125//1032 1124//1031
f 1123//1030 1124//1031 1127//1034 1126//1033
f 1124//1031 1125//1032 1128//1035 1127//1034
f 62//58 383//351 1120//1027 377//345
f 383//351 384//352 1121//1028 1120//1027
f 384//352 385//353 1122//1029 1121//1028
f 385//353 63//59 386//354 1122//1029
f 1122//1029 386//354 387//355 1125//1032
f 1125//1032 387//355 388//356 1128//1035
f 1128//1035 388//356 59//55 173//165
f 1127//1034 1128//1035 173//165 174//166
f 1126//1033 1127//1034 174//166 175//167
f 379//347 1126//1033 175//167 58//54
f 378//346 1123//1030 1126//1033 379//347
f 377//345 1120//1027 1123//1030 378//346
f 1129//1036 1130//1037 1133//1040 1132//1039
f 1130//1037 1131//1038 1134//1041 1133//1040
f 1132//1039 1133//1040 1136//1043 1135//1042
f 1133//1040 1134//1041 1137//1044 1136//1043
f 63//59 389//357 1129//1036 386//354
f 389//357 390//358 1130//1037 1129//1036
f 390//358 391//359 1131//1038 1130//1037
f 391//359 64//60 392//360 1131//1038
f 1131//1038 392//360 393//361 1134//1041
f 1134//1041 393//361 394//362 1137//1044
f 1137//1044 394//362 60//56 164//156
f 1136//1043 1137//1044 164//156 165//157
f 1135//1042 1136//1043 165//157 166//158
f 388//356 1135//1042 166//158 59//55
f 387//355 1132//1039 1135//1042 388//356
f 386//354 1129//1036 1132//1039 387//355
f 1138//1045 1139//1046 1142//1049 1141//1048
f 1139//1046 1140//1047 1143//1050 1142//1049
f 1141//1048 1142//1049 1145//1052 1144//1051
f 1142//1049 1143//1050 1146//1053 1145//1052
f 64//60 395//363 1138//1045 392//360
f 395//363 396//364 1139//1046 1138//1045
f 396//364 397//365 1140//1047 1139//1046
f 397//365 61//57 373//341 1140//1047
f 1140//1047 373//341 372//340 1143//1050
f 1143//1050 372//340 371//339 1146//1053
f 1146//1053 371//339 57//53 170//162
f 1145//1052 1146//1053 170//162 171//163
f 1144//1051 1145//1052 171//163 172//164
f 394//362 1144//1051 172//164 60//56
f 393//361 1141//1048 1144//1051 394//362
f 392//360 1138//1045 1141//1048 393//361
f 1147//1054 1148//1055 1151//1058 1150//1057
f 1148//1055 1149//1056 1152//1059 1151//1058
f 1150//1057 1151//1058 1154//1061 1153//1060
f 1151//1058 1152//1059 1155//1062 1154//1061
f 65//61 232//224 1147//1054 400//368
f 232//224 231//223 1148//1055 1147//1054
f 231//223 230//222 1149//1056 1148//1055
f 230//222 66//62 401//369 1149//1056
f 1149//1056 401//369 402//370 1152//1059
f 1152//1059 402//370 403//371 1155//1062
f 1155//1062 403//371 62//58 376//344
f 1154//1061 1155//1062 376//344 375//343
f 1153//1060 1154//1061 375//343 374//342
f 398//366 1153//1060 374//342 61//57
f 399//367 1150//1057 1153//1060 398//366
f 400//368 1147//1054 1150//1057 399//367
f 1156//1063 1157//1064 1160//1067 1159//1066
f 1157//1064 1158//1065 1161//1068 1160//1067
f 1159//1066 1160//1067 1163//1070 1162//1069
f 1160//1067 1161//1068 1164//1071 1163//1070
f 66//62 238//230 1156//1063 401//369
f 238//230 237//229 1157//1064 1156//1063
f 237//229 236//228 1158//1065 1157//1064
f 236//228 67//63 404//372 1158//1065
f 1158//1065 404//372 405//373 1161//1068
f 1161//1068 405//373 406//374 1164//1071
f 1164//1071 406//374 63//59 385//353
f 1163//1070 1164//1071 385//353 384//352
f 1162//1069 1163//1070 384//352 383//351
f 403//371 1162//1069 383//351 62//58
f 402//370 1159//1066 1162//1069 403//371
f 401//369 1156//1063 1159//1066 402//370
f 1165//1072 1166//1073 1169//1076 1168//1075
f 1166//1073 1167//1074 1170//1077 1169//1076
f 1168//1075 1169//1076 1172//1079 1171//1078
f 1169//1076 1170//1077 1173//1080 1172//1079
f 67//63 211//203 1165//1072 404//372
f 211//203 210//202 1166//1073 1165//1072
f 210//202 209//201 1167//1074 1166//1073
f 209//201 68//64 407//375 1167//1074
f 1167//1074 407//375 408//376 1170//1077
f 1170//1077 408//376 409//377 1173//1080
f 1173//1080 409//377 64//60 391//359
f 1172//1079 1173//1080 391//359 390//358
f 1171//1078 1172//1079 390//358 389//357
f 406//374 1171//1078 389//357 63//59
f 405//373 1168//1075 1171//1078 406//374
f 404//372 1165//1072 1168//1075 405//373
f 1174//1081 1175//1082 1178//1085 1177//1084
f 1175//1082 1176//1083 1179//1086 1178//1085
f 1177//1084 1178//1085 1181//1088 1180//1087
f 1178//1085 1179//1086 1182//1089 1181//1088
f 68//64 205//197 1174//1081 407//375
f 205//197 204//196 1175//1082 1174//1081
f 204//196 203//195 1176//1083 1175//1082
f 203//195 65//61 400//368 1176//1083
f 1176//1083 400//368 399//367 1179//1086
f 1179//1086 399//367 398//366 1182//1089
f 1182//1089 398//366 61//57 397//365
f 1181//1088 1182//1089 397//365 396//364
f 1180//1087 1181//1088 396//364 395//363
f 409//377 1180//1087 395//363 64//60
f 408//376 1177//1084 1180//1087 409//377
f 407//375 1174//1081 1177//1084 408//376
f 1183//1090 1184//1091 1187//1094 1186//1093
f 1184//1091 1185//1092 1188//1095 1187//1094
f 1186//1093 1187//1094 1190//1097 1189//1096
f 1187//1094 1188//1095 1191//1098 1190//1097
f 73//69 413//381 1183//1090 412//380
f 413//381 414//382 1184//1091 1183//1090
f 414//382 415//383 1185//1092 1184//1091
f 415//383 74//70 416//384 1185//1092
f 1185//1092 416//384 417//385 1188//1095
f 1188//1095 417//385 418//386 1191//1098
f 1191//1098 418//386 70//66 224//216
f 1190//1097 1191//1098 224//216 225//217
f 1189//1096 1190//1097 225//217 226//218
f 410//378 1189//1096 226//218 69//65
f 411//379 1186//1093 1189//1096 410//378
f 412//380 1183//1090 1186//1093 411//379
f 1192//1099 1193//1100 1196//1103 1195//1102
f 1193//1100 1194//1101 1197//1104 1196//1103
f 1195//1102 1196//1103 1199//1106 1198//1105
f 1196//1103 1197//1104 1200//1107 1199//1106
f 74//70 419//387 1192//1099 416//384
f 419//387 420//388 1193//1100 1192//1099
f 420//388 421//389 1194//1101 1193//1100
f 421//389 75//71 422//390 1194//1101
f 1194//1101 422//390 423//391 1197//1104
f 1197//1104 423//391 424//392 1200//1107
f 1200//1107 424//392 71//67 223//215
f 1199//1106 1200//1107 223//215 222//214
f 1198//1105 1199//1106 222//214 221//213
f 418//386 1198//1105 221//213 70//66
f 417//385 1195//1102 1198//1105 418//386
f 416//384 1192//1099 1195//1102 417//385
f 1201//1108 1202//1109 1205//1112 1204//1111
f 1202//1109 1203//1110 1206//1113 1205//1112
f 1204//1111 1205//1112 1208//1115 1207//1114
f 1205//1112 1206//1113 1209//1116 1208//1115
f 75//71 425//393 1201//1108 422//390
f 425//393 426//394 1202//1109 1201//1108
f 426//394 427//395 1203//1110 1202//1109
f 427//395 76//72 428//396 1203//1110
f 1203//1110 428//396 429//397 1206//1113
f 1206//1113 429//397 430//398 1209//1116
f 1209//1116 430//398 72//68 431//399
f 1208//1115 1209//1116 431//399 432//400
f 1207//1114 1208//1115 432//400 433//401
f 424//392 1207//1114 433//401 71//67
f 423//391 1204//1111 1207//1114 424//392
f 422//390 1201//1108 1204//1111 423//391
f 1210//1117 1211//1118 1214//1121 1213//1120
f 1211//1118 1212//1119 1215//1122 1214//1121
f 1213//1120 1214//1121 1217//1124 1216//1123
f 1214//1121 1215//1122 1218//1125 1217//1124
f 76//72 434//402 1210//1117 428//396
f 434//402 435//403 1211//1118 1210//1117
f 435//403 436//404 1212//1119 1211//1118
f 436//404 73//69 412//380 1212//1119
f 1212//1119 412//380 411//379 1215//1122
f 1215//1122 411//379 410//378 1218//1125
f 1218//1125 410//378 69//65 185//177
f 1217//1124 1218//1125 185//177 186//178
f 1216//1123 1217//1124 186//178 187//179
f 430//398 1216//1123 187//179 72//68
f 429//397 1213//1120 1216//1123 430//398
f 428//396 1210//1117 1213//1120 429//397
f 1219//1126 1220//1127 1223//1130 1222//1129
f 1220//1127 1221//1128 1224//1131 1223//1130
f 1222//1129 1223//1130 1226//1133 1225//1132
f 1223//1130 1224//1131 1227//1134 1226//1133
f 9//9 440//408 1219//1126 439//407
f 440//408 441//409 1220//1127 1219//1126
f 441//409 442//410 1221//1128 1220//1127
f 442//410 10//10 443//411 1221//1128
f 1221//1128 443//411 444//412 1224//1131
f 1224//1131 444//412 445//413 1227//1134
f 1227//1134 445//413 74//70 415//383
f 1226//1133 1227//1134 415//383 414//382
f 1225//1132 1226//1133 414//382 413//381
f 437//405 1225//1132 413//381 73//69
f 438//406 1222//1129 1225//1132 437//405
f 439//407 1219//1126 1222//1129 438//406
f 1228//1135 1229//1136 1232//1139 1231//1138
f 1229//1136 1230//1137 1233//1140 1232//1139
f 1231//1138 1232//1139 1235//1142 1234//1141
f 1232//1139 1233//1140 1236//1143 1235//1142
f 10//10 446//414 1228//1135 443//411
f 446//414 447//415 1229//1136 1228//1135
f 447//415 448//416 1230//1137 1229//1136
f 448//416 11//11 449//417 1230//1137
f 1230//1137 449//417 450//418 1233//1140
f 1233//1140 450//418 451//419 1236//1143
f 1236//1143 451//419 75//71 421//389
f 1235//1142 1236//1143 421//389 420//388
f 1234//1141 1235//1142 420//388 419//387
f 445//413 1234//1141 419//387 74//70
f 444//412 1231//1138 1234//1141 445//413
f 443//411 1228//1135 1231//1138 444//412
f 1237//1144 1238//1145 1241//1148 1240//1147
f 1238//1145 1239//1146 1242//1149 1241//1148
f 1240//1147 1241//1148 1244//1151 1243//1150
f 1241//1148 1242//1149 1245//1152 1244//1151
f 11//11 452//420 1237//1144 449//417
f 452//420 453//421 1238//1145 1237//1144
f 453//421 454//422 1239//1146 1238//1145
f 454//422 12//12 455//423 1239//1146
f 1239//1146 455//423 456//424 1242//1149
f 1242//1149 456//424 457//425 1245//1152
f 1245//1152 457//425 76//72 427//395
f 1244//1151 1245//1152 427//395 426//394
f 1243//1150 1244//1151 426//394 425//393
f 451//419 1243//1150 425//393 75//71
f 450//418 1240//1147 1243//1150 451//419
f 449//417 1237//1144 1240//1147 450//418
f 1246//1153 1247//1154 1250//1157 1249//1156
f 1247//1154 1248//1155 1251//1158 1250//1157
f 1249//1156 1250//1157 1253//1160 1252//1159
f 1250//1157 1251//1158 1254//1161 1253//1160
f 12//12 458//426 1246//1153 455//423
f 458//426 459//427 1247//1154 1246//1153
f 459//427 460//428 1248//1155 1247//1154
f 460//428 9//9 439//407 1248//1155
f 1248//1155 439//407 438//406 1251//1158
f 1251//1158 438//406 437//405 1254//1161
f 1254//1161 437//405 73//69 436//404
f 1253//1160 1254//1161 436//404 435//403
f 1252//1159 1253//1160 435//403 434//402
f 457//425 1252//1159 434//402 76//72
f 456//424 1249//1156 1252//1159 457//425
f 455//423 1246//1153 1249//1156 456//424
f 1255//1162 1256//1163 1259//1166 1258//1165
f 1256//1163 1257//1164 1260//1167 1259//1166
f 1258//1165 1259//1166 1262//1169 1261//1168
f 1259//1166 1260//1167 1263//1170 1262//1169
f 79//75 464//432 1255//1162 463//431
f 464//432 465//433 1256//1163 1255//1162
f 465//433 466//434 1257//1164 1256//1163
f 466//434 80//76 467//435 1257//1164
f 1257//1164 467//435 468//436 1260//1167
f 1260//1167 468//436 469//437 1263//1170
f 1263//1170 469//437 78//74 137//129
f 1262//1169 1263//1170 137//129 138//130
f 1261//1168 1262//1169 138//130 139//131
f 461//429 1261//1168 139//131 77//73
f 462//430 1258//1165 1261//1168 461//429
f 463//431 1255//1162 1258//1165 462//430
f 1264//1171 1265//1172 1268//1175 1267//1174
f 1265//1172 1266//1173 1269//1176 1268//1175
f 1267//1174 1268//1175 1271//1178 1270//1177
f 1268//1175 1269//1176 1272//1179 1271//1178
f 80//76 470//438 1264//1171 467//435
f 470//438 471//439 1265//1172 1264//1171
f 471//439 472//440 1266//1173 1265//1172
f 472//440 81//77 473//441 1266//1173
f 1266//1173 473//441 474//442 1269//1176
f 1269//1176 474//442 475//443 1272//1179
f 1272//1179 475//443 58//54 134//126
f 1271//1178 1272//1179 134//126 135//127
f 1270//1177 1271//1178 135//127 136//128
f 469//437 1270//1177 136//128 78//74
f 468//436 1267//1174 1270//1177 469//437
f 467//435 1264//1171 1267//1174 468//436
f 1273//1180 1274//1181 1277//1184 1276//1183
f 1274//1181 1275//1182 1278//1185 1277//1184
f 1276//1183 1277//1184 1280//1187 1279//1186
f 1277//1184 1278//1185 1281//1188 1280//1187
f 81//77 476//444 1273//1180 473//441
f 476//444 477//445 1274//1181 1273//1180
f 477//445 478//446 1275//1182 1274//1181
f 478//446 82//78 479//447 1275//1182
f 1275//1182 479//447 480//448 1278//1185
f 1278//1185 480//448 481//449 1281//1188
f 1281//1188 481//449 57//53 382//350
f 1280//1187 1281//1188 382//350 381//349
f 1279//1186 1280//1187 381//349 380//348
f 475//443 1279//1186 380//348 58//54
f 474//442 1276//1183 1279//1186 475//443
f 473//441 1273//1180 1276//1183 474//442
f 1282//1189 1283//1190 1286//1193 1285//1192
f 1283//1190 1284//1191 1287//1194 1286//1193
f 1285//1192 1286//1193 1289//1196 1288//1195
f 1286//1193 1287//1194 1290//1197 1289//1196
f 82//78 482//450 1282//1189 479//447
f 482//450 483//451 1283//1190 1282//1189
f 483//451 484//452 1284//1191 1283//1190
f 484//452 79//75 463//431 1284//1191
f 1284//1191 463//431 462//430 1287//1194
f 1287//1194 462//430 461//429 1290//1197
f 1290//1197 461//429 77//73 127//119
f 1289//1196 1290//1197 127//119 126//118
f 1288//1195 1289//1196 126//118 125//117
f 481//449 1288//1195 125//117 57//53
f 480//448 1285//1192 1288//1195 481//449
f 479//447 1282//1189 1285//1192 480//448
f 1291//1198 1292//1199 1295//1202 1294//1201
f 1292//1199 1293//1200 1296//1203 1295//1202
f 1294//1201 1295//1202 1298//1205 1297//1204
f 1295//1202 1296//1203 1299//1206 1298//1205
f 13//13 488//456 1291//1198 487//455
f 488//456 489//457 1292//1199 1291//1198
f 489//457 490//458 1293//1200 1292//1199
f 490//458 14//14 491//459 1293//1200
f 1293//1200 491//459 492//460 1296//1203
f 1296//1203 492//460 493//461 1299//1206
f 1299//1206 493//461 80//76 466//434
f 1298//1205 1299//1206 466//434 465//433
f 1297//1204 1298//1205 465//433 464//432
f 485//453 1297//1204 464//432 79//75
f 486//454 1294//1201 1297//1204 485//453
f 487//455 1291//1198 1294//1201 486//454
f 1300//1207 1301//1208 1304//1211 1303//1210
f 1301//1208 1302//1209 1305//1212 1304//1211
f 1303//1210 1304//1211 1307//1214 1306//1213
f 1304//1211 1305//1212 1308//1215 1307//1214
f 14//14 494//462 1300//1207 491//459
f 494//462 495//463 1301//1208 1300//1207
f 495//463 496//464 1302//1209 1301//1208
f 496//464 15//15 497//465 1302//1209
f 1302//1209 497//465 498//466 1305//1212
f 1305//1212 498//466 499//467 1308//1215
f 1308//1215 499//467 81//77 472//440
f 1307//1214 1308//1215 472//440 471//439
f 1306//1213 1307//1214 471//439 470//438
f 493//461 1306//1213 470//438 80//76
f 492//460 1303//1210 1306//1213 493//461
f 491//459 1300//1207 1303//1210 492//460
f 1309//1216 1310//1217 1313//1220 1312//1219
f 1310//1217 1311//1218 1314//1221 1313//1220
f 1312//1219 1313//1220 1316//1223 1315//1222
f 1313//1220 1314//1221 1317//1224 1316//1223
f 15//15 500//468 1309//1216 497//465
f 500//468 501//469 1310//1217 1309//1216
f 501//469 502//470 1311//1218 1310//1217
f 502//470 16//16 503//471 1311//1218
f 1311//1218 503//471 504//472 1314//1221
f 1314//1221 504//472 505//473 1317//1224
f 1317//1224 505//473 82//78 478//446
f 1316//1223 1317//1224 478//446 477//445
f 1315//1222 1316//1223 477//445 476//444
f 499//467 1315//1222 476//444 81//77
f 498//466 1312//1219 1315//1222 499//467
f 497//465 1309//1216 1312//1219 498//466
f 1318//1225 1319//1226 1322//1229 1321//1228
f 1319//1226 1320//1227 1323//1230 1322//1229
f 1321//1228 1322//1229 1325//1232 1324//1231
f 1322//1229 1323//1230 1326//1233 1325//1232
f 16//16 506//474 1318//1225 503//471
f 506//474 507//475 1319//1226 1318//1225
f 507//475 508//476 1320//1227 1319//1226
f 508//476 13//13 487//455 1320//1227
f 1320//1227 487//455 486//454 1323//1230
f 1323//1230 486//454 485//453 1326//1233
f 1326//1233 485//453 79//75 484//452
f 1325//1232 1326//1233 484//452 483//451
f 1324//1231 1325//1232 483//451 482//450
f 505//473 1324//1231 482//450 82//78
f 504//472 1321//1228 1324//1231 505//473
f 503//471 1318//1225 1321//1228 504//472
f 1327//1234 1328//1235 1331//1238 1330//1237
f 1328//1235 1329//1236 1332//1239 1331//1238
f 1330//1237 1331//1238 1334//1241 1333//1240
f 1331//1238 1332//1239 1335//1242 1334//1241
f 83//79 512//480 1327//1234 511//479
f 512//480 513//481 1328//1235 1327//1234
f 513//481 514//482 1329//1236 1328//1235
f 514//482 84//80 515//483 1329//1236
f 1329//1236 515//483 516//484 1332//1239
f 1332//1239 516//484 517//485 1335//1242
f 1335//1242 517//485 14//14 490//458
f 1334//1241 1335//1242 490//458 489//457
f 1333//1240 1334//1241 489//457 488//456
f 509//477 1333//1240 488//456 13//13
f 510//478 1330//1237 1333//1240 509//477
f 511//479 1327//1234 1330//1237 510//478
f 1336//1243 1337//1244 1340//1247 1339//1246
f 1337//1244 1338//1245 1341//1248 1340//1247
f 1339//1246 1340//1247 1343//1250 1342//1249
f 1340//1247 1341//1248 1344//1251 1343//1250
f 84//80 518//486 1336//1243 515//483
f 518//486 519//487 1337//1244 1336//1243
f 519//487 520//488 1338//1245 1337//1244
f 520//488 85//81 521//489 1338//1245
f 1338//1245 521//489 522//490 1341//1248
f 1341//1248 522//490 523//491 1344//1251
f 1344//1251 523//491 15//15 496//464
f 1343//1250 1344//1251 496//464 495//463
f 1342//1249 1343//1250 495//463 494//462
f 517//485 1342//1249 494//462 14//14
f 516//484 1339//1246 1342//1249 517//485
f 515//483 1336//1243 1339//1246 516//484
f 1345//1252 1346//1253 1349//1256 1348//1255
f 1346//1253 1347//1254 1350//1257 1349//1256
f 1348//1255 1349//1256 1352//1259 1351//1258
f 1349//1256 1350//1257 1353//1260 1352//1259
f 85//81 524//492 1345//1252 521//489
f 524//492 525//493 1346//1253 1345//1252
f 525//493 526//494 1347//1254 1346//1253
f 526//494 86//82 527//495 1347//1254
f 1347//1254 527//495 528//496 1350//1257
f 1350//1257 528//496 529//497 1353//1260
f 1353//1260 529//497 16//16 502//470
f 1352//1259 1353//1260 502//470 501//469
f 1351//1258 1352//1259 501//469 500//468
f 523//491 1351//1258 500//468 15//15
f 522//490 1348//1255 1351//1258 523//491
f 521//489 1345//1252 1348//1255 522//490
f 1354//1261 1355//1262 1358//1265 1357//1264
f 1355//1262 1356//1263 1359//1266 1358//1265
f 1357//1264 1358//1265 1361//1268 1360//1267
f 1358//1265 1359//1266 1362//1269 1361//1268
f 86//82 530//498 1354//1261 527//495
f 530//498 531//499 1355//1262 1354//1261
f 531//499 532//500 1356//1263 1355//1262
f 532//500 83//79 511//479 1356//1263
f 1356//1263 511//479 510//478 1359//1266
f 1359//1266 510//478 509//477 1362//1269
f 1362//1269 509//477 13//13 508//476
f 1361//1268 1362//1269 508//476 507//475
f 1360//1267 1361//1268 507//475 506//474
f 529//497 1360//1267 506//474 16//16
f 528//496 1357//1264 1360//1267 529//497
f 527//495 1354//1261 1357//1264 528//496
f 1363//1270 1364//1271 1367//1274 1366//1273
f 1364//1271 1365//1272 1368//1275 1367//1274
f 1366//1273 1367//1274 1370//1277 1369//1276
f 1367//1274 1368//1275 1371//1278 1370//1277
f 17//17 536//504 1363//1270 535//503
f 536//504 537//505 1364//1271 1363//1270
f 537//505 538//506 1365//1272 1364//1271
f 538//506 18//18 539//507 1365//1272
f 1365//1272 539//507 540//508 1368//1275
f 1368//1275 540//508 541//509 1371//1278
f 1371//1278 541//509 84//80 514//482
f 1370//1277 1371//1278 514//482 513//481
f 1369//1276 1370//1277 513//481 512//480
f 533//501 1369//1276 512//480 83//79
f 534//502 1366//1273 1369//1276 533//501
f 535//503 1363//1270 1366//1273 534//502
f 1372//1279 1373//1280 1376//1283 1375//1282
f 1373//1280 1374//1281 1377//1284 1376//1283
f 1375//1282 1376//1283 1379//1286 1378//1285
f 1376//1283 1377//1284 1380//1287 1379//1286
f 18//18 542//510 1372//1279 539//507
f 542//510 543//511 1373//1280 1372//1279
f 543//511 544//512 1374//1281 1373//1280
f 544//512 19//19 545//513 1374//1281
f 1374//1281 545//513 546//514 1377//1284
f 1377//1284 546//514 547//515 1380//1287
f 1380//1287 547//515 85//81 520//488
f 1379//1286 1380//1287 520//488 519//487
f 1378//1285 1379//1286 519//487 518//486
f 541//509 1378//1285 518//486 84//80
f 540//508 1375//1282 1378//1285 541//509
f 539//507 1372//1279 1375//1282 540//508
f 1381//1288 1382//1289 1385//1292 1384//1291
f 1382//1289 1383//1290 1386//1293 1385//1292
f 1384//1291 1385//1292 1388//1295 1387//1294
f 1385//1292 1386//1293 1389//1296 1388//1295
f 19//19 548//516 1381//1288 545//513
f 548//516 549//517 1382//1289 1381//1288
f 549//517 550//518 1383//1290 1382//1289
f 550//518 20//20 551//519 1383//1290
f 1383//1290 551//519 552//520 1386//1293
f 1386//1293 552//520 553//521 1389//1296
f 1389//1296 553//521 86//82 526//494
f 1388//1295 1389//1296 526//494 525//493
f 1387//1294 1388//1295 525//493 524//492
f 547//515 1387//1294 524//492 85//81
f 546//514 1384//1291 1387//1294 547//515
f 545//513 1381//1288 1384//1291 546//514
f 1390//1297 1391//1298 1394//1301 1393//1300
f 1391//1298 1392//1299 1395//1302 1394//1301
f 1393//1300 1394//1301 1397//1304 1396//1303
f 1394//1301 1395//1302 1398//1305 1397//1304
f 20//20 554//522 1390//1297 551//519
f 554//522 555//523 1391//1298 1390//1297
f 555//523 556//524 1392//1299 1391//1298
f 556//524 17//17 535//503 1392//1299
f 1392//1299 535//503 534//502 1395//1302
f 1395//1302 534//502 533//501 1398//1305
f 1398//1305 533//501 83//79 532//500
f 1397//1304 1398//1305 532//500 531//499
f 1396//1303 1397//1304 531//499 530//498
f 553//521 1396//1303 530//498 86//82
f 552//520 1393//1300 1396//1303 553//521
f 551//519 1390//1297 1393//1300 552//520
f 1399//1306 1400//1307 1403//1310 1402//1309
f 1400//1307 1401//1308 1404//1311 1403//1310
f 1402//1309 1403//1310 1406//1313 1405//1312
f 1403//1310 1404//1311 1407//1314 1406//1313
f 87//83 560//528 1399//1306 559//527
f 560//528 561//529 1400//1307 1399//1306
f 561//529 562//530 1401//1308 1400//1307
f 562//530 88//84 563//531 1401//1308
f 1401//1308 563//531 564//532 1404//1311
f 1404//1311 564//532 565//533 1407//1314
f 1407//1314 565//533 18//18 538//506
f 1406//1313 1407//1314 538//506 537//505
f 1405//1312 1406//1313 537//505 536//504
f 557//525 1405//1312 536//504 17//17
f 558//526 1402//1309 1405//1312 557//525
f 559//527 1399//1306 1402//1309 558//526
f 1408//1315 1409//1316 1412//1319 1411//1318
f 1409//1316 1410//1317 1413//1320 1412//1319
f 1411//1318 1412//1319 1415//1322 1414//1321
f 1412//1319 1413//1320 1416//1323 1415//1322
f 88//84 566//534 1408//1315 563//531
f 566//534 567//535 1409//1316 1408//1315
f 567//535 568//536 1410//1317 1409//1316
f 568//536 89//85 569//537 1410//1317
f 1410//1317 569//537 570//538 1413//1320
f 1413//1320 570//538 571//539 1416//1323
f 1416//1323 571//539 19//19 544//512
f 1415//1322 1416//1323 544//512 543//511
f 1414//1321 1415//1322 543//511 542//510
f 565//533 1414//1321 542//510 18//18
f 564//532 1411//1318 1414//1321 565//533
f 563//531 1408//1315 1411//1318 564//532
f 1417//1324 1418//1325 1421//1328 1420//1327
f 1418//1325 1419//1326 1422//1329 1421//1328
f 1420//1327 1421//1328 1424//1331 1423//1330
f 1421//1328 1422//1329 1425//1332 1424//1331
f 89//85 572//540 1417//1324 569//537
f 572//540 573//541 1418//1325 1417//1324
f 573//541 574//542 1419//1326 1418//1325
f 574//542 90//86 575//543 1419//1326
f 1419//1326 575//543 576//544 1422//1329
f 1422//1329 576//544 577//545 1425//1332
f 1425//1332 577//545 20//20 550//518
f 1424//1331 1425//1332 550//518 549//517
f 1423//1330 1424//1331 549//517 548//516
f 571//539 1423//1330 548//516 19//19
f 570//538 1420//1327 1423//1330 571//539
f 569//537 1417//1324 1420//1327 570//538
f 1426//1333 1427//1334 1430//1337 1429//1336
f 1427//1334 1428//1335 1431//1338 1430//1337
f 1429//1336 1430//1337 1433//1340 1432//1339
f 1430//1337 1431//1338 1434//1341 1433//1340
f 90//86 578//546 1426//1333 575//543
f 578//546 579//547 1427//1334 1426//1333
f 579//547 580//548 1428//1335 1427//1334
f 580//548 87//83 559//527 1428//1335
f 1428//1335 559//527 558//526 1431//1338
f 1431//1338 558//526 557//525 1434//1341
f 1434//1341 557//525 17//17 556//524
f 1433//1340 1434//1341 556//524 555//523
f 1432//1339 1433//1340 555//523 554//522
f 577//545 1432//1339 554//522 20//20
f 576//544 1429//1336 1432//1339 577//545
f 575//543 1426//1333 1429//1336 576//544
f 1435//1342 1436//1343 1439//1346 1438//1345
f 1436//1343 1437//1344 1440//1347 1439//1346
f 1438//1345 1439//1346 1442//1349 1441//1348
f 1439//1346 1440//1347 1443//1350 1442//1349
f 91//87 584//552 1435//1342 583//551
f 584//552 585//553 1436//1343 1435//1342
f 585//553 586//554 1437//1344 1436//1343
f 586//554 92//88 587//555 1437//1344
f 1437//1344 587//555 588//556 1440//1347
f 1440//1347 588//556 589//557 1443//1350
f 1443//1350 589//557 88//84 562//530
f 1442//1349 1443//1350 562//530 561//529
f 1441//1348 1442//1349 561//529 560//528
f 581//549 1441//1348 560//528 87//83
f 582//550 1438//1345 1441//1348 581//549
f 583//551 1435//1342 1438//1345 582//550
f 1444//1351 1445//1352 1448//1354 1447//1353
f 1445//1352 1446//560 1449//1355 1448//1354
f 1447//1353 1448//1354 1451//1357 1450//1356
f 1448//1354 1449//1355 1452//1358 1451//1357
f 92//88 590//558 1444//1351 587//555
f 590//558 591//559 1445//1352 1444//1351
f 591//559 592//560 1446//560 1445//1352
f 592//560 93//89 593//561 1446//560
f 1446//560 593//561 594//562 1449//1355
f 1449//1355 594//562 595//563 1452//1358
f 1452//1358 595//563 89//85 568//536
f 1451//1357 1452//1358 568//536 567//535
f 1450//1356 1451//1357 567//535 566//534
f 589//557 1450//1356 566//534 88//84
f 588//556 1447//1353 1450//1356 589//557
f 587//555 1444//1351 1447//1353 588//556
f 1453//1359 1454//1360 1457//1363 1456//1362
f 1454//1360 1455//1361 1458//1364 1457//1363
f 1456//1362 1457//1363 1460//1366 1459//1365
f 1457//1363 1458//1364 1461//1367 1460//1366
f 93//89 596//564 1453//1359 593//561
f 596//564 597//565 1454//1360 1453//1359
f 597//565 598//566 1455//1361 1454//1360
f 598//566 94//90 599//90 1455//1361
f 1455//1361 599//90 600//567 1458//1364
f 1458//1364 600//567 601//568 1461//1367
f 1461//1367 601//568 90//86 574//542
f 1460//1366 1461//1367 574//542 573//541
f 1459//1365 1460//1366 573//541 572//540
f 595//563 1459//1365 572//540 89//85
f 594//562 1456//1362 1459//1365 595//563
f 593//561 1453//1359 1456//1362 594//562
f 1462//569 1463//1368 1466//1371 1465//1370
f 1463//1368 1464//1369 1467//1372 1466//1371
f 1465//1370 1466//1371 1469//1374 1468//1373
f 1466//1371 1467//1372 1470//1375 1469//1374
f 94//90 602//569 1462//569 599//90
f 602//569 603//570 1463//1368 1462//569
f 603//570 604//571 1464//1369 1463//1368
f 604//571 91//87 583//551 1464//1369
f 1464//1369 583//551 582//550 1467//1372
f 1467//1372 582//550 581//549 1470//1375
f 1470//1375 581//549 87//83 580//548
f 1469//1374 1470//1375 580//548 579//547
f 1468//1373 1469//1374 579//547 578//546
f 601//568 1468//1373 578//546 90//86
f 600//567 1465//1370 1468//1373 601//568
f 599//90 1462//569 1465//1370 600//567
f 1471//1376 1472//1377 1475//1380 1474//1379
f 1472//1377 1473//1378 1476//1381 1475//1380
f 1474//1379 1475//1380 1478//1383 1477//1382
f 1475//1380 1476//1381 1479//1384 1478//1383
f 21//21 169//161 1471//1376 607//574
f 169//161 168//160 1472//1377 1471//1376
f 168//160 167//159 1473//1378 1472//1377
f 167//159 22//22 608//575 1473//1378
f 1473//1378 608//575 609//576 1476//1381
f 1476//1381 609//576 610//577 1479//1384
f 1479//1384 610//577 92//88 586//554
f 1478//1383 1479//1384 586//554 585//553
f 1477//1382 1478//1383 585//553 584//552
f 605//572 1477//1382 584//552 91//87
f 606//573 1474//1379 1477//1382 605//572
f 607//574 1471//1376 1474//1379 606//573
f 1480//1385 1481//1386 1484//1389 1483//1388
f 1481//1386 1482//1387 1485//1390 1484//1389
f 1483//1388 1484//1389 1487//1392 1486//1391
f 1484//1389 1485//1390 1488//1393 1487//1392
f 22//22 244//236 1480//1385 608//575
f 244//236 243//235 1481//1386 1480//1385
f 243//235 242//234 1482//1387 1481//1386
f 242//234 23//23 611//578 1482//1387
f 1482//1387 611//578 612//579 1485//1390
f 1485//1390 612//579 613//580 1488//1393
f 1488//1393 613//580 93//89 592//560
f 1487//1392 1488//1393 592//560 591//559
f 1486//1391 1487//1392 591//559 590//558
f 610//577 1486//1391 590//558 92//88
f 609//576 1483//1388 1486//1391 610//577
f 608//575 1480//1385 1483//1388 609//576
f 1489//1394 1490//1395 1493//1398 1492//1397
f 1490//1395 1491//1396 1494//1399 1493//1398
f 1492//1397 1493//1398 1496//1401 1495//1400
f 1493//1398 1494//1399 1497//1402 1496//1401
f 23//23 148//140 1489//1394 611//578
f 148//140 147//139 1490//1395 1489//1394
f 147//139 146//138 1491//1396 1490//1395
f 146//138 24//24 614//581 1491//1396
f 1491//1396 614//581 615//582 1494//1399
f 1494//1399 615//582 616//583 1497//1402
f 1497//1402 616//583 94//90 598//566
f 1496//1401 1497//1402 598//566 597//565
f 1495//1400 1496//1401 597//565 596//564
f 613//580 1495//1400 596//564 93//89
f 612//579 1492//1397 1495//1400 613//580
f 611//578 1489//1394 1492//1397 612//579
f 1498//1403 1499//1404 1502//1407 1501//1406
f 1499//1404 1500//1405 1503//1408 1502//1407
f 1501//1406 1502//1407 1505//1410 1504//1409
f 1502//1407 1503//1408 1506//1411 1505//1410
f 24//24 163//155 1498//1403 614//581
f 163//155 162//154 1499//1404 1498//1403
f 162//154 161//153 1500//1405 1499//1404
f 161//153 21//21 607//574 1500//1405
f 1500//1405 607//574 606//573 1503//1408
f 1503//1408 606//573 605//572 1506//1411
f 1506//1411 605//572 91//87 604//571
f 1505//1410 1506//1411 604//571 603//570
f 1504//1409 1505//1410 603//570 602//569
f 616//583 1504//1409 602//569 94//90
f 615//582 1501//1406 1504//1409 616//583
f 614//581 1498//1403 1501//1406 615//582
f 1507//1412 1508//1413 1511//1416 1510//1415
f 1508//1413 1509//1414 1512//1417 1511//1416
f 1510//1415 1511//1416 1514//1419 1513//1418
f 1511//1416 1512//1417 1515//1420 1514//1419
f 25//25 620//587 1507//1412 619//586
f 620//587 621//588 1508//1413 1507//1412
f 621//588 622//589 1509//1414 1508//1413
f 622//589 26//26 623//590 1509//1414
f 1509//1414 623//590 624//591 1512//1417
f 1512//1417 624//591 625//592 1515//1420
f 1515//1420 625//592 96//92 194//186
f 1514//1419 1515//1420 194//186 195//187
f 1513//1418 1514//1419 195//187 196//188
f 617//584 1513//1418 196//188 95//91
f 618//585 1510//1415 1513//1418 617//584
f 619//586 1507//1412 1510//1415 618//585
f 1516//1421 1517//1422 1520//1425 1519//1424
f 1517//1422 1518//1423 1521//1426 1520//1425
f 1519//1424 1520//1425 1523//1428 1522//1427
f 1520//1425 1521//1426 1524//1429 1523//1428
f 26//26 626//593 1516//1421 623//590
f 626//593 627//594 1517//1422 1516//1421
f 627//594 628//595 1518//1423 1517//1422
f 628//595 27//27 629//596 1518//1423
f 1518//1423 629//596 630//597 1521//1426
f 1521//1426 630//597 631//598 1524//1429
f 1524//1429 631//598 72//68 131//123
f 1523//1428 1524//1429 131//123 132//124
f 1522//1427 1523//1428 132//124 133//125
f 625//592 1522//1427 133//125 96//92
f 624//591 1519//1424 1522//1427 625//592
f 623//590 1516//1421 1519//1424 624//591
f 1525//1430 1526//1431 1529//1434 1528//1433
f 1526//1431 1527//1432 1530//1435 1529//1434
f 1528//1433 1529//1434 1532//1437 1531//1436
f 1529//1434 1530//1435 1533//1438 1532//1437
f 27//27 632//599 1525//1430 629//596
f 632//599 633//600 1526//1431 1525//1430
f 633//600 634//601 1527//1432 1526//1431
f 634//601 28//28 635//602 1527//1432
f 1527//1432 635//602 636//603 1530//1435
f 1530//1435 636//603 637//604 1533//1438
f 1533//1438 637//604 71//67 433//401
f 1532//1437 1533//1438 433//401 432//400
f 1531//1436 1532//1437 432//400 431//399
f 631//598 1531//1436 431//399 72//68
f 630//597 1528//1433 1531//1436 631//598
f 629//596 1525//1430 1528//1433 630//597
f 1534//1439 1535//1440 1538//1443 1537//1442
f 1535//1440 1536//1441 1539//1444 1538//1443
f 1537//1442 1538//1443 1541//1446 1540//1445
f 1538//1443 1539//1444 1542//1447 1541//1446
f 28//28 638//605 1534//1439 635//602
f 638//605 639//606 1535//1440 1534//1439
f 639//606 640//607 1536//1441 1535//1440
f 640//607 25//25 619//586 1536//1441
f 1536//1441 619//586 618//585 1539//1444
f 1539//1444 618//585 617//584 1542//1447
f 1542//1447 617//584 95//91 191//183
f 1541//1446 1542//1447 191//183 192//184
f 1540//1445 1541//1446 192//184 193//185
f 637//604 1540//1445 193//185 71//67
f 636//603 1537//1442 1540//1445 637//604
f 635//602 1534//1439 1537//1442 636//603
f 1543//1448 1544//1449 1547//1452 1546//1451
f 1544//1449 1545//1450 1548//1453 1547//1452
f 1546//1451 1547//1452 1550//1455 1549//1454
f 1547//1452 1548//1453 1551//1456 1550//1455
f 97//93 644//611 1543//1448 643//610
f 644//611 645//612 1544//1449 1543//1448
f 645//612 646//613 1545//1450 1544//1449
f 646//613 98//94 647//614 1545//1450
f 1545//1450 647//614 648//615 1548//1453
f 1548//1453 648//615 649//616 1551//1456
f 1551//1456 649//616 26//26 622//589
f 1550//1455 1551//1456 622//589 621//588
f 1549//1454 1550//1455 621//588 620//587
f 641//608 1549//1454 620//587 25//25
f 642//609 1546//1451 1549//1454 641//608
f 643//610 1543//1448 1546//1451 642//609
f 1552//1457 1553//1458 1556//1461 1555//1460
f 1553//1458 1554//1459 1557//1462 1556//1461
f 1555//1460 1556//1461 1559//1464 1558//1463
f 1556//1461 1557//1462 1560//1465 1559//1464
f 98//94 650//617 1552//1457 647//614
f 650//617 651//618 1553//1458 1552//1457
f 651//618 652//619 1554//1459 1553//1458
f 652//619 99//95 653//620 1554//1459
f 1554//1459 653//620 654//621 1557//1462
f 1557//1462 654//621 655//622 1560//1465
f 1560//1465 655//622 27//27 628//595
f 1559//1464 1560//1465 628//595 627//594
f 1558//1463 1559//1464 627//594 626//593
f 649//616 1558//1463 626//593 26//26
f 648//615 1555//1460 1558//1463 649//616
f 647//614 1552//1457 1555//1460 648//615
f 1561//1466 1562//1467 1565//1470 1564//1469
f 1562//1467 1563//1468 1566//1471 1565//1470
f 1564//1469 1565//1470 1568//1473 1567//1472
f 1565//1470 1566//1471 1569//1474 1568//1473
f 99//95 656//623 1561//1466 653//620
f 656//623 657//624 1562//1467 1561//1466
f 657//624 658//625 1563//1468 1562//1467
f 658//625 100//96 659//626 1563//1468
f 1563//1468 659//626 660//627 1566//1471
f 1566//1471 660//627 661//628 1569//1474
f 1569//1474 661//628 28//28 634//601
f 1568//1473 1569//1474 634//601 633//600
f 1567//1472 1568//1473 633//600 632//599
f 655//622 1567//1472 632//599 27//27
f 654//621 1564//1469 1567//1472 655//622
f 653//620 1561//1466 1564//1469 654//621
f 1570//1475 1571//1476 1574//1479 1573//1478
f 1571//1476 1572//1477 1575//1480 1574//1479
f 1573//1478 1574//1479 1577//1482 1576//1481
f 1574//1479 1575//1480 1578//1483 1577//1482
f 100//96 662//629 1570//1475 659//626
f 662//629 663//630 1571//1476 1570//1475
f 663//630 664//631 1572//1477 1571//1476
f 664//631 97//93 643//610 1572//1477
f 1572//1477 643//610 642//609 1575//1480
f 1575//1480 642//609 641//608 1578//1483
f 1578//1483 641//608 25//25 640//607
f 1577//1482 1578//1483 640//607 639//606
f 1576//1481 1577//1482 639//606 638//605
f 661//628 1576//1481 638//605 28//28
f 660//627 1573//1478 1576//1481 661//628
f 659//626 1570//1475 1573//1478 660//627
f 1579//1484 1580//1485 1583//1488 1582//1487
f 1580//1485 1581//1486 1584//1489 1583//1488
f 1582//1487 1583//1488 1586//1491 1585//1490
f 1583//1488 1584//1489 1587//1492 1586//1491
f 29//29 668//635 1579//1484 667//634
f 668//635 669//636 1580//1485 1579//1484
f 669//636 670//637 1581//1486 1580//1485
f 670//637 30//30 671//638 1581//1486
f 1581//1486 671//638 672//639 1584//1489
f 1584//1489 672//639 673//640 1587//1492
f 1587//1492 673//640 98//94 646//613
f 1586//1491 1587//1492 646//613 645//612
f 1585//1490 1586//1491 645//612 644//611
f 665//632 1585//1490 644//611 97//93
f 666//633 1582//1487 1585//1490 665//632
f 667//634 1579//1484 1582//1487 666//633
f 1588//1493 1589//1494 1592//1497 1591//1496
f 1589//1494 1590//1495 1593//1498 1592//1497
f 1591//1496 1592//1497 1595//1500 1594//1499
f 1592//1497 1593//1498 1596//1501 1595//1500
f 30//30 674//641 1588//1493 671//638
f 674//641 675//642 1589//1494 1588//1493
f 675//642 676//643 1590//1495 1589//1494
f 676//643 31//31 677//644 1590//1495
f 1590//1495 677//644 678//645 1593//1498
f 1593//1498 678//645 679//646 1596//1501
f 1596//1501 679//646 99//95 652//619
f 1595//1500 1596//1501 652//619 651//618
f 1594//1499 1595//1500 651//618 650//617
f 673//640 1594//1499 650//617 98//94
f 672//639 1591//1496 1594//1499 673//640
f 671//638 1588//1493 1591//1496 672//639
f 1597//1502 1598//1503 1601//1506 1600//1505
f 1598//1503 1599//1504 1602//1507 1601//1506
f 1600//1505 1601//1506 1604//1509 1603//1508
f 1601//1506 1602//1507 1605//1510 1604//1509
f 31//31 680//647 1597//1502 677//644
f 680//647 681//648 1598//1503 1597//1502
f 681//648 682//649 1599//1504 1598//1503
f 682//649 32//32 683//650 1599//1504
f 1599//1504 683//650 684//651 1602//1507
f 1602//1507 684//651 685//652 1605//1510
f 1605//1510 685//652 100//96 658//625
f 1604//1509 1605//1510 658//625 657//624
f 1603//1508 1604//1509 657//624 656//623
f 679//646 1603//1508 656//623 99//95
f 678//645 1600//1505 1603//1508 679//646
f 677//644 1597//1502 1600//1505 678//645
f 1606//1511 1607//1512 1610//1515 1609//1514
f 1607//1512 1608//1513 1611//1516 1610//1515
f 1609//1514 1610//1515 1613//1518 1612//1517
f 1610//1515 1611//1516 1614//1519 1613//1518
f 32//32 686//653 1606//1511 683//650
f 686//653 687//654 1607//1512 1606//1511
f 687//654 688//655 1608//1513 1607//1512
f 688//655 29//29 667//634 1608//1513
f 1608//1513 667//634 666//633 1611//1516
f 1611//1516 666//633 665//632 1614//1519
f 1614//1519 665//632 97//93 664//631
f 1613//1518 1614//1519 664//631 663//630
f 1612//1517 1613//1518 663//630 662//629
f 685//652 1612//1517 662//629 100//96
f 684//651 1609//1514 1612//1517 685//652
f 683//650 1606//1511 1609//1514 684//651
f 1615//1520 1616//1521 1619//1524 1618//1523
f 1616//1521 1617//1522 1620//1525 1619//1524
f 1618//1523 1619//1524 1622//1527 1621//1526
f 1619//1524 1620//1525 1623//1528 1622//1527
f 101//97 692//659 1615//1520 691//658
f 692//659 693//660 1616//1521 1615//1520
f 693//660 694//661 1617//1522 1616//1521
f 694//661 102//98 695//662 1617//1522
f 1617//1522 695//662 696//663 1620//1525
f 1620//1525 696//663 697//664 1623//1528
f 1623//1528 697//664 30//30 670//637
f 1622//1527 1623//1528 670//637 669//636
f 1621//1526 1622//1527 669//636 668//635
f 689//656 1621//1526 668//635 29//29
f 690//657 1618//1523 1621//1526 689//656
f 691//658 1615//1520 1618//1523 690//657
f 1624//1529 1625//1530 1628//1533 1627//1532
f 1625//1530 1626//1531 1629//1534 1628//1533
f 1627//1532 1628//1533 1631//1536 1630//1535
f 1628//1533 1629//1534 1632//1537 1631//1536
f 102//98 698//665 1624//1529 695//662
f 698//665 699//666 1625//1530 1624//1529
f 699//666 700//667 1626//1531 1625//1530
f 700//667 103//99 701//668 1626//1531
f 1626//1531 701//668 702//669 1629//1534
f 1629//1534 702//669 703//670 1632//1537
f 1632//1537 703//670 31//31 676//643
f 1631//1536 1632//1537 676//643 675//642
f 1630//1535 1631//1536 675//642 674//641
f 697//664 1630//1535 674//641 30//30
f 696//663 1627//1532 1630//1535 697//664
f 695//662 1624//1529 1627//1532 696//663
f 1633//1538 1634//1539 1637//1542 1636//1541
f 1634//1539 1635//1540 1638//1543 1637//1542
f 1636//1541 1637//1542 1640//1545 1639//1544
f 1637//1542 1638//1543 1641//1546 1640//1545
f 103//99 704//671 1633//1538 701//668
f 704//671 705//672 1634//1539 1633//1538
f 705//672 706//673 1635//1540 1634//1539
f 706//673 104//100 707//674 1635//1540
f 1635//1540 707//674 708//675 1638//1543
f 1638//1543 708//675 709//676 1641//1546
f 1641//1546 709//676 32//32 682//649
f 1640//1545 1641//1546 682//649 681//648
f 1639//1544 1640//1545 681//648 680//647
f 703//670 1639//1544 680//647 31//31
f 702//669 1636//1541 1639//1544 703//670
f 701//668 1633//1538 1636//1541 702//669
f 1642//1547 1643//1548 1646//1551 1645//1550
f 1643//1548 1644//1549 1647//1552 1646//1551
f 1645//1550 1646//1551 1649//1554 1648//1553
f 1646//1551 1647//1552 1650//1555 1649//1554
f 104//100 710//677 1642//1547 707//674
f 710//677 711//678 1643//1548 1642//1547
f 711//678 712//679 1644//1549 1643//1548
f 712//679 101//97 691//658 1644//1549
f 1644//1549 691//658 690//657 1647//1552
f 1647//1552 690//657 689//656 1650//1555
f 1650//1555 689//656 29//29 688//655
f 1649//1554 1650//1555 688//655 687//654
f 1648//1553 1649//1554 687//654 686//653
f 709//676 1648//1553 686//653 32//32
f 708//675 1645//1550 1648//1553 709//676
f 707//674 1642//1547 1645//1550 708//675
f 1651//1556 1652//1557 1655//1560 1654//1559
f 1652//1557 1653//1558 1656//1561 1655//1560
f 1654//1559 1655//1560 1658//1563 1657//1562
f 1655//1560 1656//1561 1659//1564 1658//1563
f 33//33 250//242 1651//1556 715//682
f 250//242 249//241 1652//1557 1651//1556
f 249//241 248//240 1653//1558 1652//1557
f 248//240 34//34 716//683 1653//1558
f 1653//1558 716//683 717//684 1656//1561
f 1656//1561 717//684 718//685 1659//1564
f 1659//1564 718//685 102//98 694//661
f 1658//1563 1659//1564 694//661 693//660
f 1657//1562 1658//1563 693//660 692//659
f 713//680 1657//1562 692//659 101//97
f 714//681 1654//1559 1657//1562 713//680
f 715//682 1651//1556 1654//1559 714//681
f 1660//1565 1661//1566 1664//1569 1663//1568
f 1661//1566 1662//1567 1665//1570 1664//1569
f 1663//1568 1664//1569 1667//1572 1666//1571
f 1664//1569 1665//1570 1668//1573 1667//1572
f 34//34 247//239 1660//1565 716//683
f 247//239 246//238 1661//1566 1660//1565
f 246//238 245//237 1662//1567 1661//1566
f 245//237 35//35 719//686 1662//1567
f 1662//1567 719//686 720//687 1665//1570
f 1665//1570 720//687 721//688 1668//1573
f 1668//1573 721//688 103//99 700//667
f 1667//1572 1668//1573 700//667 699//666
f 1666//1571 1667//1572 699//666 698//665
f 718//685 1666//1571 698//665 102//98
f 717//684 1663//1568 1666//1571 718//685
f 716//683 1660//1565 1663//1568 717//684
f 1669//1574 1670//1575 1673//1578 1672//1577
f 1670//1575 1671//1576 1674//1579 1673//1578
f 1672//1577 1673//1578 1676//1581 1675//1580
f 1673//1578 1674//1579 1677//1582 1676//1581
f 35//35 130//122 1669//1574 719//686
f 130//122 129//121 1670//1575 1669//1574
f 129//121 128//120 1671//1576 1670//1575
f 128//120 36//36 722//689 1671//1576
f 1671//1576 722//689 723//690 1674//1579
f 1674//1579 723//690 724//691 1677//1582
f 1677//1582 724//691 104//100 706//673
f 1676//1581 1677//1582 706//673 705//672
f 1675//1580 1676//1581 705//672 704//671
f 721//688 1675//1580 704//671 103//99
f 720//687 1672//1577 1675//1580 721//688
f 719//686 1669//1574 1672//1577 720//687
f 1678//1583 1679//1584 1682//1587 1681//1586
f 1679//1584 1680//1585 1683//1588 1682//1587
f 1681//1586 1682//1587 1685//1590 1684//1589
f 1682//1587 1683//1588 1686//1591 1685//1590
f 36//36 160//152 1678//1583 722//689
f 160//152 159//151 1679//1584 1678//1583
f 159//151 158//150 1680//1585 1679//1584
f 158//150 33//33 715//682 1680//1585
f 1680//1585 715//682 714//681 1683//1588
f 1683//1588 714//681 713//680 1686//1591
f 1686//1591 713//680 101//97 712//679
f 1685//1590 1686//1591 712//679 711//678
f 1684//1589 1685//1590 711//678 710//677
f 724//691 1684//1589 710//677 104//100
f 723//690 1681//1586 1684//1589 724//691
f 722//689 1678//1583 1681//1586 723//690
f 1687//1592 1688//1593 1691//1596 1690//1595
f 1688//1593 1689//1594 1692//1597 1691//1596
f 1690//1595 1691//1596 1694//1599 1693//1598
f 1691//1596 1692//1597 1695//1600 1694//1599
f 105//101 728//695 1687//1592 727//694
f 728//695 729//696 1688//1593 1687//1592
f 729//696 730//697 1689//1594 1688//1593
f 730//697 106//102 731//698 1689//1594
f 1689//1594 731//698 732//699 1692//1597
f 1692//1597 732//699 733//700 1695//1600
f 1695//1600 733//700 10//10 442//410
f 1694//1599 1695//1600 442//410 441//409
f 1693//1598 1694//1599 441//409 440//408
f 725//692 1693//1598 440//408 9//9
f 726//693 1690//1595 1693//1598 725//692
f 727//694 1687//1592 1690//1595 726//693
f 1696//1601 1697//1602 1700//1605 1699//1604
f 1697//1602 1698//1603 1701//1606 1700//1605
f 1699//1604 1700//1605 1703//1608 1702//1607
f 1700//1605 1701//1606 1704//1609 1703//1608
f 106//102 734//701 1696//1601 731//698
f 734//701 735//702 1697//1602 1696//1601
f 735//702 736//703 1698//1603 1697//1602
f 736//703 107//103 737//704 1698//1603
f 1698//1603 737//704 738//705 1701//1606
f 1701//1606 738//705 739//706 1704//1609
f 1704//1609 739//706 11//11 448//416
f 1703//1608 1704//1609 448//416 447//415
f 1702//1607 1703//1608 447//415 446//414
f 733//700 1702//1607 446//414 10//10
f 732//699 1699//1604 1702//1607 733//700
f 731//698 1696//1601 1699//1604 732//699
f 1705//1610 1706//1611 1709//1614 1708//1613
f 1706//1611 1707//1612 1710//1615 1709//1614
f 1708//1613 1709//1614 1712//1617 1711//1616
f 1709//1614 1710//1615 1713//1618 1712//1617
f 107//103 740//707 1705//1610 737//704
f 740//707 741//708 1706//1611 1705//1610
f 741//708 742//709 1707//1612 1706//1611
f 742//709 108//104 743//710 1707//1612
f 1707//1612 743//710 744//711 1710//1615
f 1710//1615 744//711 745//712 1713//1618
f 1713//1618 745//712 12//12 454//422
f 1712//1617 1713//1618 454//422 453//421
f 1711//1616 1712//1617 453//421 452//420
f 739//706 1711//1616 452//420 11//11
f 738//705 1708//1613 1711//1616 739//706
f 737//704 1705//1610 1708//1613 738//705
f 1714//1619 1715//1620 1718//1623 1717//1622
f 1715//1620 1716//1621 1719//1624 1718//1623
f 1717//1622 1718//1623 1721//1626 1720//1625
f 1718//1623 1719//1624 1722//1627 1721//1626
f 108//104 746//713 1714//1619 743//710
f 746//713 747//714 1715//1620 1714//1619
f 747//714 748//715 1716//1621 1715//1620
f 748//715 105//101 727//694 1716//1621
f 1716//1621 727//694 726//693 1719//1624
f 1719//1624 726//693 725//692 1722//1627
f 1722//1627 725//692 9//9 460//428
f 1721//1626 1722//1627 460//428 459//427
f 1720//1625 1721//1626 459//427 458//426
f 745//712 1720//1625 458//426 12//12
f 744//711 1717//1622 1720//1625 745//712
f 743//710 1714//1619 1717//1622 744//711
f 1723//695 1724//696 1727//696 1726//695
f 1724//696 1725//697 1728//697 1727//696
f 1726//695 1727//696 1730//696 1729//695
f 1727//696 1728//697 1731//697 1730//696
f 109//101 752//695 1723//695 751//101
f 752//695 753//696 1724//696 1723//695
f 753//696 754//697 1725//697 1724//696
f 754//697 110//102 755//102 1725//697
f 1725//697 755//102 756//102 1728//697
f 1728//697 756//102 757//102 1731//697
f 1731//697 757//102 106//102 730//697
f 1730//696 1731//697 730//697 729//696
f 1729//695 1730//696 729//696 728//695
f 749//101 1729//695 728//695 105//101
f 750//101 1726//695 1729//695 749//101
f 751//101 1723//695 1726//695 750//101
f 1732//701 1733//702 1736//702 1735//701
f 1733//702 1734//703 1737//703 1736//702
f 1735//701 1736//702 1739//702 1738//701
f 1736//702 1737//703 1740//703 1739//702
f 110//102 758//701 1732//701 755//102
f 758//701 759//702 1733//702 1732//701
f 759//702 760//703 1734//703 1733//702
f 760//703 111//103 761//103 1734//703
f 1734//703 761//103 762//103 1737//703
f 1737//703 762//103 763//103 1740//703
f 1740//703 763//103 107//103 736//703
f 1739//702 1740//703 736//703 735//702
f 1738//701 1739//702 735//702 734//701
f 757//102 1738//701 734//701 106//102
f 756//102 1735//701 1738//701 757//102
f 755//102 1732//701 1735//701 756//102
f 1741//707 1742//708 1745//708 1744//707
f 1742//708 1743//709 1746//709 1745//708
f 1744//707 1745//708 1748//708 1747//707
f 1745//708 1746//709 1749//709 1748//708
f 111//103 764//707 1741//707 761//103
f 764//707 765//708 1742//708 1741//707
f 765//708 766//709 1743//709 1742//708
f 766//709 112//104 767//104 1743//709
f 1743//709 767//104 768//104 1746//709
f 1746//709 768//104 769//104 1749//709
f 1749//709 769//104 108//104 742//709
f 1748//708 1749//709 742//709 741//708
f 1747//707 1748//708 741//708 740//707
f 763//103 1747//707 740//707 107//103
f 762//103 1744//707 1747//707 763//103
f 761//103 1741//707 1744//707 762//103
f 1750//713 1751//714 1754//714 1753//713
f 1751//714 1752//715 1755//715 1754//714
f 1753//713 1754//714 1757//714 1756//713
f 1754//714 1755//715 1758//715 1757//714
f 112//104 770//713 1750//713 767//104
f 770//713 771//714 1751//714 1750//713
f 771//714 772//715 1752//715 1751//714
f 772//715 109//101 751//101 1752//715
f 1752//715 751//101 750//101 1755//715
f 1755//715 750//101 749//101 1758//715
f 1758//715 749//101 105//101 748//715
f 1757//714 1758//715 748//715 747//714
f 1756//713 1757//714 747//714 746//713
f 769//104 1756//713 746//713 108//104
f 768//104 1753//713 1756//713 769//104
f 767//104 1750//713 1753//713 768//104
f 1759//1628 1760//1629 1763//1632 1762//1631
f 1760//1629 1761//1630 1764//1633 1763//1632
f 1762//1631 1763//1632 1766//1635 1765//1634
f 1763//1632 1764//1633 1767//1636 1766//1635
f 37//37 262//254 1759//1628 775//718
f 262//254 261//253 1760//1629 1759//1628
f 261//253 260//252 1761//1630 1760//1629
f 260//252 38//38 776//719 1761//1630
f 1761//1630 776//719 777//720 1764//1633
f 1764//1633 777//720 778//721 1767//1636
f 1767//1636 778//721 110//102 754//697
f 1766//1635 1767//1636 754//697 753//696
f 1765//1634 1766//1635 753//696 752//695
f 773//716 1765//1634 752//695 109//101
f 774//717 1762//1631 1765//1634 773//716
f 775//718 1759//1628 1762//1631 774//717
f 1768//1637 1769//1638 1772//1641 1771//1640
f 1769//1638 1770//1639 1773//1642 1772//1641
f 1771//1640 1772//1641 1775//1644 1774//1643
f 1772//1641 1773//1642 1776//1645 1775//1644
f 38//38 259//251 1768//1637 776//719
f 259//251 258//250 1769//1638 1768//1637
f 258//250 257//249 1770//1639 1769//1638
f 257//249 39//39 779//722 1770//1639
f 1770//1639 779//722 780//723 1773//1642
f 1773//1642 780//723 781//724 1776//1645
f 1776//1645 781//724 111//103 760//703
f 1775//1644 1776//1645 760//703 759//702
f 1774//1643 1775//1644 759//702 758//701
f 778//721 1774//1643 758//701 110//102
f 777//720 1771//1640 1774//1643 778//721
f 776//719 1768//1637 1771//1640 777//720
f 1777//1646 1778//1647 1781//1650 1780//1649
f 1778//1647 1779//1648 1782//1651 1781//1650
f 1780//1649 1781//1650 1784//1653 1783//1652
f 1781//1650 1782//1651 1785//1654 1784//1653
f 39//39 256//248 1777//1646 779//722
f 256//248 255//247 1778//1647 1777//1646
f 255//247 254//246 1779//1648 1778//1647
f 254//246 40//40 782//725 1779//1648
f 1779//1648 782//725 783//726 1782//1651
f 1782//1651 783//726 784//727 1785//1654
f 1785//1654 784//727 112//104 766//709
f 1784//1653 1785//1654 766//709 765//708
f 1783//1652 1784//1653 765//708 764//707
f 781//724 1783//1652 764//707 111//103
f 780//723 1780//1649 1783//1652 781//724
f 779//722 1777//1646 1780//1649 780//723
f 1786//1655 1787//1656 1790//1659 1789//1658
f 1787//1656 1788//1657 1791//1660 1790//1659
f 1789//1658 1790//1659 1793//1662 1792//1661
f 1790//1659 1791//1660 1794//1663 1793//1662
f 40//40 253//245 1786//1655 782//725
f 253//245 252//244 1787//1656 1786//1655
f 252//244 251//243 1788//1657 1787//1656
f 251//243 37//37 775//718 1788//1657
f 1788//1657 775//718 774//717 1791//1660
f 1791//1660 774//717 773//716 1794//1663
f 1794//1663 773//716 109//101 772//715
f 1793//1662 1794//1663 772//715 771//714
f 1792//1661 1793//1662 771//714 770//713
f 784//727 1792//1661 770//713 112//104
f 783//726 1789//1658 1792//1661 784//727
f 782//725 1786//1655 1789//1658 783//726
